<?xml version="1.0" encoding="UTF-8"?>
<ROOT xmlns="http://www.cdn.com.pl/optima/dokument"><DOKUMENT><NAGLOWEK><GENERATOR>Comarch Opt!ma</GENERATOR><TYP_DOKUMENTU>302</TYP_DOKUMENTU><RODZAJ_DOKUMENTU>302004</RODZAJ_DOKUMENTU><FV_MARZA>0</FV_MARZA><FV_MARZA_RODZAJ>0</FV_MARZA_RODZAJ><NUMER_PELNY>FA/110/2023</NUMER_PELNY><DATA_DOKUMENTU>2023-01-09</DATA_DOKUMENTU><DATA_WYSTAWIENIA>2023-01-09</DATA_WYSTAWIENIA><DATA_OPERACJI>2023-01-09</DATA_OPERACJI><TERMIN_ZWROTU_KAUCJI>2023-03-10</TERMIN_ZWROTU_KAUCJI><KOREKTA>0</KOREKTA><DETAL>0</DETAL><TYP_NETTO_BRUTTO>2</TYP_NETTO_BRUTTO><RABAT>5.00</RABAT><OPIS>Dok.: FA/110/2023 (Faktura sprzedaży z wygenerowanym WZ)</OPIS><PLATNIK><KOD>BRONEX</KOD><NIP_KRAJ/><NIP>8461125330</NIP><GLN/><NAZWA>FIRMA HANDLOWO USŁUGOWA  BRONEX BRONAKOWSKA AGNIESZKA  AGENT UBEZPIECZENIOWY</NAZWA><MPP>0</MPP><ADRES><KOD_POCZTOWY>16-300</KOD_POCZTOWY><MIASTO>AUGUSTÓW</MIASTO><ULICA>OSIEDLOWA 5/26</ULICA><KRAJ>Polska</KRAJ></ADRES></PLATNIK><ODBIORCA><KOD>BRONEX</KOD><NIP_KRAJ/><NIP>8461125330</NIP><GLN/><NAZWA>FIRMA HANDLOWO USŁUGOWA  BRONEX BRONAKOWSKA AGNIESZKA  AGENT UBEZPIECZENIOWY</NAZWA><ADRES><KOD_POCZTOWY>16-300</KOD_POCZTOWY><MIASTO>AUGUSTÓW</MIASTO><ULICA>OSIEDLOWA 5/26</ULICA><KRAJ>Polska</KRAJ></ADRES></ODBIORCA><SPRZEDAWCA><NIP_KRAJ>PL</NIP_KRAJ><NIP>546-000-03-17</NIP><GLN>0000000000000</GLN><NAZWA>P.H.U. "KROKUS" HURTOWNIA KWIATÓW LESZEK WOŁKOWICZ</NAZWA><ADRES><KOD_POCZTOWY>15-257</KOD_POCZTOWY><MIASTO>BIAŁYSTOK</MIASTO><ULICA>ul. A. MICKIEWICZA 95</ULICA><KRAJ>Polska</KRAJ></ADRES><NUMER_KONTA_BANKOWEGO>22-12405211-1111000049289196</NUMER_KONTA_BANKOWEGO><NAZWA_BANKU>BANK PEKAO SA</NAZWA_BANKU></SPRZEDAWCA><KATEGORIA><KOD/><OPIS/></KATEGORIA><PLATNOSC><FORMA>Karta</FORMA><TERMIN>2023-01-09</TERMIN><MPP>0</MPP></PLATNOSC><WALUTA><SYMBOL>PLN</SYMBOL><KURS_L>1.00</KURS_L><KURS_M>1</KURS_M><PLAT_WAL_OD_PLN>0</PLAT_WAL_OD_PLN><KURS_NUMER>3</KURS_NUMER><KURS_DATA>2023-01-09</KURS_DATA></WALUTA><KWOTY><RAZEM_NETTO_WAL>106.90</RAZEM_NETTO_WAL><RAZEM_NETTO>106.90</RAZEM_NETTO><RAZEM_BRUTTO>131.49</RAZEM_BRUTTO><RAZEM_VAT>24.59</RAZEM_VAT></KWOTY><MAGAZYN_ZRODLOWY>MAGAZYN</MAGAZYN_ZRODLOWY><MAGAZYN_DOCELOWY/><KAUCJE_PLATNOSCI>0</KAUCJE_PLATNOSCI><BLOKADA_PLATNOSCI>0</BLOKADA_PLATNOSCI><VAT_DLA_DOK_WAL>0</VAT_DLA_DOK_WAL><TRYB_NETTO_VAT>0</TRYB_NETTO_VAT><STATUS_PLATNIKA>0</STATUS_PLATNIKA><ROZLICZAM_PODATEK_W_OSS>0</ROZLICZAM_PODATEK_W_OSS></NAGLOWEK><POZYCJE><POZYCJA><LP>1</LP><TOWAR><KOD>801666</KOD><NAZWA>ŚWIECA STOŻEK - ECRU - 24cm (10szt)</NAZWA><OPIS/><EAN>5906927330204</EAN><SWW/><NUMER_KATALOGOWY/><MPP>0</MPP></TOWAR><STAWKA_VAT><STAWKA>23.00</STAWKA><FLAGA>2</FLAGA><ZRODLOWA>0.00</ZRODLOWA></STAWKA_VAT><CENY><CENAZCZTEREMAMIEJSCAMI>0</CENAZCZTEREMAMIEJSCAMI><POCZATKOWA_WAL_CENNIKA>17.4000</POCZATKOWA_WAL_CENNIKA><POCZATKOWA_WAL_DOKUMENTU>17.4000</POCZATKOWA_WAL_DOKUMENTU><PO_RABACIE_WAL_CENNIKA>16.5300</PO_RABACIE_WAL_CENNIKA><PO_RABACIE_PLN>16.5300</PO_RABACIE_PLN><PO_RABACIE_WAL_DOKUMENTU>16.5300</PO_RABACIE_WAL_DOKUMENTU></CENY><WALUTA><SYMBOL>PLN</SYMBOL><KURS_L>1.00</KURS_L><KURS_M>1</KURS_M></WALUTA><RABAT>5.00</RABAT><WARTOSC_NETTO>40.32</WARTOSC_NETTO><WARTOSC_BRUTTO>49.59</WARTOSC_BRUTTO><WARTOSC_NETTO_WAL>40.32</WARTOSC_NETTO_WAL><WARTOSC_BRUTTO_WAL>49.59</WARTOSC_BRUTTO_WAL><ILOSC>3.0000</ILOSC><JM>szt</JM><JM_CALKOWITE>0.00</JM_CALKOWITE><JM_ZLOZONA><JMZ>szt</JMZ><JM_PRZELICZNIK_L>1.00</JM_PRZELICZNIK_L><JM_PRZELICZNIK_M>1</JM_PRZELICZNIK_M></JM_ZLOZONA></POZYCJA><POZYCJA><LP>2</LP><TOWAR><KOD>803592</KOD><NAZWA>ŚWIECA STOŁOWA A6</NAZWA><OPIS/><EAN>5906927041384</EAN><SWW/><NUMER_KATALOGOWY/><MPP>0</MPP></TOWAR><STAWKA_VAT><STAWKA>23.00</STAWKA><FLAGA>2</FLAGA><ZRODLOWA>0.00</ZRODLOWA></STAWKA_VAT><CENY><CENAZCZTEREMAMIEJSCAMI>0</CENAZCZTEREMAMIEJSCAMI><POCZATKOWA_WAL_CENNIKA>8.6000</POCZATKOWA_WAL_CENNIKA><POCZATKOWA_WAL_DOKUMENTU>8.6000</POCZATKOWA_WAL_DOKUMENTU><PO_RABACIE_WAL_CENNIKA>8.1700</PO_RABACIE_WAL_CENNIKA><PO_RABACIE_PLN>8.1700</PO_RABACIE_PLN><PO_RABACIE_WAL_DOKUMENTU>8.1700</PO_RABACIE_WAL_DOKUMENTU></CENY><WALUTA><SYMBOL>PLN</SYMBOL><KURS_L>1.00</KURS_L><KURS_M>1</KURS_M></WALUTA><RABAT>5.00</RABAT><WARTOSC_NETTO>53.14</WARTOSC_NETTO><WARTOSC_BRUTTO>65.36</WARTOSC_BRUTTO><WARTOSC_NETTO_WAL>53.14</WARTOSC_NETTO_WAL><WARTOSC_BRUTTO_WAL>65.36</WARTOSC_BRUTTO_WAL><ILOSC>8.0000</ILOSC><JM>op.</JM><JM_CALKOWITE>0.00</JM_CALKOWITE><JM_ZLOZONA><JMZ>op.</JMZ><JM_PRZELICZNIK_L>1.00</JM_PRZELICZNIK_L><JM_PRZELICZNIK_M>1</JM_PRZELICZNIK_M></JM_ZLOZONA></POZYCJA><POZYCJA><LP>3</LP><TOWAR><KOD>401099</KOD><NAZWA>TAŚMA MASKUJĄCA ZIELONA - 25mm x 30m</NAZWA><OPIS/><EAN>401099</EAN><SWW/><NUMER_KATALOGOWY/><MPP>0</MPP></TOWAR><STAWKA_VAT><STAWKA>23.00</STAWKA><FLAGA>2</FLAGA><ZRODLOWA>0.00</ZRODLOWA></STAWKA_VAT><CENY><CENAZCZTEREMAMIEJSCAMI>0</CENAZCZTEREMAMIEJSCAMI><POCZATKOWA_WAL_CENNIKA>8.7000</POCZATKOWA_WAL_CENNIKA><POCZATKOWA_WAL_DOKUMENTU>8.7000</POCZATKOWA_WAL_DOKUMENTU><PO_RABACIE_WAL_CENNIKA>8.2700</PO_RABACIE_WAL_CENNIKA><PO_RABACIE_PLN>8.2700</PO_RABACIE_PLN><PO_RABACIE_WAL_DOKUMENTU>8.2700</PO_RABACIE_WAL_DOKUMENTU></CENY><WALUTA><SYMBOL>PLN</SYMBOL><KURS_L>1.00</KURS_L><KURS_M>1</KURS_M></WALUTA><RABAT>5.00</RABAT><WARTOSC_NETTO>13.45</WARTOSC_NETTO><WARTOSC_BRUTTO>16.54</WARTOSC_BRUTTO><WARTOSC_NETTO_WAL>13.45</WARTOSC_NETTO_WAL><WARTOSC_BRUTTO_WAL>16.54</WARTOSC_BRUTTO_WAL><ILOSC>2.0000</ILOSC><JM>szt</JM><JM_CALKOWITE>0.00</JM_CALKOWITE><JM_ZLOZONA><JMZ>szt</JMZ><JM_PRZELICZNIK_L>1.00</JM_PRZELICZNIK_L><JM_PRZELICZNIK_M>1</JM_PRZELICZNIK_M></JM_ZLOZONA></POZYCJA></POZYCJE><KAUCJE/><PLATNOSCI><PLATNOSC><FORMA>Karta</FORMA><TERMIN>2023-01-09</TERMIN><KWOTA>131.49</KWOTA><KWOTA_W_WAL_SYSTEMOWEJ>131.49</KWOTA_W_WAL_SYSTEMOWEJ><WALUTA><SYMBOL/><KURS_L>1.00</KURS_L><KURS_M>1</KURS_M></WALUTA></PLATNOSC></PLATNOSCI><PLATNOSCI_KAUCJE/><TABELKA_VAT><LINIA_VAT><STAWKA_VAT><STAWKA>23.00</STAWKA><FLAGA>2</FLAGA><ZRODLOWA>0.00</ZRODLOWA></STAWKA_VAT><NETTO>106.90</NETTO><VAT>24.59</VAT><BRUTTO>131.49</BRUTTO><NETTO_WAL>106.90</NETTO_WAL><VAT_WAL>24.59</VAT_WAL><BRUTTO_WAL>131.49</BRUTTO_WAL></LINIA_VAT></TABELKA_VAT><ATRYBUTY/></DOKUMENT></ROOT>
