<?xml version="1.0" encoding="UTF-8"?>
<ROOT xmlns="http://www.cdn.com.pl/optima/dokument"><DOKUMENT><NAGLOWEK><GENERATOR>Comarch Opt!ma</GENERATOR><TYP_DOKUMENTU>302</TYP_DOKUMENTU><RODZAJ_DOKUMENTU>302004</RODZAJ_DOKUMENTU><FV_MARZA>0</FV_MARZA><FV_MARZA_RODZAJ>0</FV_MARZA_RODZAJ><NUMER_PELNY>FA/121/2023</NUMER_PELNY><DATA_DOKUMENTU>2023-01-09</DATA_DOKUMENTU><DATA_WYSTAWIENIA>2023-01-09</DATA_WYSTAWIENIA><DATA_OPERACJI>2023-01-09</DATA_OPERACJI><TERMIN_ZWROTU_KAUCJI>2023-03-10</TERMIN_ZWROTU_KAUCJI><KOREKTA>0</KOREKTA><DETAL>0</DETAL><TYP_NETTO_BRUTTO>2</TYP_NETTO_BRUTTO><RABAT>0.00</RABAT><OPIS>Dok.: FA/121/2023 (Faktura sprzedaży z wygenerowanym WZ)</OPIS><PLATNIK><KOD>IMEX</KOD><NIP_KRAJ/><NIP>9662086494</NIP><GLN/><NAZWA>IMEX POL STANISLAU KHALIAVA</NAZWA><MPP>0</MPP><ADRES><KOD_POCZTOWY>15-237</KOD_POCZTOWY><MIASTO>Białystok</MIASTO><ULICA>ul. Adama Mickiewicza 80/2</ULICA><KRAJ>Polska</KRAJ></ADRES></PLATNIK><ODBIORCA><KOD>IMEX</KOD><NIP_KRAJ/><NIP>9662086494</NIP><GLN/><NAZWA>IMEX POL STANISLAU KHALIAVA</NAZWA><ADRES><KOD_POCZTOWY>15-237</KOD_POCZTOWY><MIASTO>Białystok</MIASTO><ULICA>ul. Adama Mickiewicza 80/2</ULICA><KRAJ>Polska</KRAJ></ADRES></ODBIORCA><SPRZEDAWCA><NIP_KRAJ>PL</NIP_KRAJ><NIP>546-000-03-17</NIP><GLN>0000000000000</GLN><NAZWA>P.H.U. "KROKUS" HURTOWNIA KWIATÓW LESZEK WOŁKOWICZ</NAZWA><ADRES><KOD_POCZTOWY>15-257</KOD_POCZTOWY><MIASTO>BIAŁYSTOK</MIASTO><ULICA>ul. A. MICKIEWICZA 95</ULICA><KRAJ>Polska</KRAJ></ADRES><NUMER_KONTA_BANKOWEGO>22-12405211-1111000049289196</NUMER_KONTA_BANKOWEGO><NAZWA_BANKU>BANK PEKAO SA</NAZWA_BANKU></SPRZEDAWCA><KATEGORIA><KOD/><OPIS/></KATEGORIA><PLATNOSC><FORMA>Karta</FORMA><TERMIN>2023-01-09</TERMIN><MPP>0</MPP></PLATNOSC><WALUTA><SYMBOL>PLN</SYMBOL><KURS_L>1.00</KURS_L><KURS_M>1</KURS_M><PLAT_WAL_OD_PLN>0</PLAT_WAL_OD_PLN><KURS_NUMER>3</KURS_NUMER><KURS_DATA>2023-01-09</KURS_DATA></WALUTA><KWOTY><RAZEM_NETTO_WAL>170.24</RAZEM_NETTO_WAL><RAZEM_NETTO>170.24</RAZEM_NETTO><RAZEM_BRUTTO>209.40</RAZEM_BRUTTO><RAZEM_VAT>39.16</RAZEM_VAT></KWOTY><MAGAZYN_ZRODLOWY>MAGAZYN</MAGAZYN_ZRODLOWY><MAGAZYN_DOCELOWY/><KAUCJE_PLATNOSCI>0</KAUCJE_PLATNOSCI><BLOKADA_PLATNOSCI>0</BLOKADA_PLATNOSCI><VAT_DLA_DOK_WAL>0</VAT_DLA_DOK_WAL><TRYB_NETTO_VAT>0</TRYB_NETTO_VAT><STATUS_PLATNIKA>0</STATUS_PLATNIKA><ROZLICZAM_PODATEK_W_OSS>0</ROZLICZAM_PODATEK_W_OSS></NAGLOWEK><POZYCJE><POZYCJA><LP>1</LP><TOWAR><KOD>611413</KOD><NAZWA>FLORALIFE QUICK DIP 1 L</NAZWA><OPIS/><EAN>5414466102058</EAN><SWW/><NUMER_KATALOGOWY/><MPP>0</MPP></TOWAR><STAWKA_VAT><STAWKA>23.00</STAWKA><FLAGA>2</FLAGA><ZRODLOWA>0.00</ZRODLOWA></STAWKA_VAT><CENY><CENAZCZTEREMAMIEJSCAMI>0</CENAZCZTEREMAMIEJSCAMI><POCZATKOWA_WAL_CENNIKA>56.0000</POCZATKOWA_WAL_CENNIKA><POCZATKOWA_WAL_DOKUMENTU>56.0000</POCZATKOWA_WAL_DOKUMENTU><PO_RABACIE_WAL_CENNIKA>56.0000</PO_RABACIE_WAL_CENNIKA><PO_RABACIE_PLN>56.0000</PO_RABACIE_PLN><PO_RABACIE_WAL_DOKUMENTU>56.0000</PO_RABACIE_WAL_DOKUMENTU></CENY><WALUTA><SYMBOL>PLN</SYMBOL><KURS_L>1.00</KURS_L><KURS_M>1</KURS_M></WALUTA><RABAT>0.00</RABAT><WARTOSC_NETTO>45.53</WARTOSC_NETTO><WARTOSC_BRUTTO>56.00</WARTOSC_BRUTTO><WARTOSC_NETTO_WAL>45.53</WARTOSC_NETTO_WAL><WARTOSC_BRUTTO_WAL>56.00</WARTOSC_BRUTTO_WAL><ILOSC>1.0000</ILOSC><JM>szt.</JM><JM_CALKOWITE>0.00</JM_CALKOWITE><JM_ZLOZONA><JMZ>szt.</JMZ><JM_PRZELICZNIK_L>1.00</JM_PRZELICZNIK_L><JM_PRZELICZNIK_M>1</JM_PRZELICZNIK_M></JM_ZLOZONA></POZYCJA><POZYCJA><LP>2</LP><TOWAR><KOD>401110</KOD><NAZWA>FLORALIFE OASIS - ODŻYWKA DLA KWIATÓW CIĘTYCH - 5g</NAZWA><OPIS/><EAN>5414466101402</EAN><SWW/><NUMER_KATALOGOWY/><MPP>0</MPP></TOWAR><STAWKA_VAT><STAWKA>23.00</STAWKA><FLAGA>2</FLAGA><ZRODLOWA>0.00</ZRODLOWA></STAWKA_VAT><CENY><CENAZCZTEREMAMIEJSCAMI>0</CENAZCZTEREMAMIEJSCAMI><POCZATKOWA_WAL_CENNIKA>0.2000</POCZATKOWA_WAL_CENNIKA><POCZATKOWA_WAL_DOKUMENTU>0.2000</POCZATKOWA_WAL_DOKUMENTU><PO_RABACIE_WAL_CENNIKA>0.2000</PO_RABACIE_WAL_CENNIKA><PO_RABACIE_PLN>0.2000</PO_RABACIE_PLN><PO_RABACIE_WAL_DOKUMENTU>0.2000</PO_RABACIE_WAL_DOKUMENTU></CENY><WALUTA><SYMBOL>PLN</SYMBOL><KURS_L>1.00</KURS_L><KURS_M>1</KURS_M></WALUTA><RABAT>0.00</RABAT><WARTOSC_NETTO>32.52</WARTOSC_NETTO><WARTOSC_BRUTTO>40.00</WARTOSC_BRUTTO><WARTOSC_NETTO_WAL>32.52</WARTOSC_NETTO_WAL><WARTOSC_BRUTTO_WAL>40.00</WARTOSC_BRUTTO_WAL><ILOSC>200.0000</ILOSC><JM>szt</JM><JM_CALKOWITE>0.00</JM_CALKOWITE><JM_ZLOZONA><JMZ>szt</JMZ><JM_PRZELICZNIK_L>1.00</JM_PRZELICZNIK_L><JM_PRZELICZNIK_M>1</JM_PRZELICZNIK_M></JM_ZLOZONA></POZYCJA><POZYCJA><LP>3</LP><TOWAR><KOD>402048</KOD><NAZWA>OASIA FARBA WODNA PINK 400ML</NAZWA><OPIS/><EAN>4000510937502</EAN><SWW/><NUMER_KATALOGOWY/><MPP>0</MPP></TOWAR><STAWKA_VAT><STAWKA>23.00</STAWKA><FLAGA>2</FLAGA><ZRODLOWA>0.00</ZRODLOWA></STAWKA_VAT><CENY><CENAZCZTEREMAMIEJSCAMI>0</CENAZCZTEREMAMIEJSCAMI><POCZATKOWA_WAL_CENNIKA>42.0000</POCZATKOWA_WAL_CENNIKA><POCZATKOWA_WAL_DOKUMENTU>42.0000</POCZATKOWA_WAL_DOKUMENTU><PO_RABACIE_WAL_CENNIKA>42.0000</PO_RABACIE_WAL_CENNIKA><PO_RABACIE_PLN>42.0000</PO_RABACIE_PLN><PO_RABACIE_WAL_DOKUMENTU>42.0000</PO_RABACIE_WAL_DOKUMENTU></CENY><WALUTA><SYMBOL>PLN</SYMBOL><KURS_L>1.00</KURS_L><KURS_M>1</KURS_M></WALUTA><RABAT>0.00</RABAT><WARTOSC_NETTO>34.15</WARTOSC_NETTO><WARTOSC_BRUTTO>42.00</WARTOSC_BRUTTO><WARTOSC_NETTO_WAL>34.15</WARTOSC_NETTO_WAL><WARTOSC_BRUTTO_WAL>42.00</WARTOSC_BRUTTO_WAL><ILOSC>1.0000</ILOSC><JM>szt</JM><JM_CALKOWITE>0.00</JM_CALKOWITE><JM_ZLOZONA><JMZ>szt</JMZ><JM_PRZELICZNIK_L>1.00</JM_PRZELICZNIK_L><JM_PRZELICZNIK_M>1</JM_PRZELICZNIK_M></JM_ZLOZONA></POZYCJA><POZYCJA><LP>4</LP><TOWAR><KOD>402066</KOD><NAZWA>FARBA W SPRAYU DO KWIATÓW - BABY PINK - 400ml</NAZWA><OPIS/><EAN>4000510936628</EAN><SWW/><NUMER_KATALOGOWY/><MPP>0</MPP></TOWAR><STAWKA_VAT><STAWKA>23.00</STAWKA><FLAGA>2</FLAGA><ZRODLOWA>0.00</ZRODLOWA></STAWKA_VAT><CENY><CENAZCZTEREMAMIEJSCAMI>0</CENAZCZTEREMAMIEJSCAMI><POCZATKOWA_WAL_CENNIKA>29.4000</POCZATKOWA_WAL_CENNIKA><POCZATKOWA_WAL_DOKUMENTU>29.4000</POCZATKOWA_WAL_DOKUMENTU><PO_RABACIE_WAL_CENNIKA>29.4000</PO_RABACIE_WAL_CENNIKA><PO_RABACIE_PLN>29.4000</PO_RABACIE_PLN><PO_RABACIE_WAL_DOKUMENTU>29.4000</PO_RABACIE_WAL_DOKUMENTU></CENY><WALUTA><SYMBOL>PLN</SYMBOL><KURS_L>1.00</KURS_L><KURS_M>1</KURS_M></WALUTA><RABAT>0.00</RABAT><WARTOSC_NETTO>23.90</WARTOSC_NETTO><WARTOSC_BRUTTO>29.40</WARTOSC_BRUTTO><WARTOSC_NETTO_WAL>23.90</WARTOSC_NETTO_WAL><WARTOSC_BRUTTO_WAL>29.40</WARTOSC_BRUTTO_WAL><ILOSC>1.0000</ILOSC><JM>szt.</JM><JM_CALKOWITE>0.00</JM_CALKOWITE><JM_ZLOZONA><JMZ>szt.</JMZ><JM_PRZELICZNIK_L>1.00</JM_PRZELICZNIK_L><JM_PRZELICZNIK_M>1</JM_PRZELICZNIK_M></JM_ZLOZONA></POZYCJA><POZYCJA><LP>5</LP><TOWAR><KOD>402074</KOD><NAZWA>OASIS FARBA AQUA 400ML.BIAŁA</NAZWA><OPIS/><EAN>4000510937175</EAN><SWW/><NUMER_KATALOGOWY/><MPP>0</MPP></TOWAR><STAWKA_VAT><STAWKA>23.00</STAWKA><FLAGA>2</FLAGA><ZRODLOWA>0.00</ZRODLOWA></STAWKA_VAT><CENY><CENAZCZTEREMAMIEJSCAMI>0</CENAZCZTEREMAMIEJSCAMI><POCZATKOWA_WAL_CENNIKA>42.0000</POCZATKOWA_WAL_CENNIKA><POCZATKOWA_WAL_DOKUMENTU>42.0000</POCZATKOWA_WAL_DOKUMENTU><PO_RABACIE_WAL_CENNIKA>42.0000</PO_RABACIE_WAL_CENNIKA><PO_RABACIE_PLN>42.0000</PO_RABACIE_PLN><PO_RABACIE_WAL_DOKUMENTU>42.0000</PO_RABACIE_WAL_DOKUMENTU></CENY><WALUTA><SYMBOL>PLN</SYMBOL><KURS_L>1.00</KURS_L><KURS_M>1</KURS_M></WALUTA><RABAT>0.00</RABAT><WARTOSC_NETTO>34.15</WARTOSC_NETTO><WARTOSC_BRUTTO>42.00</WARTOSC_BRUTTO><WARTOSC_NETTO_WAL>34.15</WARTOSC_NETTO_WAL><WARTOSC_BRUTTO_WAL>42.00</WARTOSC_BRUTTO_WAL><ILOSC>1.0000</ILOSC><JM>szt</JM><JM_CALKOWITE>0.00</JM_CALKOWITE><JM_ZLOZONA><JMZ>szt</JMZ><JM_PRZELICZNIK_L>1.00</JM_PRZELICZNIK_L><JM_PRZELICZNIK_M>1</JM_PRZELICZNIK_M></JM_ZLOZONA></POZYCJA></POZYCJE><KAUCJE/><PLATNOSCI><PLATNOSC><FORMA>Karta</FORMA><TERMIN>2023-01-09</TERMIN><KWOTA>209.40</KWOTA><KWOTA_W_WAL_SYSTEMOWEJ>209.40</KWOTA_W_WAL_SYSTEMOWEJ><WALUTA><SYMBOL/><KURS_L>1.00</KURS_L><KURS_M>1</KURS_M></WALUTA></PLATNOSC></PLATNOSCI><PLATNOSCI_KAUCJE/><TABELKA_VAT><LINIA_VAT><STAWKA_VAT><STAWKA>23.00</STAWKA><FLAGA>2</FLAGA><ZRODLOWA>0.00</ZRODLOWA></STAWKA_VAT><NETTO>170.24</NETTO><VAT>39.16</VAT><BRUTTO>209.40</BRUTTO><NETTO_WAL>170.24</NETTO_WAL><VAT_WAL>39.16</VAT_WAL><BRUTTO_WAL>209.40</BRUTTO_WAL></LINIA_VAT></TABELKA_VAT><ATRYBUTY/></DOKUMENT></ROOT>
