<?xml version="1.0" encoding="UTF-8"?>
<ROOT xmlns="http://www.cdn.com.pl/optima/dokument"><DOKUMENT><NAGLOWEK><GENERATOR>Comarch Opt!ma</GENERATOR><TYP_DOKUMENTU>302</TYP_DOKUMENTU><RODZAJ_DOKUMENTU>302004</RODZAJ_DOKUMENTU><FV_MARZA>0</FV_MARZA><FV_MARZA_RODZAJ>0</FV_MARZA_RODZAJ><NUMER_PELNY>FA/135/2023</NUMER_PELNY><DATA_DOKUMENTU>2023-01-10</DATA_DOKUMENTU><DATA_WYSTAWIENIA>2023-01-10</DATA_WYSTAWIENIA><DATA_OPERACJI>2023-01-10</DATA_OPERACJI><TERMIN_ZWROTU_KAUCJI>2023-03-11</TERMIN_ZWROTU_KAUCJI><KOREKTA>0</KOREKTA><DETAL>0</DETAL><TYP_NETTO_BRUTTO>2</TYP_NETTO_BRUTTO><RABAT>8.02</RABAT><OPIS>Dok.: FA/135/2023 (Faktura sprzedaży z wygenerowanym WZ)</OPIS><PLATNIK><KOD>PSS</KOD><NIP_KRAJ>PL</NIP_KRAJ><NIP>5420000771</NIP><GLN/><NAZWA>P.S.S."SPOŁEM" W BIAŁYMSTOKU</NAZWA><MPP>0</MPP><ADRES><KOD_POCZTOWY>15-950</KOD_POCZTOWY><MIASTO>BIAŁYSTOK</MIASTO><ULICA>ul.RYNEK KOŚCIUSZKI 15</ULICA><KRAJ>Polska</KRAJ></ADRES></PLATNIK><ODBIORCA><KOD>PSS 44 WYSZYŃSKIEGO6</KOD><NIP_KRAJ>PL</NIP_KRAJ><NIP>5420000771</NIP><GLN/><NAZWA>PSS SPOŁEM  W BIAŁYMSTOKU SKLEP nr 44 KOMETA</NAZWA><ADRES><KOD_POCZTOWY>15-950</KOD_POCZTOWY><MIASTO>BIAŁYSTOK</MIASTO><ULICA>ul.RYNEK KOŚCIUSZKI 15</ULICA><KRAJ>Polska</KRAJ></ADRES></ODBIORCA><SPRZEDAWCA><NIP_KRAJ>PL</NIP_KRAJ><NIP>546-000-03-17</NIP><GLN>0000000000000</GLN><NAZWA>P.H.U. "KROKUS" HURTOWNIA KWIATÓW LESZEK WOŁKOWICZ</NAZWA><ADRES><KOD_POCZTOWY>15-257</KOD_POCZTOWY><MIASTO>BIAŁYSTOK</MIASTO><ULICA>ul. A. MICKIEWICZA 95</ULICA><KRAJ>Polska</KRAJ></ADRES><NUMER_KONTA_BANKOWEGO>22-12405211-1111000049289196</NUMER_KONTA_BANKOWEGO><NAZWA_BANKU>BANK PEKAO SA</NAZWA_BANKU></SPRZEDAWCA><KATEGORIA><KOD/><OPIS/></KATEGORIA><PLATNOSC><FORMA>przelew</FORMA><TERMIN>2023-02-24</TERMIN><MPP>0</MPP></PLATNOSC><WALUTA><SYMBOL>PLN</SYMBOL><KURS_L>1.00</KURS_L><KURS_M>1</KURS_M><PLAT_WAL_OD_PLN>0</PLAT_WAL_OD_PLN><KURS_NUMER>3</KURS_NUMER><KURS_DATA>2023-01-10</KURS_DATA></WALUTA><KWOTY><RAZEM_NETTO_WAL>712.48</RAZEM_NETTO_WAL><RAZEM_NETTO>712.48</RAZEM_NETTO><RAZEM_BRUTTO>870.76</RAZEM_BRUTTO><RAZEM_VAT>158.28</RAZEM_VAT></KWOTY><MAGAZYN_ZRODLOWY>MAGAZYN</MAGAZYN_ZRODLOWY><MAGAZYN_DOCELOWY/><KAUCJE_PLATNOSCI>0</KAUCJE_PLATNOSCI><BLOKADA_PLATNOSCI>0</BLOKADA_PLATNOSCI><VAT_DLA_DOK_WAL>0</VAT_DLA_DOK_WAL><TRYB_NETTO_VAT>0</TRYB_NETTO_VAT><STATUS_PLATNIKA>0</STATUS_PLATNIKA><ROZLICZAM_PODATEK_W_OSS>0</ROZLICZAM_PODATEK_W_OSS></NAGLOWEK><POZYCJE><POZYCJA><LP>1</LP><TOWAR><KOD>903658</KOD><NAZWA>KUBEK PREMIUM</NAZWA><OPIS/><EAN>5901924432289</EAN><SWW/><NUMER_KATALOGOWY/><MPP>0</MPP></TOWAR><STAWKA_VAT><STAWKA>23.00</STAWKA><FLAGA>2</FLAGA><ZRODLOWA>0.00</ZRODLOWA></STAWKA_VAT><CENY><CENAZCZTEREMAMIEJSCAMI>0</CENAZCZTEREMAMIEJSCAMI><POCZATKOWA_WAL_CENNIKA>18.1000</POCZATKOWA_WAL_CENNIKA><POCZATKOWA_WAL_DOKUMENTU>18.1000</POCZATKOWA_WAL_DOKUMENTU><PO_RABACIE_WAL_CENNIKA>16.6500</PO_RABACIE_WAL_CENNIKA><PO_RABACIE_PLN>16.6500</PO_RABACIE_PLN><PO_RABACIE_WAL_DOKUMENTU>16.6500</PO_RABACIE_WAL_DOKUMENTU></CENY><WALUTA><SYMBOL>PLN</SYMBOL><KURS_L>1.00</KURS_L><KURS_M>1</KURS_M></WALUTA><RABAT>8.00</RABAT><WARTOSC_NETTO>148.90</WARTOSC_NETTO><WARTOSC_BRUTTO>183.15</WARTOSC_BRUTTO><WARTOSC_NETTO_WAL>148.90</WARTOSC_NETTO_WAL><WARTOSC_BRUTTO_WAL>183.15</WARTOSC_BRUTTO_WAL><ILOSC>11.0000</ILOSC><JM>szt</JM><JM_CALKOWITE>0.00</JM_CALKOWITE><JM_ZLOZONA><JMZ>szt</JMZ><JM_PRZELICZNIK_L>1.00</JM_PRZELICZNIK_L><JM_PRZELICZNIK_M>1</JM_PRZELICZNIK_M></JM_ZLOZONA></POZYCJA><POZYCJA><LP>2</LP><TOWAR><KOD>666289</KOD><NAZWA>DZIEŃ BABCI 2023 - KUBEK BARYŁKA 300ML - NAJLEPSZA BABCIA NA ŚWIECIE</NAZWA><OPIS/><EAN>5904405106303</EAN><SWW/><NUMER_KATALOGOWY/><MPP>0</MPP></TOWAR><STAWKA_VAT><STAWKA>23.00</STAWKA><FLAGA>2</FLAGA><ZRODLOWA>0.00</ZRODLOWA></STAWKA_VAT><CENY><CENAZCZTEREMAMIEJSCAMI>0</CENAZCZTEREMAMIEJSCAMI><POCZATKOWA_WAL_CENNIKA>18.1000</POCZATKOWA_WAL_CENNIKA><POCZATKOWA_WAL_DOKUMENTU>18.1000</POCZATKOWA_WAL_DOKUMENTU><PO_RABACIE_WAL_CENNIKA>16.6500</PO_RABACIE_WAL_CENNIKA><PO_RABACIE_PLN>16.6500</PO_RABACIE_PLN><PO_RABACIE_WAL_DOKUMENTU>16.6500</PO_RABACIE_WAL_DOKUMENTU></CENY><WALUTA><SYMBOL>PLN</SYMBOL><KURS_L>1.00</KURS_L><KURS_M>1</KURS_M></WALUTA><RABAT>8.00</RABAT><WARTOSC_NETTO>27.07</WARTOSC_NETTO><WARTOSC_BRUTTO>33.30</WARTOSC_BRUTTO><WARTOSC_NETTO_WAL>27.07</WARTOSC_NETTO_WAL><WARTOSC_BRUTTO_WAL>33.30</WARTOSC_BRUTTO_WAL><ILOSC>2.0000</ILOSC><JM>szt.</JM><JM_CALKOWITE>0.00</JM_CALKOWITE><JM_ZLOZONA><JMZ>szt.</JMZ><JM_PRZELICZNIK_L>1.00</JM_PRZELICZNIK_L><JM_PRZELICZNIK_M>1</JM_PRZELICZNIK_M></JM_ZLOZONA></POZYCJA><POZYCJA><LP>3</LP><TOWAR><KOD>901460</KOD><NAZWA>HERBATY - 50 gr</NAZWA><OPIS/><EAN>5907511305158</EAN><SWW/><NUMER_KATALOGOWY/><MPP>0</MPP></TOWAR><STAWKA_VAT><STAWKA>23.00</STAWKA><FLAGA>2</FLAGA><ZRODLOWA>0.00</ZRODLOWA></STAWKA_VAT><CENY><CENAZCZTEREMAMIEJSCAMI>0</CENAZCZTEREMAMIEJSCAMI><POCZATKOWA_WAL_CENNIKA>11.6000</POCZATKOWA_WAL_CENNIKA><POCZATKOWA_WAL_DOKUMENTU>11.6000</POCZATKOWA_WAL_DOKUMENTU><PO_RABACIE_WAL_CENNIKA>10.6700</PO_RABACIE_WAL_CENNIKA><PO_RABACIE_PLN>10.6700</PO_RABACIE_PLN><PO_RABACIE_WAL_DOKUMENTU>10.6700</PO_RABACIE_WAL_DOKUMENTU></CENY><WALUTA><SYMBOL>PLN</SYMBOL><KURS_L>1.00</KURS_L><KURS_M>1</KURS_M></WALUTA><RABAT>8.00</RABAT><WARTOSC_NETTO>43.37</WARTOSC_NETTO><WARTOSC_BRUTTO>53.35</WARTOSC_BRUTTO><WARTOSC_NETTO_WAL>43.37</WARTOSC_NETTO_WAL><WARTOSC_BRUTTO_WAL>53.35</WARTOSC_BRUTTO_WAL><ILOSC>5.0000</ILOSC><JM>op.</JM><JM_CALKOWITE>0.00</JM_CALKOWITE><JM_ZLOZONA><JMZ>op.</JMZ><JM_PRZELICZNIK_L>1.00</JM_PRZELICZNIK_L><JM_PRZELICZNIK_M>1</JM_PRZELICZNIK_M></JM_ZLOZONA></POZYCJA><POZYCJA><LP>4</LP><TOWAR><KOD>506884</KOD><NAZWA>SERCE MINI </NAZWA><OPIS/><EAN>5901500232241</EAN><SWW/><NUMER_KATALOGOWY/><MPP>0</MPP></TOWAR><STAWKA_VAT><STAWKA>23.00</STAWKA><FLAGA>2</FLAGA><ZRODLOWA>0.00</ZRODLOWA></STAWKA_VAT><CENY><CENAZCZTEREMAMIEJSCAMI>0</CENAZCZTEREMAMIEJSCAMI><POCZATKOWA_WAL_CENNIKA>5.0000</POCZATKOWA_WAL_CENNIKA><POCZATKOWA_WAL_DOKUMENTU>5.0000</POCZATKOWA_WAL_DOKUMENTU><PO_RABACIE_WAL_CENNIKA>4.6000</PO_RABACIE_WAL_CENNIKA><PO_RABACIE_PLN>4.6000</PO_RABACIE_PLN><PO_RABACIE_WAL_DOKUMENTU>4.6000</PO_RABACIE_WAL_DOKUMENTU></CENY><WALUTA><SYMBOL>PLN</SYMBOL><KURS_L>1.00</KURS_L><KURS_M>1</KURS_M></WALUTA><RABAT>8.00</RABAT><WARTOSC_NETTO>74.80</WARTOSC_NETTO><WARTOSC_BRUTTO>92.00</WARTOSC_BRUTTO><WARTOSC_NETTO_WAL>74.80</WARTOSC_NETTO_WAL><WARTOSC_BRUTTO_WAL>92.00</WARTOSC_BRUTTO_WAL><ILOSC>20.0000</ILOSC><JM>szt.</JM><JM_CALKOWITE>0.00</JM_CALKOWITE><JM_ZLOZONA><JMZ>szt.</JMZ><JM_PRZELICZNIK_L>1.00</JM_PRZELICZNIK_L><JM_PRZELICZNIK_M>1</JM_PRZELICZNIK_M></JM_ZLOZONA></POZYCJA><POZYCJA><LP>5</LP><TOWAR><KOD>301012</KOD><NAZWA>HUMVIT EKO UNIWERSALNY - 1l.</NAZWA><OPIS/><EAN>5904362003158</EAN><SWW/><NUMER_KATALOGOWY/><MPP>0</MPP></TOWAR><STAWKA_VAT><STAWKA>8.00</STAWKA><FLAGA>2</FLAGA><ZRODLOWA>0.00</ZRODLOWA></STAWKA_VAT><CENY><CENAZCZTEREMAMIEJSCAMI>0</CENAZCZTEREMAMIEJSCAMI><POCZATKOWA_WAL_CENNIKA>7.3000</POCZATKOWA_WAL_CENNIKA><POCZATKOWA_WAL_DOKUMENTU>7.3000</POCZATKOWA_WAL_DOKUMENTU><PO_RABACIE_WAL_CENNIKA>6.7200</PO_RABACIE_WAL_CENNIKA><PO_RABACIE_PLN>6.7200</PO_RABACIE_PLN><PO_RABACIE_WAL_DOKUMENTU>6.7200</PO_RABACIE_WAL_DOKUMENTU></CENY><WALUTA><SYMBOL>PLN</SYMBOL><KURS_L>1.00</KURS_L><KURS_M>1</KURS_M></WALUTA><RABAT>8.00</RABAT><WARTOSC_NETTO>37.33</WARTOSC_NETTO><WARTOSC_BRUTTO>40.32</WARTOSC_BRUTTO><WARTOSC_NETTO_WAL>37.33</WARTOSC_NETTO_WAL><WARTOSC_BRUTTO_WAL>40.32</WARTOSC_BRUTTO_WAL><ILOSC>6.0000</ILOSC><JM>szt</JM><JM_CALKOWITE>0.00</JM_CALKOWITE><JM_ZLOZONA><JMZ>szt</JMZ><JM_PRZELICZNIK_L>1.00</JM_PRZELICZNIK_L><JM_PRZELICZNIK_M>1</JM_PRZELICZNIK_M></JM_ZLOZONA></POZYCJA><POZYCJA><LP>6</LP><TOWAR><KOD>666017</KOD><NAZWA>SUBSTRAT DOS TORCZYKA 4L + DONICZKA</NAZWA><OPIS/><EAN>5903631201875</EAN><SWW/><NUMER_KATALOGOWY/><MPP>0</MPP></TOWAR><STAWKA_VAT><STAWKA>23.00</STAWKA><FLAGA>2</FLAGA><ZRODLOWA>0.00</ZRODLOWA></STAWKA_VAT><CENY><CENAZCZTEREMAMIEJSCAMI>0</CENAZCZTEREMAMIEJSCAMI><POCZATKOWA_WAL_CENNIKA>10.3000</POCZATKOWA_WAL_CENNIKA><POCZATKOWA_WAL_DOKUMENTU>10.3000</POCZATKOWA_WAL_DOKUMENTU><PO_RABACIE_WAL_CENNIKA>9.4800</PO_RABACIE_WAL_CENNIKA><PO_RABACIE_PLN>9.4800</PO_RABACIE_PLN><PO_RABACIE_WAL_DOKUMENTU>9.4800</PO_RABACIE_WAL_DOKUMENTU></CENY><WALUTA><SYMBOL>PLN</SYMBOL><KURS_L>1.00</KURS_L><KURS_M>1</KURS_M></WALUTA><RABAT>8.00</RABAT><WARTOSC_NETTO>15.41</WARTOSC_NETTO><WARTOSC_BRUTTO>18.96</WARTOSC_BRUTTO><WARTOSC_NETTO_WAL>15.41</WARTOSC_NETTO_WAL><WARTOSC_BRUTTO_WAL>18.96</WARTOSC_BRUTTO_WAL><ILOSC>2.0000</ILOSC><JM>szt</JM><JM_CALKOWITE>0.00</JM_CALKOWITE><JM_ZLOZONA><JMZ>szt</JMZ><JM_PRZELICZNIK_L>1.00</JM_PRZELICZNIK_L><JM_PRZELICZNIK_M>1</JM_PRZELICZNIK_M></JM_ZLOZONA></POZYCJA><POZYCJA><LP>7</LP><TOWAR><KOD>665217</KOD><NAZWA>KUBEK 460ML ALICE</NAZWA><OPIS/><EAN>5902693923664</EAN><SWW/><NUMER_KATALOGOWY/><MPP>0</MPP></TOWAR><STAWKA_VAT><STAWKA>23.00</STAWKA><FLAGA>2</FLAGA><ZRODLOWA>0.00</ZRODLOWA></STAWKA_VAT><CENY><CENAZCZTEREMAMIEJSCAMI>0</CENAZCZTEREMAMIEJSCAMI><POCZATKOWA_WAL_CENNIKA>19.3000</POCZATKOWA_WAL_CENNIKA><POCZATKOWA_WAL_DOKUMENTU>19.3000</POCZATKOWA_WAL_DOKUMENTU><PO_RABACIE_WAL_CENNIKA>17.7600</PO_RABACIE_WAL_CENNIKA><PO_RABACIE_PLN>17.7600</PO_RABACIE_PLN><PO_RABACIE_WAL_DOKUMENTU>17.7600</PO_RABACIE_WAL_DOKUMENTU></CENY><WALUTA><SYMBOL>PLN</SYMBOL><KURS_L>1.00</KURS_L><KURS_M>1</KURS_M></WALUTA><RABAT>8.00</RABAT><WARTOSC_NETTO>28.88</WARTOSC_NETTO><WARTOSC_BRUTTO>35.52</WARTOSC_BRUTTO><WARTOSC_NETTO_WAL>28.88</WARTOSC_NETTO_WAL><WARTOSC_BRUTTO_WAL>35.52</WARTOSC_BRUTTO_WAL><ILOSC>2.0000</ILOSC><JM>szt</JM><JM_CALKOWITE>0.00</JM_CALKOWITE><JM_ZLOZONA><JMZ>szt</JMZ><JM_PRZELICZNIK_L>1.00</JM_PRZELICZNIK_L><JM_PRZELICZNIK_M>1</JM_PRZELICZNIK_M></JM_ZLOZONA></POZYCJA><POZYCJA><LP>8</LP><TOWAR><KOD>803492</KOD><NAZWA>ŚWIECZKA WAKEC 60/120 LAKIER BEZBARWNY</NAZWA><OPIS/><EAN>5900336046787</EAN><SWW/><NUMER_KATALOGOWY/><MPP>0</MPP></TOWAR><STAWKA_VAT><STAWKA>23.00</STAWKA><FLAGA>2</FLAGA><ZRODLOWA>0.00</ZRODLOWA></STAWKA_VAT><CENY><CENAZCZTEREMAMIEJSCAMI>0</CENAZCZTEREMAMIEJSCAMI><POCZATKOWA_WAL_CENNIKA>6.4000</POCZATKOWA_WAL_CENNIKA><POCZATKOWA_WAL_DOKUMENTU>6.4000</POCZATKOWA_WAL_DOKUMENTU><PO_RABACIE_WAL_CENNIKA>5.8900</PO_RABACIE_WAL_CENNIKA><PO_RABACIE_PLN>5.8900</PO_RABACIE_PLN><PO_RABACIE_WAL_DOKUMENTU>5.8900</PO_RABACIE_WAL_DOKUMENTU></CENY><WALUTA><SYMBOL>PLN</SYMBOL><KURS_L>1.00</KURS_L><KURS_M>1</KURS_M></WALUTA><RABAT>8.00</RABAT><WARTOSC_NETTO>47.89</WARTOSC_NETTO><WARTOSC_BRUTTO>58.90</WARTOSC_BRUTTO><WARTOSC_NETTO_WAL>47.89</WARTOSC_NETTO_WAL><WARTOSC_BRUTTO_WAL>58.90</WARTOSC_BRUTTO_WAL><ILOSC>10.0000</ILOSC><JM>szt</JM><JM_CALKOWITE>0.00</JM_CALKOWITE><JM_ZLOZONA><JMZ>szt</JMZ><JM_PRZELICZNIK_L>1.00</JM_PRZELICZNIK_L><JM_PRZELICZNIK_M>1</JM_PRZELICZNIK_M></JM_ZLOZONA></POZYCJA><POZYCJA><LP>9</LP><TOWAR><KOD>250372</KOD><NAZWA>KWIAT SZTUCZNY VIP2448MIX</NAZWA><OPIS/><EAN>5903288196852</EAN><SWW/><NUMER_KATALOGOWY/><MPP>0</MPP></TOWAR><STAWKA_VAT><STAWKA>23.00</STAWKA><FLAGA>2</FLAGA><ZRODLOWA>0.00</ZRODLOWA></STAWKA_VAT><CENY><CENAZCZTEREMAMIEJSCAMI>0</CENAZCZTEREMAMIEJSCAMI><POCZATKOWA_WAL_CENNIKA>3.6000</POCZATKOWA_WAL_CENNIKA><POCZATKOWA_WAL_DOKUMENTU>3.6000</POCZATKOWA_WAL_DOKUMENTU><PO_RABACIE_WAL_CENNIKA>3.3100</PO_RABACIE_WAL_CENNIKA><PO_RABACIE_PLN>3.3100</PO_RABACIE_PLN><PO_RABACIE_WAL_DOKUMENTU>3.3100</PO_RABACIE_WAL_DOKUMENTU></CENY><WALUTA><SYMBOL>PLN</SYMBOL><KURS_L>1.00</KURS_L><KURS_M>1</KURS_M></WALUTA><RABAT>8.00</RABAT><WARTOSC_NETTO>37.67</WARTOSC_NETTO><WARTOSC_BRUTTO>46.34</WARTOSC_BRUTTO><WARTOSC_NETTO_WAL>37.67</WARTOSC_NETTO_WAL><WARTOSC_BRUTTO_WAL>46.34</WARTOSC_BRUTTO_WAL><ILOSC>14.0000</ILOSC><JM>szt</JM><JM_CALKOWITE>0.00</JM_CALKOWITE><JM_ZLOZONA><JMZ>szt</JMZ><JM_PRZELICZNIK_L>1.00</JM_PRZELICZNIK_L><JM_PRZELICZNIK_M>1</JM_PRZELICZNIK_M></JM_ZLOZONA></POZYCJA><POZYCJA><LP>10</LP><TOWAR><KOD>251738</KOD><NAZWA>KWIATY SZTUCZNE RÓŻA POJEDYŃCZA CV14336</NAZWA><OPIS/><EAN/><SWW/><NUMER_KATALOGOWY/><MPP>0</MPP></TOWAR><STAWKA_VAT><STAWKA>23.00</STAWKA><FLAGA>2</FLAGA><ZRODLOWA>0.00</ZRODLOWA></STAWKA_VAT><CENY><CENAZCZTEREMAMIEJSCAMI>0</CENAZCZTEREMAMIEJSCAMI><POCZATKOWA_WAL_CENNIKA>4.1000</POCZATKOWA_WAL_CENNIKA><POCZATKOWA_WAL_DOKUMENTU>4.1000</POCZATKOWA_WAL_DOKUMENTU><PO_RABACIE_WAL_CENNIKA>3.7700</PO_RABACIE_WAL_CENNIKA><PO_RABACIE_PLN>3.7700</PO_RABACIE_PLN><PO_RABACIE_WAL_DOKUMENTU>3.7700</PO_RABACIE_WAL_DOKUMENTU></CENY><WALUTA><SYMBOL>PLN</SYMBOL><KURS_L>1.00</KURS_L><KURS_M>1</KURS_M></WALUTA><RABAT>8.00</RABAT><WARTOSC_NETTO>147.12</WARTOSC_NETTO><WARTOSC_BRUTTO>180.96</WARTOSC_BRUTTO><WARTOSC_NETTO_WAL>147.12</WARTOSC_NETTO_WAL><WARTOSC_BRUTTO_WAL>180.96</WARTOSC_BRUTTO_WAL><ILOSC>48.0000</ILOSC><JM>szt</JM><JM_CALKOWITE>0.00</JM_CALKOWITE><JM_ZLOZONA><JMZ>szt</JMZ><JM_PRZELICZNIK_L>1.00</JM_PRZELICZNIK_L><JM_PRZELICZNIK_M>1</JM_PRZELICZNIK_M></JM_ZLOZONA></POZYCJA><POZYCJA><LP>11</LP><TOWAR><KOD>251371</KOD><NAZWA>RÓŻA SZTUCZNA</NAZWA><OPIS/><EAN/><SWW/><NUMER_KATALOGOWY/><MPP>0</MPP></TOWAR><STAWKA_VAT><STAWKA>23.00</STAWKA><FLAGA>2</FLAGA><ZRODLOWA>0.00</ZRODLOWA></STAWKA_VAT><CENY><CENAZCZTEREMAMIEJSCAMI>0</CENAZCZTEREMAMIEJSCAMI><POCZATKOWA_WAL_CENNIKA>3.7000</POCZATKOWA_WAL_CENNIKA><POCZATKOWA_WAL_DOKUMENTU>3.7000</POCZATKOWA_WAL_DOKUMENTU><PO_RABACIE_WAL_CENNIKA>3.4000</PO_RABACIE_WAL_CENNIKA><PO_RABACIE_PLN>3.4000</PO_RABACIE_PLN><PO_RABACIE_WAL_DOKUMENTU>3.4000</PO_RABACIE_WAL_DOKUMENTU></CENY><WALUTA><SYMBOL>PLN</SYMBOL><KURS_L>1.00</KURS_L><KURS_M>1</KURS_M></WALUTA><RABAT>8.00</RABAT><WARTOSC_NETTO>77.40</WARTOSC_NETTO><WARTOSC_BRUTTO>95.20</WARTOSC_BRUTTO><WARTOSC_NETTO_WAL>77.40</WARTOSC_NETTO_WAL><WARTOSC_BRUTTO_WAL>95.20</WARTOSC_BRUTTO_WAL><ILOSC>28.0000</ILOSC><JM>szt.</JM><JM_CALKOWITE>0.00</JM_CALKOWITE><JM_ZLOZONA><JMZ>szt.</JMZ><JM_PRZELICZNIK_L>1.00</JM_PRZELICZNIK_L><JM_PRZELICZNIK_M>1</JM_PRZELICZNIK_M></JM_ZLOZONA></POZYCJA><POZYCJA><LP>12</LP><TOWAR><KOD>717572</KOD><NAZWA>YF019115 KOSZ WIKLINOWY</NAZWA><OPIS/><EAN>5901138263716</EAN><SWW/><NUMER_KATALOGOWY/><MPP>0</MPP></TOWAR><STAWKA_VAT><STAWKA>23.00</STAWKA><FLAGA>2</FLAGA><ZRODLOWA>0.00</ZRODLOWA></STAWKA_VAT><CENY><CENAZCZTEREMAMIEJSCAMI>0</CENAZCZTEREMAMIEJSCAMI><POCZATKOWA_WAL_CENNIKA>8.9000</POCZATKOWA_WAL_CENNIKA><POCZATKOWA_WAL_DOKUMENTU>8.9000</POCZATKOWA_WAL_DOKUMENTU><PO_RABACIE_WAL_CENNIKA>8.1900</PO_RABACIE_WAL_CENNIKA><PO_RABACIE_PLN>8.1900</PO_RABACIE_PLN><PO_RABACIE_WAL_DOKUMENTU>8.1900</PO_RABACIE_WAL_DOKUMENTU></CENY><WALUTA><SYMBOL>PLN</SYMBOL><KURS_L>1.00</KURS_L><KURS_M>1</KURS_M></WALUTA><RABAT>8.00</RABAT><WARTOSC_NETTO>26.63</WARTOSC_NETTO><WARTOSC_BRUTTO>32.76</WARTOSC_BRUTTO><WARTOSC_NETTO_WAL>26.63</WARTOSC_NETTO_WAL><WARTOSC_BRUTTO_WAL>32.76</WARTOSC_BRUTTO_WAL><ILOSC>4.0000</ILOSC><JM>szt</JM><JM_CALKOWITE>0.00</JM_CALKOWITE><JM_ZLOZONA><JMZ>szt</JMZ><JM_PRZELICZNIK_L>1.00</JM_PRZELICZNIK_L><JM_PRZELICZNIK_M>1</JM_PRZELICZNIK_M></JM_ZLOZONA></POZYCJA></POZYCJE><KAUCJE/><PLATNOSCI><PLATNOSC><FORMA>przelew</FORMA><TERMIN>2023-02-24</TERMIN><KWOTA>870.76</KWOTA><KWOTA_W_WAL_SYSTEMOWEJ>870.76</KWOTA_W_WAL_SYSTEMOWEJ><WALUTA><SYMBOL/><KURS_L>1.00</KURS_L><KURS_M>1</KURS_M></WALUTA></PLATNOSC></PLATNOSCI><PLATNOSCI_KAUCJE/><TABELKA_VAT><LINIA_VAT><STAWKA_VAT><STAWKA>8.00</STAWKA><FLAGA>2</FLAGA><ZRODLOWA>0.00</ZRODLOWA></STAWKA_VAT><NETTO>37.33</NETTO><VAT>2.99</VAT><BRUTTO>40.32</BRUTTO><NETTO_WAL>37.33</NETTO_WAL><VAT_WAL>2.99</VAT_WAL><BRUTTO_WAL>40.32</BRUTTO_WAL></LINIA_VAT><LINIA_VAT><STAWKA_VAT><STAWKA>23.00</STAWKA><FLAGA>2</FLAGA><ZRODLOWA>0.00</ZRODLOWA></STAWKA_VAT><NETTO>675.15</NETTO><VAT>155.29</VAT><BRUTTO>830.44</BRUTTO><NETTO_WAL>675.15</NETTO_WAL><VAT_WAL>155.29</VAT_WAL><BRUTTO_WAL>830.44</BRUTTO_WAL></LINIA_VAT></TABELKA_VAT><ATRYBUTY/></DOKUMENT></ROOT>
