<?xml version="1.0" encoding="UTF-8"?>
<ROOT xmlns="http://www.cdn.com.pl/optima/dokument"><DOKUMENT><NAGLOWEK><GENERATOR>Comarch Opt!ma</GENERATOR><TYP_DOKUMENTU>302</TYP_DOKUMENTU><RODZAJ_DOKUMENTU>302004</RODZAJ_DOKUMENTU><FV_MARZA>0</FV_MARZA><FV_MARZA_RODZAJ>0</FV_MARZA_RODZAJ><NUMER_PELNY>FA/24/2023</NUMER_PELNY><DATA_DOKUMENTU>2023-01-03</DATA_DOKUMENTU><DATA_WYSTAWIENIA>2023-01-03</DATA_WYSTAWIENIA><DATA_OPERACJI>2023-01-03</DATA_OPERACJI><TERMIN_ZWROTU_KAUCJI>2023-03-04</TERMIN_ZWROTU_KAUCJI><KOREKTA>0</KOREKTA><DETAL>0</DETAL><TYP_NETTO_BRUTTO>2</TYP_NETTO_BRUTTO><RABAT>25.29</RABAT><OPIS>Dok.: FA/24/2023 (Faktura sprzedaży z wygenerowanym WZ)</OPIS><PLATNIK><KOD>STYLOWY DOM NOWY</KOD><NIP_KRAJ/><NIP>9661668231</NIP><GLN/><NAZWA>Karolina Gasperska Stylowy Dom - dekoracje i dodatki</NAZWA><MPP>0</MPP><ADRES><KOD_POCZTOWY>15-157</KOD_POCZTOWY><MIASTO>Białystok</MIASTO><ULICA>UL.Szmaragdowa 16</ULICA><KRAJ>Polska</KRAJ></ADRES></PLATNIK><ODBIORCA><KOD>STYLOWY DOM NOWY</KOD><NIP_KRAJ/><NIP>9661668231</NIP><GLN/><NAZWA>Karolina Gasperska Stylowy Dom - dekoracje i dodatki</NAZWA><ADRES><KOD_POCZTOWY>15-157</KOD_POCZTOWY><MIASTO>Białystok</MIASTO><ULICA>UL.Szmaragdowa 16</ULICA><KRAJ>Polska</KRAJ></ADRES></ODBIORCA><SPRZEDAWCA><NIP_KRAJ>PL</NIP_KRAJ><NIP>546-000-03-17</NIP><GLN>0000000000000</GLN><NAZWA>P.H.U. "KROKUS" HURTOWNIA KWIATÓW LESZEK WOŁKOWICZ</NAZWA><ADRES><KOD_POCZTOWY>15-257</KOD_POCZTOWY><MIASTO>BIAŁYSTOK</MIASTO><ULICA>ul. A. MICKIEWICZA 95</ULICA><KRAJ>Polska</KRAJ></ADRES><NUMER_KONTA_BANKOWEGO>22-12405211-1111000049289196</NUMER_KONTA_BANKOWEGO><NAZWA_BANKU>BANK PEKAO SA</NAZWA_BANKU></SPRZEDAWCA><KATEGORIA><KOD/><OPIS/></KATEGORIA><PLATNOSC><FORMA>przelew</FORMA><TERMIN>2023-01-17</TERMIN><MPP>0</MPP></PLATNOSC><WALUTA><SYMBOL>PLN</SYMBOL><KURS_L>1.00</KURS_L><KURS_M>1</KURS_M><PLAT_WAL_OD_PLN>0</PLAT_WAL_OD_PLN><KURS_NUMER>3</KURS_NUMER><KURS_DATA>2023-01-03</KURS_DATA></WALUTA><KWOTY><RAZEM_NETTO_WAL>210.01</RAZEM_NETTO_WAL><RAZEM_NETTO>210.01</RAZEM_NETTO><RAZEM_BRUTTO>258.31</RAZEM_BRUTTO><RAZEM_VAT>48.30</RAZEM_VAT></KWOTY><MAGAZYN_ZRODLOWY>MAGAZYN</MAGAZYN_ZRODLOWY><MAGAZYN_DOCELOWY/><KAUCJE_PLATNOSCI>0</KAUCJE_PLATNOSCI><BLOKADA_PLATNOSCI>0</BLOKADA_PLATNOSCI><VAT_DLA_DOK_WAL>0</VAT_DLA_DOK_WAL><TRYB_NETTO_VAT>0</TRYB_NETTO_VAT><STATUS_PLATNIKA>0</STATUS_PLATNIKA><ROZLICZAM_PODATEK_W_OSS>0</ROZLICZAM_PODATEK_W_OSS></NAGLOWEK><POZYCJE><POZYCJA><LP>1</LP><TOWAR><KOD>665085</KOD><NAZWA>KUBEK NADINE GREY 500ML HTPM5321</NAZWA><OPIS/><EAN>5902643375321</EAN><SWW/><NUMER_KATALOGOWY/><MPP>0</MPP></TOWAR><STAWKA_VAT><STAWKA>23.00</STAWKA><FLAGA>2</FLAGA><ZRODLOWA>0.00</ZRODLOWA></STAWKA_VAT><CENY><CENAZCZTEREMAMIEJSCAMI>0</CENAZCZTEREMAMIEJSCAMI><POCZATKOWA_WAL_CENNIKA>13.4000</POCZATKOWA_WAL_CENNIKA><POCZATKOWA_WAL_DOKUMENTU>13.4000</POCZATKOWA_WAL_DOKUMENTU><PO_RABACIE_WAL_CENNIKA>12.7300</PO_RABACIE_WAL_CENNIKA><PO_RABACIE_PLN>12.7300</PO_RABACIE_PLN><PO_RABACIE_WAL_DOKUMENTU>12.7300</PO_RABACIE_WAL_DOKUMENTU></CENY><WALUTA><SYMBOL>PLN</SYMBOL><KURS_L>1.00</KURS_L><KURS_M>1</KURS_M></WALUTA><RABAT>5.00</RABAT><WARTOSC_NETTO>31.05</WARTOSC_NETTO><WARTOSC_BRUTTO>38.19</WARTOSC_BRUTTO><WARTOSC_NETTO_WAL>31.05</WARTOSC_NETTO_WAL><WARTOSC_BRUTTO_WAL>38.19</WARTOSC_BRUTTO_WAL><ILOSC>3.0000</ILOSC><JM>szt.</JM><JM_CALKOWITE>0.00</JM_CALKOWITE><JM_ZLOZONA><JMZ>szt.</JMZ><JM_PRZELICZNIK_L>1.00</JM_PRZELICZNIK_L><JM_PRZELICZNIK_M>1</JM_PRZELICZNIK_M></JM_ZLOZONA></POZYCJA><POZYCJA><LP>2</LP><TOWAR><KOD>665084</KOD><NAZWA>KUBEK NADINE GREY 550ML HTPM5314</NAZWA><OPIS/><EAN>5902643375314</EAN><SWW/><NUMER_KATALOGOWY/><MPP>0</MPP></TOWAR><STAWKA_VAT><STAWKA>23.00</STAWKA><FLAGA>2</FLAGA><ZRODLOWA>0.00</ZRODLOWA></STAWKA_VAT><CENY><CENAZCZTEREMAMIEJSCAMI>0</CENAZCZTEREMAMIEJSCAMI><POCZATKOWA_WAL_CENNIKA>16.9000</POCZATKOWA_WAL_CENNIKA><POCZATKOWA_WAL_DOKUMENTU>16.9000</POCZATKOWA_WAL_DOKUMENTU><PO_RABACIE_WAL_CENNIKA>16.0600</PO_RABACIE_WAL_CENNIKA><PO_RABACIE_PLN>16.0600</PO_RABACIE_PLN><PO_RABACIE_WAL_DOKUMENTU>16.0600</PO_RABACIE_WAL_DOKUMENTU></CENY><WALUTA><SYMBOL>PLN</SYMBOL><KURS_L>1.00</KURS_L><KURS_M>1</KURS_M></WALUTA><RABAT>5.00</RABAT><WARTOSC_NETTO>39.17</WARTOSC_NETTO><WARTOSC_BRUTTO>48.18</WARTOSC_BRUTTO><WARTOSC_NETTO_WAL>39.17</WARTOSC_NETTO_WAL><WARTOSC_BRUTTO_WAL>48.18</WARTOSC_BRUTTO_WAL><ILOSC>3.0000</ILOSC><JM>szt.</JM><JM_CALKOWITE>0.00</JM_CALKOWITE><JM_ZLOZONA><JMZ>szt.</JMZ><JM_PRZELICZNIK_L>1.00</JM_PRZELICZNIK_L><JM_PRZELICZNIK_M>1</JM_PRZELICZNIK_M></JM_ZLOZONA></POZYCJA><POZYCJA><LP>3</LP><TOWAR><KOD>665220</KOD><NAZWA>KUBEK 460ML MAROKO </NAZWA><OPIS/><EAN>5902693923657</EAN><SWW/><NUMER_KATALOGOWY/><MPP>0</MPP></TOWAR><STAWKA_VAT><STAWKA>23.00</STAWKA><FLAGA>2</FLAGA><ZRODLOWA>0.00</ZRODLOWA></STAWKA_VAT><CENY><CENAZCZTEREMAMIEJSCAMI>0</CENAZCZTEREMAMIEJSCAMI><POCZATKOWA_WAL_CENNIKA>19.3000</POCZATKOWA_WAL_CENNIKA><POCZATKOWA_WAL_DOKUMENTU>19.3000</POCZATKOWA_WAL_DOKUMENTU><PO_RABACIE_WAL_CENNIKA>18.3400</PO_RABACIE_WAL_CENNIKA><PO_RABACIE_PLN>18.3400</PO_RABACIE_PLN><PO_RABACIE_WAL_DOKUMENTU>18.3400</PO_RABACIE_WAL_DOKUMENTU></CENY><WALUTA><SYMBOL>PLN</SYMBOL><KURS_L>1.00</KURS_L><KURS_M>1</KURS_M></WALUTA><RABAT>5.00</RABAT><WARTOSC_NETTO>74.55</WARTOSC_NETTO><WARTOSC_BRUTTO>91.70</WARTOSC_BRUTTO><WARTOSC_NETTO_WAL>74.55</WARTOSC_NETTO_WAL><WARTOSC_BRUTTO_WAL>91.70</WARTOSC_BRUTTO_WAL><ILOSC>5.0000</ILOSC><JM>szt</JM><JM_CALKOWITE>0.00</JM_CALKOWITE><JM_ZLOZONA><JMZ>szt</JMZ><JM_PRZELICZNIK_L>1.00</JM_PRZELICZNIK_L><JM_PRZELICZNIK_M>1</JM_PRZELICZNIK_M></JM_ZLOZONA></POZYCJA><POZYCJA><LP>4</LP><TOWAR><KOD>503679</KOD><NAZWA>Olejek zapachowy aromatique</NAZWA><OPIS/><EAN>5906660560005</EAN><SWW/><NUMER_KATALOGOWY/><MPP>0</MPP></TOWAR><STAWKA_VAT><STAWKA>23.00</STAWKA><FLAGA>2</FLAGA><ZRODLOWA>0.00</ZRODLOWA></STAWKA_VAT><CENY><CENAZCZTEREMAMIEJSCAMI>0</CENAZCZTEREMAMIEJSCAMI><POCZATKOWA_WAL_CENNIKA>4.9000</POCZATKOWA_WAL_CENNIKA><POCZATKOWA_WAL_DOKUMENTU>4.9000</POCZATKOWA_WAL_DOKUMENTU><PO_RABACIE_WAL_CENNIKA>4.6600</PO_RABACIE_WAL_CENNIKA><PO_RABACIE_PLN>4.6600</PO_RABACIE_PLN><PO_RABACIE_WAL_DOKUMENTU>4.6600</PO_RABACIE_WAL_DOKUMENTU></CENY><WALUTA><SYMBOL>PLN</SYMBOL><KURS_L>1.00</KURS_L><KURS_M>1</KURS_M></WALUTA><RABAT>5.00</RABAT><WARTOSC_NETTO>53.04</WARTOSC_NETTO><WARTOSC_BRUTTO>65.24</WARTOSC_BRUTTO><WARTOSC_NETTO_WAL>53.04</WARTOSC_NETTO_WAL><WARTOSC_BRUTTO_WAL>65.24</WARTOSC_BRUTTO_WAL><ILOSC>14.0000</ILOSC><JM>szt</JM><JM_CALKOWITE>0.00</JM_CALKOWITE><JM_ZLOZONA><JMZ>szt</JMZ><JM_PRZELICZNIK_L>1.00</JM_PRZELICZNIK_L><JM_PRZELICZNIK_M>1</JM_PRZELICZNIK_M></JM_ZLOZONA></POZYCJA><POZYCJA><LP>5</LP><TOWAR><KOD>503142</KOD><NAZWA>ZAWIESZKA DREWNO WIEWIÓRKA HY15-1024 MIX KOLORÓW</NAZWA><OPIS/><EAN>5908257343275</EAN><SWW/><NUMER_KATALOGOWY/><MPP>0</MPP></TOWAR><STAWKA_VAT><STAWKA>23.00</STAWKA><FLAGA>2</FLAGA><ZRODLOWA>0.00</ZRODLOWA></STAWKA_VAT><CENY><CENAZCZTEREMAMIEJSCAMI>0</CENAZCZTEREMAMIEJSCAMI><POCZATKOWA_WAL_CENNIKA>6.0000</POCZATKOWA_WAL_CENNIKA><POCZATKOWA_WAL_DOKUMENTU>6.0000</POCZATKOWA_WAL_DOKUMENTU><PO_RABACIE_WAL_CENNIKA>1.0000</PO_RABACIE_WAL_CENNIKA><PO_RABACIE_PLN>1.0000</PO_RABACIE_PLN><PO_RABACIE_WAL_DOKUMENTU>1.0000</PO_RABACIE_WAL_DOKUMENTU></CENY><WALUTA><SYMBOL>PLN</SYMBOL><KURS_L>1.00</KURS_L><KURS_M>1</KURS_M></WALUTA><RABAT>83.33</RABAT><WARTOSC_NETTO>3.25</WARTOSC_NETTO><WARTOSC_BRUTTO>4.00</WARTOSC_BRUTTO><WARTOSC_NETTO_WAL>3.25</WARTOSC_NETTO_WAL><WARTOSC_BRUTTO_WAL>4.00</WARTOSC_BRUTTO_WAL><ILOSC>4.0000</ILOSC><JM>szt</JM><JM_CALKOWITE>0.00</JM_CALKOWITE><JM_ZLOZONA><JMZ>szt</JMZ><JM_PRZELICZNIK_L>1.00</JM_PRZELICZNIK_L><JM_PRZELICZNIK_M>1</JM_PRZELICZNIK_M></JM_ZLOZONA></POZYCJA><POZYCJA><LP>6</LP><TOWAR><KOD>503139</KOD><NAZWA>JEŻYK DREWNO ZAWIESZKA HY15-1017 MIX KOLORÓW</NAZWA><OPIS/><EAN>5908257343206</EAN><SWW/><NUMER_KATALOGOWY/><MPP>0</MPP></TOWAR><STAWKA_VAT><STAWKA>23.00</STAWKA><FLAGA>2</FLAGA><ZRODLOWA>0.00</ZRODLOWA></STAWKA_VAT><CENY><CENAZCZTEREMAMIEJSCAMI>0</CENAZCZTEREMAMIEJSCAMI><POCZATKOWA_WAL_CENNIKA>6.0000</POCZATKOWA_WAL_CENNIKA><POCZATKOWA_WAL_DOKUMENTU>6.0000</POCZATKOWA_WAL_DOKUMENTU><PO_RABACIE_WAL_CENNIKA>1.0000</PO_RABACIE_WAL_CENNIKA><PO_RABACIE_PLN>1.0000</PO_RABACIE_PLN><PO_RABACIE_WAL_DOKUMENTU>1.0000</PO_RABACIE_WAL_DOKUMENTU></CENY><WALUTA><SYMBOL>PLN</SYMBOL><KURS_L>1.00</KURS_L><KURS_M>1</KURS_M></WALUTA><RABAT>83.33</RABAT><WARTOSC_NETTO>8.13</WARTOSC_NETTO><WARTOSC_BRUTTO>10.00</WARTOSC_BRUTTO><WARTOSC_NETTO_WAL>8.13</WARTOSC_NETTO_WAL><WARTOSC_BRUTTO_WAL>10.00</WARTOSC_BRUTTO_WAL><ILOSC>10.0000</ILOSC><JM>szt</JM><JM_CALKOWITE>0.00</JM_CALKOWITE><JM_ZLOZONA><JMZ>szt</JMZ><JM_PRZELICZNIK_L>1.00</JM_PRZELICZNIK_L><JM_PRZELICZNIK_M>1</JM_PRZELICZNIK_M></JM_ZLOZONA></POZYCJA><POZYCJA><LP>7</LP><TOWAR><KOD>605144</KOD><NAZWA>JAJKO ZAWIESZKA TG24470-KT-MIX</NAZWA><OPIS/><EAN>5900290329919</EAN><SWW/><NUMER_KATALOGOWY/><MPP>0</MPP></TOWAR><STAWKA_VAT><STAWKA>23.00</STAWKA><FLAGA>2</FLAGA><ZRODLOWA>0.00</ZRODLOWA></STAWKA_VAT><CENY><CENAZCZTEREMAMIEJSCAMI>0</CENAZCZTEREMAMIEJSCAMI><POCZATKOWA_WAL_CENNIKA>5.7400</POCZATKOWA_WAL_CENNIKA><POCZATKOWA_WAL_DOKUMENTU>5.7400</POCZATKOWA_WAL_DOKUMENTU><PO_RABACIE_WAL_CENNIKA>1.0000</PO_RABACIE_WAL_CENNIKA><PO_RABACIE_PLN>1.0000</PO_RABACIE_PLN><PO_RABACIE_WAL_DOKUMENTU>1.0000</PO_RABACIE_WAL_DOKUMENTU></CENY><WALUTA><SYMBOL>PLN</SYMBOL><KURS_L>1.00</KURS_L><KURS_M>1</KURS_M></WALUTA><RABAT>82.58</RABAT><WARTOSC_NETTO>0.81</WARTOSC_NETTO><WARTOSC_BRUTTO>1.00</WARTOSC_BRUTTO><WARTOSC_NETTO_WAL>0.81</WARTOSC_NETTO_WAL><WARTOSC_BRUTTO_WAL>1.00</WARTOSC_BRUTTO_WAL><ILOSC>1.0000</ILOSC><JM>szt</JM><JM_CALKOWITE>0.00</JM_CALKOWITE><JM_ZLOZONA><JMZ>szt</JMZ><JM_PRZELICZNIK_L>1.00</JM_PRZELICZNIK_L><JM_PRZELICZNIK_M>1</JM_PRZELICZNIK_M></JM_ZLOZONA></POZYCJA></POZYCJE><KAUCJE/><PLATNOSCI><PLATNOSC><FORMA>przelew</FORMA><TERMIN>2023-01-17</TERMIN><KWOTA>258.31</KWOTA><KWOTA_W_WAL_SYSTEMOWEJ>258.31</KWOTA_W_WAL_SYSTEMOWEJ><WALUTA><SYMBOL/><KURS_L>1.00</KURS_L><KURS_M>1</KURS_M></WALUTA></PLATNOSC></PLATNOSCI><PLATNOSCI_KAUCJE/><TABELKA_VAT><LINIA_VAT><STAWKA_VAT><STAWKA>23.00</STAWKA><FLAGA>2</FLAGA><ZRODLOWA>0.00</ZRODLOWA></STAWKA_VAT><NETTO>210.01</NETTO><VAT>48.30</VAT><BRUTTO>258.31</BRUTTO><NETTO_WAL>210.01</NETTO_WAL><VAT_WAL>48.30</VAT_WAL><BRUTTO_WAL>258.31</BRUTTO_WAL></LINIA_VAT></TABELKA_VAT><ATRYBUTY/></DOKUMENT></ROOT>
