<?xml version="1.0" encoding="UTF-8"?>
<ROOT xmlns="http://www.cdn.com.pl/optima/dokument"><DOKUMENT><NAGLOWEK><GENERATOR>Comarch Opt!ma</GENERATOR><TYP_DOKUMENTU>302</TYP_DOKUMENTU><RODZAJ_DOKUMENTU>302004</RODZAJ_DOKUMENTU><FV_MARZA>0</FV_MARZA><FV_MARZA_RODZAJ>0</FV_MARZA_RODZAJ><NUMER_PELNY>FA/285/2023</NUMER_PELNY><DATA_DOKUMENTU>2023-01-16</DATA_DOKUMENTU><DATA_WYSTAWIENIA>2023-01-16</DATA_WYSTAWIENIA><DATA_OPERACJI>2023-01-16</DATA_OPERACJI><TERMIN_ZWROTU_KAUCJI>2023-03-17</TERMIN_ZWROTU_KAUCJI><KOREKTA>0</KOREKTA><DETAL>0</DETAL><TYP_NETTO_BRUTTO>2</TYP_NETTO_BRUTTO><RABAT>5.06</RABAT><OPIS>Dok.: FA/285/2023 (Faktura sprzedaży z wygenerowanym WZ)</OPIS><PLATNIK><KOD>BURA EUGENIA</KOD><NIP_KRAJ>PL</NIP_KRAJ><NIP>9660844128</NIP><GLN/><NAZWA>KWIATY-WIĄZANKI-ZNICZE EUGENIA BURA</NAZWA><MPP>0</MPP><ADRES><KOD_POCZTOWY>15-161</KOD_POCZTOWY><MIASTO>BIAŁYSTOK</MIASTO><ULICA>ul.RAGINISA  8/1</ULICA><KRAJ>Polska</KRAJ></ADRES></PLATNIK><ODBIORCA><KOD>BURA EUGENIA</KOD><NIP_KRAJ>PL</NIP_KRAJ><NIP>9660844128</NIP><GLN/><NAZWA>KWIATY-WIĄZANKI-ZNICZE EUGENIA BURA</NAZWA><ADRES><KOD_POCZTOWY>15-161</KOD_POCZTOWY><MIASTO>BIAŁYSTOK</MIASTO><ULICA>ul.RAGINISA  8/1</ULICA><KRAJ>Polska</KRAJ></ADRES></ODBIORCA><SPRZEDAWCA><NIP_KRAJ>PL</NIP_KRAJ><NIP>546-000-03-17</NIP><GLN>0000000000000</GLN><NAZWA>P.H.U. "KROKUS" HURTOWNIA KWIATÓW LESZEK WOŁKOWICZ</NAZWA><ADRES><KOD_POCZTOWY>15-257</KOD_POCZTOWY><MIASTO>BIAŁYSTOK</MIASTO><ULICA>ul. A. MICKIEWICZA 95</ULICA><KRAJ>Polska</KRAJ></ADRES><NUMER_KONTA_BANKOWEGO/><NAZWA_BANKU/></SPRZEDAWCA><KATEGORIA><KOD/><OPIS/></KATEGORIA><PLATNOSC><FORMA>gotówka</FORMA><TERMIN>2023-01-16</TERMIN><MPP>0</MPP></PLATNOSC><WALUTA><SYMBOL>PLN</SYMBOL><KURS_L>1.00</KURS_L><KURS_M>1</KURS_M><PLAT_WAL_OD_PLN>0</PLAT_WAL_OD_PLN><KURS_NUMER>3</KURS_NUMER><KURS_DATA>2023-01-16</KURS_DATA></WALUTA><KWOTY><RAZEM_NETTO_WAL>848.89</RAZEM_NETTO_WAL><RAZEM_NETTO>848.89</RAZEM_NETTO><RAZEM_BRUTTO>1044.14</RAZEM_BRUTTO><RAZEM_VAT>195.25</RAZEM_VAT></KWOTY><MAGAZYN_ZRODLOWY>MAGAZYN</MAGAZYN_ZRODLOWY><MAGAZYN_DOCELOWY/><KAUCJE_PLATNOSCI>0</KAUCJE_PLATNOSCI><BLOKADA_PLATNOSCI>0</BLOKADA_PLATNOSCI><VAT_DLA_DOK_WAL>0</VAT_DLA_DOK_WAL><TRYB_NETTO_VAT>0</TRYB_NETTO_VAT><STATUS_PLATNIKA>0</STATUS_PLATNIKA><ROZLICZAM_PODATEK_W_OSS>0</ROZLICZAM_PODATEK_W_OSS></NAGLOWEK><POZYCJE><POZYCJA><LP>1</LP><TOWAR><KOD>251215</KOD><NAZWA>KWIATY SZTUCZNE L016</NAZWA><OPIS/><EAN/><SWW/><NUMER_KATALOGOWY/><MPP>0</MPP></TOWAR><STAWKA_VAT><STAWKA>23.00</STAWKA><FLAGA>2</FLAGA><ZRODLOWA>0.00</ZRODLOWA></STAWKA_VAT><CENY><CENAZCZTEREMAMIEJSCAMI>0</CENAZCZTEREMAMIEJSCAMI><POCZATKOWA_WAL_CENNIKA>0.5700</POCZATKOWA_WAL_CENNIKA><POCZATKOWA_WAL_DOKUMENTU>0.5700</POCZATKOWA_WAL_DOKUMENTU><PO_RABACIE_WAL_CENNIKA>0.5400</PO_RABACIE_WAL_CENNIKA><PO_RABACIE_PLN>0.5400</PO_RABACIE_PLN><PO_RABACIE_WAL_DOKUMENTU>0.5400</PO_RABACIE_WAL_DOKUMENTU></CENY><WALUTA><SYMBOL>PLN</SYMBOL><KURS_L>1.00</KURS_L><KURS_M>1</KURS_M></WALUTA><RABAT>5.00</RABAT><WARTOSC_NETTO>36.88</WARTOSC_NETTO><WARTOSC_BRUTTO>45.36</WARTOSC_BRUTTO><WARTOSC_NETTO_WAL>36.88</WARTOSC_NETTO_WAL><WARTOSC_BRUTTO_WAL>45.36</WARTOSC_BRUTTO_WAL><ILOSC>84.0000</ILOSC><JM>szt</JM><JM_CALKOWITE>0.00</JM_CALKOWITE><JM_ZLOZONA><JMZ>szt</JMZ><JM_PRZELICZNIK_L>1.00</JM_PRZELICZNIK_L><JM_PRZELICZNIK_M>1</JM_PRZELICZNIK_M></JM_ZLOZONA></POZYCJA><POZYCJA><LP>2</LP><TOWAR><KOD>251478</KOD><NAZWA>KWIATY SZTUCZNE BL019</NAZWA><OPIS/><EAN/><SWW/><NUMER_KATALOGOWY/><MPP>0</MPP></TOWAR><STAWKA_VAT><STAWKA>23.00</STAWKA><FLAGA>2</FLAGA><ZRODLOWA>0.00</ZRODLOWA></STAWKA_VAT><CENY><CENAZCZTEREMAMIEJSCAMI>0</CENAZCZTEREMAMIEJSCAMI><POCZATKOWA_WAL_CENNIKA>2.1500</POCZATKOWA_WAL_CENNIKA><POCZATKOWA_WAL_DOKUMENTU>2.1500</POCZATKOWA_WAL_DOKUMENTU><PO_RABACIE_WAL_CENNIKA>2.0400</PO_RABACIE_WAL_CENNIKA><PO_RABACIE_PLN>2.0400</PO_RABACIE_PLN><PO_RABACIE_WAL_DOKUMENTU>2.0400</PO_RABACIE_WAL_DOKUMENTU></CENY><WALUTA><SYMBOL>PLN</SYMBOL><KURS_L>1.00</KURS_L><KURS_M>1</KURS_M></WALUTA><RABAT>5.00</RABAT><WARTOSC_NETTO>199.02</WARTOSC_NETTO><WARTOSC_BRUTTO>244.80</WARTOSC_BRUTTO><WARTOSC_NETTO_WAL>199.02</WARTOSC_NETTO_WAL><WARTOSC_BRUTTO_WAL>244.80</WARTOSC_BRUTTO_WAL><ILOSC>120.0000</ILOSC><JM>szt</JM><JM_CALKOWITE>0.00</JM_CALKOWITE><JM_ZLOZONA><JMZ>szt</JMZ><JM_PRZELICZNIK_L>1.00</JM_PRZELICZNIK_L><JM_PRZELICZNIK_M>1</JM_PRZELICZNIK_M></JM_ZLOZONA></POZYCJA><POZYCJA><LP>3</LP><TOWAR><KOD>251386</KOD><NAZWA>KWIAT WYROBOWY BL010</NAZWA><OPIS/><EAN/><SWW/><NUMER_KATALOGOWY/><MPP>0</MPP></TOWAR><STAWKA_VAT><STAWKA>23.00</STAWKA><FLAGA>2</FLAGA><ZRODLOWA>0.00</ZRODLOWA></STAWKA_VAT><CENY><CENAZCZTEREMAMIEJSCAMI>0</CENAZCZTEREMAMIEJSCAMI><POCZATKOWA_WAL_CENNIKA>0.7200</POCZATKOWA_WAL_CENNIKA><POCZATKOWA_WAL_DOKUMENTU>0.7200</POCZATKOWA_WAL_DOKUMENTU><PO_RABACIE_WAL_CENNIKA>0.6800</PO_RABACIE_WAL_CENNIKA><PO_RABACIE_PLN>0.6800</PO_RABACIE_PLN><PO_RABACIE_WAL_DOKUMENTU>0.6800</PO_RABACIE_WAL_DOKUMENTU></CENY><WALUTA><SYMBOL>PLN</SYMBOL><KURS_L>1.00</KURS_L><KURS_M>1</KURS_M></WALUTA><RABAT>5.00</RABAT><WARTOSC_NETTO>26.54</WARTOSC_NETTO><WARTOSC_BRUTTO>32.64</WARTOSC_BRUTTO><WARTOSC_NETTO_WAL>26.54</WARTOSC_NETTO_WAL><WARTOSC_BRUTTO_WAL>32.64</WARTOSC_BRUTTO_WAL><ILOSC>48.0000</ILOSC><JM>szt.</JM><JM_CALKOWITE>0.00</JM_CALKOWITE><JM_ZLOZONA><JMZ>szt.</JMZ><JM_PRZELICZNIK_L>1.00</JM_PRZELICZNIK_L><JM_PRZELICZNIK_M>1</JM_PRZELICZNIK_M></JM_ZLOZONA></POZYCJA><POZYCJA><LP>4</LP><TOWAR><KOD>252183</KOD><NAZWA>KWIATY SZTUCZNE BUKIET STOKROTKA EV68</NAZWA><OPIS/><EAN>5903299901452</EAN><SWW/><NUMER_KATALOGOWY/><MPP>0</MPP></TOWAR><STAWKA_VAT><STAWKA>23.00</STAWKA><FLAGA>2</FLAGA><ZRODLOWA>0.00</ZRODLOWA></STAWKA_VAT><CENY><CENAZCZTEREMAMIEJSCAMI>0</CENAZCZTEREMAMIEJSCAMI><POCZATKOWA_WAL_CENNIKA>10.6000</POCZATKOWA_WAL_CENNIKA><POCZATKOWA_WAL_DOKUMENTU>10.6000</POCZATKOWA_WAL_DOKUMENTU><PO_RABACIE_WAL_CENNIKA>10.0700</PO_RABACIE_WAL_CENNIKA><PO_RABACIE_PLN>10.0700</PO_RABACIE_PLN><PO_RABACIE_WAL_DOKUMENTU>10.0700</PO_RABACIE_WAL_DOKUMENTU></CENY><WALUTA><SYMBOL>PLN</SYMBOL><KURS_L>1.00</KURS_L><KURS_M>1</KURS_M></WALUTA><RABAT>5.00</RABAT><WARTOSC_NETTO>245.61</WARTOSC_NETTO><WARTOSC_BRUTTO>302.10</WARTOSC_BRUTTO><WARTOSC_NETTO_WAL>245.61</WARTOSC_NETTO_WAL><WARTOSC_BRUTTO_WAL>302.10</WARTOSC_BRUTTO_WAL><ILOSC>30.0000</ILOSC><JM>szt</JM><JM_CALKOWITE>0.00</JM_CALKOWITE><JM_ZLOZONA><JMZ>szt</JMZ><JM_PRZELICZNIK_L>1.00</JM_PRZELICZNIK_L><JM_PRZELICZNIK_M>1</JM_PRZELICZNIK_M></JM_ZLOZONA></POZYCJA><POZYCJA><LP>5</LP><TOWAR><KOD>252201</KOD><NAZWA>KWIATY SZTUCZNE HS001</NAZWA><OPIS/><EAN/><SWW/><NUMER_KATALOGOWY/><MPP>0</MPP></TOWAR><STAWKA_VAT><STAWKA>23.00</STAWKA><FLAGA>2</FLAGA><ZRODLOWA>0.00</ZRODLOWA></STAWKA_VAT><CENY><CENAZCZTEREMAMIEJSCAMI>0</CENAZCZTEREMAMIEJSCAMI><POCZATKOWA_WAL_CENNIKA>0.9500</POCZATKOWA_WAL_CENNIKA><POCZATKOWA_WAL_DOKUMENTU>0.9500</POCZATKOWA_WAL_DOKUMENTU><PO_RABACIE_WAL_CENNIKA>0.9000</PO_RABACIE_WAL_CENNIKA><PO_RABACIE_PLN>0.9000</PO_RABACIE_PLN><PO_RABACIE_WAL_DOKUMENTU>0.9000</PO_RABACIE_WAL_DOKUMENTU></CENY><WALUTA><SYMBOL>PLN</SYMBOL><KURS_L>1.00</KURS_L><KURS_M>1</KURS_M></WALUTA><RABAT>5.00</RABAT><WARTOSC_NETTO>43.90</WARTOSC_NETTO><WARTOSC_BRUTTO>54.00</WARTOSC_BRUTTO><WARTOSC_NETTO_WAL>43.90</WARTOSC_NETTO_WAL><WARTOSC_BRUTTO_WAL>54.00</WARTOSC_BRUTTO_WAL><ILOSC>60.0000</ILOSC><JM>szt</JM><JM_CALKOWITE>0.00</JM_CALKOWITE><JM_ZLOZONA><JMZ>szt</JMZ><JM_PRZELICZNIK_L>1.00</JM_PRZELICZNIK_L><JM_PRZELICZNIK_M>1</JM_PRZELICZNIK_M></JM_ZLOZONA></POZYCJA><POZYCJA><LP>6</LP><TOWAR><KOD>251532</KOD><NAZWA>KWIATY SZTUCZNE PS005</NAZWA><OPIS/><EAN/><SWW/><NUMER_KATALOGOWY/><MPP>0</MPP></TOWAR><STAWKA_VAT><STAWKA>23.00</STAWKA><FLAGA>2</FLAGA><ZRODLOWA>0.00</ZRODLOWA></STAWKA_VAT><CENY><CENAZCZTEREMAMIEJSCAMI>0</CENAZCZTEREMAMIEJSCAMI><POCZATKOWA_WAL_CENNIKA>2.8000</POCZATKOWA_WAL_CENNIKA><POCZATKOWA_WAL_DOKUMENTU>2.8000</POCZATKOWA_WAL_DOKUMENTU><PO_RABACIE_WAL_CENNIKA>2.6600</PO_RABACIE_WAL_CENNIKA><PO_RABACIE_PLN>2.6600</PO_RABACIE_PLN><PO_RABACIE_WAL_DOKUMENTU>2.6600</PO_RABACIE_WAL_DOKUMENTU></CENY><WALUTA><SYMBOL>PLN</SYMBOL><KURS_L>1.00</KURS_L><KURS_M>1</KURS_M></WALUTA><RABAT>5.00</RABAT><WARTOSC_NETTO>43.25</WARTOSC_NETTO><WARTOSC_BRUTTO>53.20</WARTOSC_BRUTTO><WARTOSC_NETTO_WAL>43.25</WARTOSC_NETTO_WAL><WARTOSC_BRUTTO_WAL>53.20</WARTOSC_BRUTTO_WAL><ILOSC>20.0000</ILOSC><JM>szt</JM><JM_CALKOWITE>0.00</JM_CALKOWITE><JM_ZLOZONA><JMZ>szt</JMZ><JM_PRZELICZNIK_L>1.00</JM_PRZELICZNIK_L><JM_PRZELICZNIK_M>1</JM_PRZELICZNIK_M></JM_ZLOZONA></POZYCJA><POZYCJA><LP>7</LP><TOWAR><KOD>251671</KOD><NAZWA>KWIATY SZTUCZNE H373</NAZWA><OPIS/><EAN/><SWW/><NUMER_KATALOGOWY/><MPP>0</MPP></TOWAR><STAWKA_VAT><STAWKA>23.00</STAWKA><FLAGA>2</FLAGA><ZRODLOWA>0.00</ZRODLOWA></STAWKA_VAT><CENY><CENAZCZTEREMAMIEJSCAMI>0</CENAZCZTEREMAMIEJSCAMI><POCZATKOWA_WAL_CENNIKA>12.2000</POCZATKOWA_WAL_CENNIKA><POCZATKOWA_WAL_DOKUMENTU>12.2000</POCZATKOWA_WAL_DOKUMENTU><PO_RABACIE_WAL_CENNIKA>11.5900</PO_RABACIE_WAL_CENNIKA><PO_RABACIE_PLN>11.5900</PO_RABACIE_PLN><PO_RABACIE_WAL_DOKUMENTU>11.5900</PO_RABACIE_WAL_DOKUMENTU></CENY><WALUTA><SYMBOL>PLN</SYMBOL><KURS_L>1.00</KURS_L><KURS_M>1</KURS_M></WALUTA><RABAT>5.00</RABAT><WARTOSC_NETTO>37.69</WARTOSC_NETTO><WARTOSC_BRUTTO>46.36</WARTOSC_BRUTTO><WARTOSC_NETTO_WAL>37.69</WARTOSC_NETTO_WAL><WARTOSC_BRUTTO_WAL>46.36</WARTOSC_BRUTTO_WAL><ILOSC>4.0000</ILOSC><JM>szt</JM><JM_CALKOWITE>0.00</JM_CALKOWITE><JM_ZLOZONA><JMZ>szt</JMZ><JM_PRZELICZNIK_L>1.00</JM_PRZELICZNIK_L><JM_PRZELICZNIK_M>1</JM_PRZELICZNIK_M></JM_ZLOZONA></POZYCJA><POZYCJA><LP>8</LP><TOWAR><KOD>252069</KOD><NAZWA>KWIATY SZTUCZNE BUKIET ANTURIUM 3786</NAZWA><OPIS/><EAN>5901292467104</EAN><SWW/><NUMER_KATALOGOWY/><MPP>0</MPP></TOWAR><STAWKA_VAT><STAWKA>23.00</STAWKA><FLAGA>2</FLAGA><ZRODLOWA>0.00</ZRODLOWA></STAWKA_VAT><CENY><CENAZCZTEREMAMIEJSCAMI>0</CENAZCZTEREMAMIEJSCAMI><POCZATKOWA_WAL_CENNIKA>9.1000</POCZATKOWA_WAL_CENNIKA><POCZATKOWA_WAL_DOKUMENTU>9.1000</POCZATKOWA_WAL_DOKUMENTU><PO_RABACIE_WAL_CENNIKA>8.6500</PO_RABACIE_WAL_CENNIKA><PO_RABACIE_PLN>8.6500</PO_RABACIE_PLN><PO_RABACIE_WAL_DOKUMENTU>8.6500</PO_RABACIE_WAL_DOKUMENTU></CENY><WALUTA><SYMBOL>PLN</SYMBOL><KURS_L>1.00</KURS_L><KURS_M>1</KURS_M></WALUTA><RABAT>5.00</RABAT><WARTOSC_NETTO>42.20</WARTOSC_NETTO><WARTOSC_BRUTTO>51.90</WARTOSC_BRUTTO><WARTOSC_NETTO_WAL>42.20</WARTOSC_NETTO_WAL><WARTOSC_BRUTTO_WAL>51.90</WARTOSC_BRUTTO_WAL><ILOSC>6.0000</ILOSC><JM>szt</JM><JM_CALKOWITE>0.00</JM_CALKOWITE><JM_ZLOZONA><JMZ>szt</JMZ><JM_PRZELICZNIK_L>1.00</JM_PRZELICZNIK_L><JM_PRZELICZNIK_M>1</JM_PRZELICZNIK_M></JM_ZLOZONA></POZYCJA><POZYCJA><LP>9</LP><TOWAR><KOD>251609</KOD><NAZWA>KWIATY SZTUCZNE KS02</NAZWA><OPIS/><EAN/><SWW/><NUMER_KATALOGOWY/><MPP>0</MPP></TOWAR><STAWKA_VAT><STAWKA>23.00</STAWKA><FLAGA>2</FLAGA><ZRODLOWA>0.00</ZRODLOWA></STAWKA_VAT><CENY><CENAZCZTEREMAMIEJSCAMI>0</CENAZCZTEREMAMIEJSCAMI><POCZATKOWA_WAL_CENNIKA>3.2000</POCZATKOWA_WAL_CENNIKA><POCZATKOWA_WAL_DOKUMENTU>3.2000</POCZATKOWA_WAL_DOKUMENTU><PO_RABACIE_WAL_CENNIKA>3.0400</PO_RABACIE_WAL_CENNIKA><PO_RABACIE_PLN>3.0400</PO_RABACIE_PLN><PO_RABACIE_WAL_DOKUMENTU>3.0400</PO_RABACIE_WAL_DOKUMENTU></CENY><WALUTA><SYMBOL>PLN</SYMBOL><KURS_L>1.00</KURS_L><KURS_M>1</KURS_M></WALUTA><RABAT>5.00</RABAT><WARTOSC_NETTO>27.19</WARTOSC_NETTO><WARTOSC_BRUTTO>33.44</WARTOSC_BRUTTO><WARTOSC_NETTO_WAL>27.19</WARTOSC_NETTO_WAL><WARTOSC_BRUTTO_WAL>33.44</WARTOSC_BRUTTO_WAL><ILOSC>11.0000</ILOSC><JM>szt</JM><JM_CALKOWITE>0.00</JM_CALKOWITE><JM_ZLOZONA><JMZ>szt</JMZ><JM_PRZELICZNIK_L>1.00</JM_PRZELICZNIK_L><JM_PRZELICZNIK_M>1</JM_PRZELICZNIK_M></JM_ZLOZONA></POZYCJA><POZYCJA><LP>10</LP><TOWAR><KOD>251528</KOD><NAZWA>KWIATY SZTUCZNE BUKIET PS009</NAZWA><OPIS/><EAN/><SWW/><NUMER_KATALOGOWY/><MPP>0</MPP></TOWAR><STAWKA_VAT><STAWKA>23.00</STAWKA><FLAGA>2</FLAGA><ZRODLOWA>0.00</ZRODLOWA></STAWKA_VAT><CENY><CENAZCZTEREMAMIEJSCAMI>0</CENAZCZTEREMAMIEJSCAMI><POCZATKOWA_WAL_CENNIKA>3.3000</POCZATKOWA_WAL_CENNIKA><POCZATKOWA_WAL_DOKUMENTU>3.3000</POCZATKOWA_WAL_DOKUMENTU><PO_RABACIE_WAL_CENNIKA>3.1400</PO_RABACIE_WAL_CENNIKA><PO_RABACIE_PLN>3.1400</PO_RABACIE_PLN><PO_RABACIE_WAL_DOKUMENTU>3.1400</PO_RABACIE_WAL_DOKUMENTU></CENY><WALUTA><SYMBOL>PLN</SYMBOL><KURS_L>1.00</KURS_L><KURS_M>1</KURS_M></WALUTA><RABAT>5.00</RABAT><WARTOSC_NETTO>15.32</WARTOSC_NETTO><WARTOSC_BRUTTO>18.84</WARTOSC_BRUTTO><WARTOSC_NETTO_WAL>15.32</WARTOSC_NETTO_WAL><WARTOSC_BRUTTO_WAL>18.84</WARTOSC_BRUTTO_WAL><ILOSC>6.0000</ILOSC><JM>szt</JM><JM_CALKOWITE>0.00</JM_CALKOWITE><JM_ZLOZONA><JMZ>szt</JMZ><JM_PRZELICZNIK_L>1.00</JM_PRZELICZNIK_L><JM_PRZELICZNIK_M>1</JM_PRZELICZNIK_M></JM_ZLOZONA></POZYCJA><POZYCJA><LP>11</LP><TOWAR><KOD>252044</KOD><NAZWA>KWIATY SZTUCZNE BUKIET VIP3829</NAZWA><OPIS/><EAN>5903288228874</EAN><SWW/><NUMER_KATALOGOWY/><MPP>0</MPP></TOWAR><STAWKA_VAT><STAWKA>23.00</STAWKA><FLAGA>2</FLAGA><ZRODLOWA>0.00</ZRODLOWA></STAWKA_VAT><CENY><CENAZCZTEREMAMIEJSCAMI>0</CENAZCZTEREMAMIEJSCAMI><POCZATKOWA_WAL_CENNIKA>6.8000</POCZATKOWA_WAL_CENNIKA><POCZATKOWA_WAL_DOKUMENTU>6.8000</POCZATKOWA_WAL_DOKUMENTU><PO_RABACIE_WAL_CENNIKA>6.4600</PO_RABACIE_WAL_CENNIKA><PO_RABACIE_PLN>6.4600</PO_RABACIE_PLN><PO_RABACIE_WAL_DOKUMENTU>6.4600</PO_RABACIE_WAL_DOKUMENTU></CENY><WALUTA><SYMBOL>PLN</SYMBOL><KURS_L>1.00</KURS_L><KURS_M>1</KURS_M></WALUTA><RABAT>5.00</RABAT><WARTOSC_NETTO>131.30</WARTOSC_NETTO><WARTOSC_BRUTTO>161.50</WARTOSC_BRUTTO><WARTOSC_NETTO_WAL>131.30</WARTOSC_NETTO_WAL><WARTOSC_BRUTTO_WAL>161.50</WARTOSC_BRUTTO_WAL><ILOSC>25.0000</ILOSC><JM>szt</JM><JM_CALKOWITE>0.00</JM_CALKOWITE><JM_ZLOZONA><JMZ>szt</JMZ><JM_PRZELICZNIK_L>1.00</JM_PRZELICZNIK_L><JM_PRZELICZNIK_M>1</JM_PRZELICZNIK_M></JM_ZLOZONA></POZYCJA></POZYCJE><KAUCJE/><PLATNOSCI><PLATNOSC><FORMA>gotówka</FORMA><TERMIN>2023-01-16</TERMIN><KWOTA>1044.14</KWOTA><KWOTA_W_WAL_SYSTEMOWEJ>1044.14</KWOTA_W_WAL_SYSTEMOWEJ><WALUTA><SYMBOL/><KURS_L>1.00</KURS_L><KURS_M>1</KURS_M></WALUTA></PLATNOSC></PLATNOSCI><PLATNOSCI_KAUCJE/><TABELKA_VAT><LINIA_VAT><STAWKA_VAT><STAWKA>23.00</STAWKA><FLAGA>2</FLAGA><ZRODLOWA>0.00</ZRODLOWA></STAWKA_VAT><NETTO>848.89</NETTO><VAT>195.25</VAT><BRUTTO>1044.14</BRUTTO><NETTO_WAL>848.89</NETTO_WAL><VAT_WAL>195.25</VAT_WAL><BRUTTO_WAL>1044.14</BRUTTO_WAL></LINIA_VAT></TABELKA_VAT><ATRYBUTY/></DOKUMENT></ROOT>
