<?xml version="1.0" encoding="UTF-8"?>
<ROOT xmlns="http://www.cdn.com.pl/optima/dokument"><DOKUMENT><NAGLOWEK><GENERATOR>Comarch Opt!ma</GENERATOR><TYP_DOKUMENTU>302</TYP_DOKUMENTU><RODZAJ_DOKUMENTU>302004</RODZAJ_DOKUMENTU><FV_MARZA>0</FV_MARZA><FV_MARZA_RODZAJ>0</FV_MARZA_RODZAJ><NUMER_PELNY>FA/228/2023</NUMER_PELNY><DATA_DOKUMENTU>2023-01-12</DATA_DOKUMENTU><DATA_WYSTAWIENIA>2023-01-12</DATA_WYSTAWIENIA><DATA_OPERACJI>2023-01-12</DATA_OPERACJI><TERMIN_ZWROTU_KAUCJI>2023-03-13</TERMIN_ZWROTU_KAUCJI><KOREKTA>0</KOREKTA><DETAL>0</DETAL><TYP_NETTO_BRUTTO>2</TYP_NETTO_BRUTTO><RABAT>9.99</RABAT><OPIS>Dok.: FA/228/2023 (Faktura sprzedaży z wygenerowanym WZ)</OPIS><PLATNIK><KOD>RÓŻA -GOŁDAP</KOD><NIP_KRAJ>PL</NIP_KRAJ><NIP>8471089392</NIP><GLN/><NAZWA>SKLEP RÓŻA  SAMSONOWICZ ANDRZEJ</NAZWA><MPP>0</MPP><ADRES><KOD_POCZTOWY>19-500</KOD_POCZTOWY><MIASTO>GOŁDAP</MIASTO><ULICA>PLAC ZWYCIĘSTWA 6 G</ULICA><KRAJ>Polska</KRAJ></ADRES></PLATNIK><ODBIORCA><KOD>RÓŻA -GOŁDAP</KOD><NIP_KRAJ>PL</NIP_KRAJ><NIP>8471089392</NIP><GLN/><NAZWA>SKLEP RÓŻA   SAMSONOWICZ ANDRZEJ</NAZWA><ADRES><KOD_POCZTOWY>19-500</KOD_POCZTOWY><MIASTO>GOŁDAP</MIASTO><ULICA>PLAC ZWYCIĘSTWA 6 G</ULICA><KRAJ>Polska</KRAJ></ADRES></ODBIORCA><SPRZEDAWCA><NIP_KRAJ>PL</NIP_KRAJ><NIP>546-000-03-17</NIP><GLN>0000000000000</GLN><NAZWA>P.H.U. "KROKUS" HURTOWNIA KWIATÓW LESZEK WOŁKOWICZ</NAZWA><ADRES><KOD_POCZTOWY>15-257</KOD_POCZTOWY><MIASTO>BIAŁYSTOK</MIASTO><ULICA>ul. A. MICKIEWICZA 95</ULICA><KRAJ>Polska</KRAJ></ADRES><NUMER_KONTA_BANKOWEGO>22-12405211-1111000049289196</NUMER_KONTA_BANKOWEGO><NAZWA_BANKU>BANK PEKAO SA</NAZWA_BANKU></SPRZEDAWCA><KATEGORIA><KOD/><OPIS/></KATEGORIA><PLATNOSC><FORMA>przelew</FORMA><TERMIN>2023-01-26</TERMIN><MPP>0</MPP></PLATNOSC><WALUTA><SYMBOL>PLN</SYMBOL><KURS_L>1.00</KURS_L><KURS_M>1</KURS_M><PLAT_WAL_OD_PLN>0</PLAT_WAL_OD_PLN><KURS_NUMER>3</KURS_NUMER><KURS_DATA>2023-01-12</KURS_DATA></WALUTA><KWOTY><RAZEM_NETTO_WAL>4414.54</RAZEM_NETTO_WAL><RAZEM_NETTO>4414.54</RAZEM_NETTO><RAZEM_BRUTTO>5429.88</RAZEM_BRUTTO><RAZEM_VAT>1015.34</RAZEM_VAT></KWOTY><MAGAZYN_ZRODLOWY>MAGAZYN</MAGAZYN_ZRODLOWY><MAGAZYN_DOCELOWY/><KAUCJE_PLATNOSCI>0</KAUCJE_PLATNOSCI><BLOKADA_PLATNOSCI>0</BLOKADA_PLATNOSCI><VAT_DLA_DOK_WAL>0</VAT_DLA_DOK_WAL><TRYB_NETTO_VAT>0</TRYB_NETTO_VAT><STATUS_PLATNIKA>0</STATUS_PLATNIKA><ROZLICZAM_PODATEK_W_OSS>0</ROZLICZAM_PODATEK_W_OSS></NAGLOWEK><POZYCJE><POZYCJA><LP>1</LP><TOWAR><KOD>803672</KOD><NAZWA>ZNICZ ZS183 SERCE</NAZWA><OPIS/><EAN/><SWW/><NUMER_KATALOGOWY/><MPP>0</MPP></TOWAR><STAWKA_VAT><STAWKA>23.00</STAWKA><FLAGA>2</FLAGA><ZRODLOWA>0.00</ZRODLOWA></STAWKA_VAT><CENY><CENAZCZTEREMAMIEJSCAMI>0</CENAZCZTEREMAMIEJSCAMI><POCZATKOWA_WAL_CENNIKA>23.9000</POCZATKOWA_WAL_CENNIKA><POCZATKOWA_WAL_DOKUMENTU>23.9000</POCZATKOWA_WAL_DOKUMENTU><PO_RABACIE_WAL_CENNIKA>21.5100</PO_RABACIE_WAL_CENNIKA><PO_RABACIE_PLN>21.5100</PO_RABACIE_PLN><PO_RABACIE_WAL_DOKUMENTU>21.5100</PO_RABACIE_WAL_DOKUMENTU></CENY><WALUTA><SYMBOL>PLN</SYMBOL><KURS_L>1.00</KURS_L><KURS_M>1</KURS_M></WALUTA><RABAT>10.00</RABAT><WARTOSC_NETTO>69.95</WARTOSC_NETTO><WARTOSC_BRUTTO>86.04</WARTOSC_BRUTTO><WARTOSC_NETTO_WAL>69.95</WARTOSC_NETTO_WAL><WARTOSC_BRUTTO_WAL>86.04</WARTOSC_BRUTTO_WAL><ILOSC>4.0000</ILOSC><JM>szt.</JM><JM_CALKOWITE>0.00</JM_CALKOWITE><JM_ZLOZONA><JMZ>szt.</JMZ><JM_PRZELICZNIK_L>1.00</JM_PRZELICZNIK_L><JM_PRZELICZNIK_M>1</JM_PRZELICZNIK_M></JM_ZLOZONA></POZYCJA><POZYCJA><LP>2</LP><TOWAR><KOD>803560</KOD><NAZWA>ZNICZ Z-602 </NAZWA><OPIS/><EAN/><SWW/><NUMER_KATALOGOWY/><MPP>0</MPP></TOWAR><STAWKA_VAT><STAWKA>23.00</STAWKA><FLAGA>2</FLAGA><ZRODLOWA>0.00</ZRODLOWA></STAWKA_VAT><CENY><CENAZCZTEREMAMIEJSCAMI>0</CENAZCZTEREMAMIEJSCAMI><POCZATKOWA_WAL_CENNIKA>15.6000</POCZATKOWA_WAL_CENNIKA><POCZATKOWA_WAL_DOKUMENTU>15.6000</POCZATKOWA_WAL_DOKUMENTU><PO_RABACIE_WAL_CENNIKA>14.0400</PO_RABACIE_WAL_CENNIKA><PO_RABACIE_PLN>14.0400</PO_RABACIE_PLN><PO_RABACIE_WAL_DOKUMENTU>14.0400</PO_RABACIE_WAL_DOKUMENTU></CENY><WALUTA><SYMBOL>PLN</SYMBOL><KURS_L>1.00</KURS_L><KURS_M>1</KURS_M></WALUTA><RABAT>10.00</RABAT><WARTOSC_NETTO>57.07</WARTOSC_NETTO><WARTOSC_BRUTTO>70.20</WARTOSC_BRUTTO><WARTOSC_NETTO_WAL>57.07</WARTOSC_NETTO_WAL><WARTOSC_BRUTTO_WAL>70.20</WARTOSC_BRUTTO_WAL><ILOSC>5.0000</ILOSC><JM>szt</JM><JM_CALKOWITE>0.00</JM_CALKOWITE><JM_ZLOZONA><JMZ>szt</JMZ><JM_PRZELICZNIK_L>1.00</JM_PRZELICZNIK_L><JM_PRZELICZNIK_M>1</JM_PRZELICZNIK_M></JM_ZLOZONA></POZYCJA><POZYCJA><LP>3</LP><TOWAR><KOD>803178</KOD><NAZWA>ZNICZ KULA 5 WSTĘGA</NAZWA><OPIS/><EAN/><SWW/><NUMER_KATALOGOWY/><MPP>0</MPP></TOWAR><STAWKA_VAT><STAWKA>23.00</STAWKA><FLAGA>2</FLAGA><ZRODLOWA>0.00</ZRODLOWA></STAWKA_VAT><CENY><CENAZCZTEREMAMIEJSCAMI>0</CENAZCZTEREMAMIEJSCAMI><POCZATKOWA_WAL_CENNIKA>18.2000</POCZATKOWA_WAL_CENNIKA><POCZATKOWA_WAL_DOKUMENTU>18.2000</POCZATKOWA_WAL_DOKUMENTU><PO_RABACIE_WAL_CENNIKA>16.3800</PO_RABACIE_WAL_CENNIKA><PO_RABACIE_PLN>16.3800</PO_RABACIE_PLN><PO_RABACIE_WAL_DOKUMENTU>16.3800</PO_RABACIE_WAL_DOKUMENTU></CENY><WALUTA><SYMBOL>PLN</SYMBOL><KURS_L>1.00</KURS_L><KURS_M>1</KURS_M></WALUTA><RABAT>10.00</RABAT><WARTOSC_NETTO>53.27</WARTOSC_NETTO><WARTOSC_BRUTTO>65.52</WARTOSC_BRUTTO><WARTOSC_NETTO_WAL>53.27</WARTOSC_NETTO_WAL><WARTOSC_BRUTTO_WAL>65.52</WARTOSC_BRUTTO_WAL><ILOSC>4.0000</ILOSC><JM>szt.</JM><JM_CALKOWITE>0.00</JM_CALKOWITE><JM_ZLOZONA><JMZ>szt.</JMZ><JM_PRZELICZNIK_L>1.00</JM_PRZELICZNIK_L><JM_PRZELICZNIK_M>1</JM_PRZELICZNIK_M></JM_ZLOZONA></POZYCJA><POZYCJA><LP>4</LP><TOWAR><KOD>803543</KOD><NAZWA>ZNICZ L.SERCE</NAZWA><OPIS/><EAN/><SWW/><NUMER_KATALOGOWY/><MPP>0</MPP></TOWAR><STAWKA_VAT><STAWKA>23.00</STAWKA><FLAGA>2</FLAGA><ZRODLOWA>0.00</ZRODLOWA></STAWKA_VAT><CENY><CENAZCZTEREMAMIEJSCAMI>0</CENAZCZTEREMAMIEJSCAMI><POCZATKOWA_WAL_CENNIKA>20.0000</POCZATKOWA_WAL_CENNIKA><POCZATKOWA_WAL_DOKUMENTU>20.0000</POCZATKOWA_WAL_DOKUMENTU><PO_RABACIE_WAL_CENNIKA>18.0000</PO_RABACIE_WAL_CENNIKA><PO_RABACIE_PLN>18.0000</PO_RABACIE_PLN><PO_RABACIE_WAL_DOKUMENTU>18.0000</PO_RABACIE_WAL_DOKUMENTU></CENY><WALUTA><SYMBOL>PLN</SYMBOL><KURS_L>1.00</KURS_L><KURS_M>1</KURS_M></WALUTA><RABAT>10.00</RABAT><WARTOSC_NETTO>175.61</WARTOSC_NETTO><WARTOSC_BRUTTO>216.00</WARTOSC_BRUTTO><WARTOSC_NETTO_WAL>175.61</WARTOSC_NETTO_WAL><WARTOSC_BRUTTO_WAL>216.00</WARTOSC_BRUTTO_WAL><ILOSC>12.0000</ILOSC><JM>szt</JM><JM_CALKOWITE>0.00</JM_CALKOWITE><JM_ZLOZONA><JMZ>szt</JMZ><JM_PRZELICZNIK_L>1.00</JM_PRZELICZNIK_L><JM_PRZELICZNIK_M>1</JM_PRZELICZNIK_M></JM_ZLOZONA></POZYCJA><POZYCJA><LP>5</LP><TOWAR><KOD>803622</KOD><NAZWA>ZNICZ Z-415</NAZWA><OPIS/><EAN/><SWW/><NUMER_KATALOGOWY/><MPP>0</MPP></TOWAR><STAWKA_VAT><STAWKA>23.00</STAWKA><FLAGA>2</FLAGA><ZRODLOWA>0.00</ZRODLOWA></STAWKA_VAT><CENY><CENAZCZTEREMAMIEJSCAMI>0</CENAZCZTEREMAMIEJSCAMI><POCZATKOWA_WAL_CENNIKA>7.8000</POCZATKOWA_WAL_CENNIKA><POCZATKOWA_WAL_DOKUMENTU>7.8000</POCZATKOWA_WAL_DOKUMENTU><PO_RABACIE_WAL_CENNIKA>7.0200</PO_RABACIE_WAL_CENNIKA><PO_RABACIE_PLN>7.0200</PO_RABACIE_PLN><PO_RABACIE_WAL_DOKUMENTU>7.0200</PO_RABACIE_WAL_DOKUMENTU></CENY><WALUTA><SYMBOL>PLN</SYMBOL><KURS_L>1.00</KURS_L><KURS_M>1</KURS_M></WALUTA><RABAT>10.00</RABAT><WARTOSC_NETTO>182.63</WARTOSC_NETTO><WARTOSC_BRUTTO>224.64</WARTOSC_BRUTTO><WARTOSC_NETTO_WAL>182.63</WARTOSC_NETTO_WAL><WARTOSC_BRUTTO_WAL>224.64</WARTOSC_BRUTTO_WAL><ILOSC>32.0000</ILOSC><JM>szt</JM><JM_CALKOWITE>0.00</JM_CALKOWITE><JM_ZLOZONA><JMZ>szt</JMZ><JM_PRZELICZNIK_L>1.00</JM_PRZELICZNIK_L><JM_PRZELICZNIK_M>1</JM_PRZELICZNIK_M></JM_ZLOZONA></POZYCJA><POZYCJA><LP>6</LP><TOWAR><KOD>803711</KOD><NAZWA>ZNICZ ZP-421</NAZWA><OPIS/><EAN/><SWW/><NUMER_KATALOGOWY/><MPP>0</MPP></TOWAR><STAWKA_VAT><STAWKA>23.00</STAWKA><FLAGA>2</FLAGA><ZRODLOWA>0.00</ZRODLOWA></STAWKA_VAT><CENY><CENAZCZTEREMAMIEJSCAMI>0</CENAZCZTEREMAMIEJSCAMI><POCZATKOWA_WAL_CENNIKA>10.0000</POCZATKOWA_WAL_CENNIKA><POCZATKOWA_WAL_DOKUMENTU>10.0000</POCZATKOWA_WAL_DOKUMENTU><PO_RABACIE_WAL_CENNIKA>9.0000</PO_RABACIE_WAL_CENNIKA><PO_RABACIE_PLN>9.0000</PO_RABACIE_PLN><PO_RABACIE_WAL_DOKUMENTU>9.0000</PO_RABACIE_WAL_DOKUMENTU></CENY><WALUTA><SYMBOL>PLN</SYMBOL><KURS_L>1.00</KURS_L><KURS_M>1</KURS_M></WALUTA><RABAT>10.00</RABAT><WARTOSC_NETTO>131.71</WARTOSC_NETTO><WARTOSC_BRUTTO>162.00</WARTOSC_BRUTTO><WARTOSC_NETTO_WAL>131.71</WARTOSC_NETTO_WAL><WARTOSC_BRUTTO_WAL>162.00</WARTOSC_BRUTTO_WAL><ILOSC>18.0000</ILOSC><JM>szt</JM><JM_CALKOWITE>0.00</JM_CALKOWITE><JM_ZLOZONA><JMZ>szt</JMZ><JM_PRZELICZNIK_L>1.00</JM_PRZELICZNIK_L><JM_PRZELICZNIK_M>1</JM_PRZELICZNIK_M></JM_ZLOZONA></POZYCJA><POZYCJA><LP>7</LP><TOWAR><KOD>803703</KOD><NAZWA>ZNICZ 02 ANIOŁ</NAZWA><OPIS/><EAN/><SWW/><NUMER_KATALOGOWY/><MPP>0</MPP></TOWAR><STAWKA_VAT><STAWKA>23.00</STAWKA><FLAGA>2</FLAGA><ZRODLOWA>0.00</ZRODLOWA></STAWKA_VAT><CENY><CENAZCZTEREMAMIEJSCAMI>0</CENAZCZTEREMAMIEJSCAMI><POCZATKOWA_WAL_CENNIKA>5.2000</POCZATKOWA_WAL_CENNIKA><POCZATKOWA_WAL_DOKUMENTU>5.2000</POCZATKOWA_WAL_DOKUMENTU><PO_RABACIE_WAL_CENNIKA>4.6800</PO_RABACIE_WAL_CENNIKA><PO_RABACIE_PLN>4.6800</PO_RABACIE_PLN><PO_RABACIE_WAL_DOKUMENTU>4.6800</PO_RABACIE_WAL_DOKUMENTU></CENY><WALUTA><SYMBOL>PLN</SYMBOL><KURS_L>1.00</KURS_L><KURS_M>1</KURS_M></WALUTA><RABAT>10.00</RABAT><WARTOSC_NETTO>30.44</WARTOSC_NETTO><WARTOSC_BRUTTO>37.44</WARTOSC_BRUTTO><WARTOSC_NETTO_WAL>30.44</WARTOSC_NETTO_WAL><WARTOSC_BRUTTO_WAL>37.44</WARTOSC_BRUTTO_WAL><ILOSC>8.0000</ILOSC><JM>szt.</JM><JM_CALKOWITE>0.00</JM_CALKOWITE><JM_ZLOZONA><JMZ>szt.</JMZ><JM_PRZELICZNIK_L>1.00</JM_PRZELICZNIK_L><JM_PRZELICZNIK_M>1</JM_PRZELICZNIK_M></JM_ZLOZONA></POZYCJA><POZYCJA><LP>8</LP><TOWAR><KOD>901460</KOD><NAZWA>HERBATY - 50 gr</NAZWA><OPIS/><EAN>5907511305158</EAN><SWW/><NUMER_KATALOGOWY/><MPP>0</MPP></TOWAR><STAWKA_VAT><STAWKA>23.00</STAWKA><FLAGA>2</FLAGA><ZRODLOWA>0.00</ZRODLOWA></STAWKA_VAT><CENY><CENAZCZTEREMAMIEJSCAMI>0</CENAZCZTEREMAMIEJSCAMI><POCZATKOWA_WAL_CENNIKA>11.6000</POCZATKOWA_WAL_CENNIKA><POCZATKOWA_WAL_DOKUMENTU>11.6000</POCZATKOWA_WAL_DOKUMENTU><PO_RABACIE_WAL_CENNIKA>10.4400</PO_RABACIE_WAL_CENNIKA><PO_RABACIE_PLN>10.4400</PO_RABACIE_PLN><PO_RABACIE_WAL_DOKUMENTU>10.4400</PO_RABACIE_WAL_DOKUMENTU></CENY><WALUTA><SYMBOL>PLN</SYMBOL><KURS_L>1.00</KURS_L><KURS_M>1</KURS_M></WALUTA><RABAT>10.00</RABAT><WARTOSC_NETTO>50.93</WARTOSC_NETTO><WARTOSC_BRUTTO>62.64</WARTOSC_BRUTTO><WARTOSC_NETTO_WAL>50.93</WARTOSC_NETTO_WAL><WARTOSC_BRUTTO_WAL>62.64</WARTOSC_BRUTTO_WAL><ILOSC>6.0000</ILOSC><JM>op.</JM><JM_CALKOWITE>0.00</JM_CALKOWITE><JM_ZLOZONA><JMZ>op.</JMZ><JM_PRZELICZNIK_L>1.00</JM_PRZELICZNIK_L><JM_PRZELICZNIK_M>1</JM_PRZELICZNIK_M></JM_ZLOZONA></POZYCJA><POZYCJA><LP>9</LP><TOWAR><KOD>666289</KOD><NAZWA>DZIEŃ BABCI 2023 - KUBEK BARYŁKA 300ML - NAJLEPSZA BABCIA NA ŚWIECIE</NAZWA><OPIS/><EAN>5904405106303</EAN><SWW/><NUMER_KATALOGOWY/><MPP>0</MPP></TOWAR><STAWKA_VAT><STAWKA>23.00</STAWKA><FLAGA>2</FLAGA><ZRODLOWA>0.00</ZRODLOWA></STAWKA_VAT><CENY><CENAZCZTEREMAMIEJSCAMI>0</CENAZCZTEREMAMIEJSCAMI><POCZATKOWA_WAL_CENNIKA>18.1000</POCZATKOWA_WAL_CENNIKA><POCZATKOWA_WAL_DOKUMENTU>18.1000</POCZATKOWA_WAL_DOKUMENTU><PO_RABACIE_WAL_CENNIKA>16.2900</PO_RABACIE_WAL_CENNIKA><PO_RABACIE_PLN>16.2900</PO_RABACIE_PLN><PO_RABACIE_WAL_DOKUMENTU>16.2900</PO_RABACIE_WAL_DOKUMENTU></CENY><WALUTA><SYMBOL>PLN</SYMBOL><KURS_L>1.00</KURS_L><KURS_M>1</KURS_M></WALUTA><RABAT>10.00</RABAT><WARTOSC_NETTO>13.24</WARTOSC_NETTO><WARTOSC_BRUTTO>16.29</WARTOSC_BRUTTO><WARTOSC_NETTO_WAL>13.24</WARTOSC_NETTO_WAL><WARTOSC_BRUTTO_WAL>16.29</WARTOSC_BRUTTO_WAL><ILOSC>1.0000</ILOSC><JM>szt.</JM><JM_CALKOWITE>0.00</JM_CALKOWITE><JM_ZLOZONA><JMZ>szt.</JMZ><JM_PRZELICZNIK_L>1.00</JM_PRZELICZNIK_L><JM_PRZELICZNIK_M>1</JM_PRZELICZNIK_M></JM_ZLOZONA></POZYCJA><POZYCJA><LP>10</LP><TOWAR><KOD>666290</KOD><NAZWA>DZIEŃ BABCI 2023 - KUBEK BARYŁKA 300ML - BABCIA PATRZY SERCEM</NAZWA><OPIS/><EAN>5904405111031</EAN><SWW/><NUMER_KATALOGOWY/><MPP>0</MPP></TOWAR><STAWKA_VAT><STAWKA>23.00</STAWKA><FLAGA>2</FLAGA><ZRODLOWA>0.00</ZRODLOWA></STAWKA_VAT><CENY><CENAZCZTEREMAMIEJSCAMI>0</CENAZCZTEREMAMIEJSCAMI><POCZATKOWA_WAL_CENNIKA>18.1000</POCZATKOWA_WAL_CENNIKA><POCZATKOWA_WAL_DOKUMENTU>18.1000</POCZATKOWA_WAL_DOKUMENTU><PO_RABACIE_WAL_CENNIKA>16.2900</PO_RABACIE_WAL_CENNIKA><PO_RABACIE_PLN>16.2900</PO_RABACIE_PLN><PO_RABACIE_WAL_DOKUMENTU>16.2900</PO_RABACIE_WAL_DOKUMENTU></CENY><WALUTA><SYMBOL>PLN</SYMBOL><KURS_L>1.00</KURS_L><KURS_M>1</KURS_M></WALUTA><RABAT>10.00</RABAT><WARTOSC_NETTO>13.24</WARTOSC_NETTO><WARTOSC_BRUTTO>16.29</WARTOSC_BRUTTO><WARTOSC_NETTO_WAL>13.24</WARTOSC_NETTO_WAL><WARTOSC_BRUTTO_WAL>16.29</WARTOSC_BRUTTO_WAL><ILOSC>1.0000</ILOSC><JM>szt.</JM><JM_CALKOWITE>0.00</JM_CALKOWITE><JM_ZLOZONA><JMZ>szt.</JMZ><JM_PRZELICZNIK_L>1.00</JM_PRZELICZNIK_L><JM_PRZELICZNIK_M>1</JM_PRZELICZNIK_M></JM_ZLOZONA></POZYCJA><POZYCJA><LP>11</LP><TOWAR><KOD>802663</KOD><NAZWA>WKŁAD PROMYK 6</NAZWA><OPIS/><EAN>802663</EAN><SWW/><NUMER_KATALOGOWY/><MPP>0</MPP></TOWAR><STAWKA_VAT><STAWKA>23.00</STAWKA><FLAGA>2</FLAGA><ZRODLOWA>0.00</ZRODLOWA></STAWKA_VAT><CENY><CENAZCZTEREMAMIEJSCAMI>0</CENAZCZTEREMAMIEJSCAMI><POCZATKOWA_WAL_CENNIKA>7.0000</POCZATKOWA_WAL_CENNIKA><POCZATKOWA_WAL_DOKUMENTU>7.0000</POCZATKOWA_WAL_DOKUMENTU><PO_RABACIE_WAL_CENNIKA>6.3000</PO_RABACIE_WAL_CENNIKA><PO_RABACIE_PLN>6.3000</PO_RABACIE_PLN><PO_RABACIE_WAL_DOKUMENTU>6.3000</PO_RABACIE_WAL_DOKUMENTU></CENY><WALUTA><SYMBOL>PLN</SYMBOL><KURS_L>1.00</KURS_L><KURS_M>1</KURS_M></WALUTA><RABAT>10.00</RABAT><WARTOSC_NETTO>122.93</WARTOSC_NETTO><WARTOSC_BRUTTO>151.20</WARTOSC_BRUTTO><WARTOSC_NETTO_WAL>122.93</WARTOSC_NETTO_WAL><WARTOSC_BRUTTO_WAL>151.20</WARTOSC_BRUTTO_WAL><ILOSC>24.0000</ILOSC><JM>szt.</JM><JM_CALKOWITE>0.00</JM_CALKOWITE><JM_ZLOZONA><JMZ>szt.</JMZ><JM_PRZELICZNIK_L>1.00</JM_PRZELICZNIK_L><JM_PRZELICZNIK_M>1</JM_PRZELICZNIK_M></JM_ZLOZONA></POZYCJA><POZYCJA><LP>12</LP><TOWAR><KOD>802667</KOD><NAZWA>WKŁAD PROMYK 3</NAZWA><OPIS/><EAN>802667</EAN><SWW/><NUMER_KATALOGOWY/><MPP>0</MPP></TOWAR><STAWKA_VAT><STAWKA>23.00</STAWKA><FLAGA>2</FLAGA><ZRODLOWA>0.00</ZRODLOWA></STAWKA_VAT><CENY><CENAZCZTEREMAMIEJSCAMI>0</CENAZCZTEREMAMIEJSCAMI><POCZATKOWA_WAL_CENNIKA>3.8000</POCZATKOWA_WAL_CENNIKA><POCZATKOWA_WAL_DOKUMENTU>3.8000</POCZATKOWA_WAL_DOKUMENTU><PO_RABACIE_WAL_CENNIKA>3.4200</PO_RABACIE_WAL_CENNIKA><PO_RABACIE_PLN>3.4200</PO_RABACIE_PLN><PO_RABACIE_WAL_DOKUMENTU>3.4200</PO_RABACIE_WAL_DOKUMENTU></CENY><WALUTA><SYMBOL>PLN</SYMBOL><KURS_L>1.00</KURS_L><KURS_M>1</KURS_M></WALUTA><RABAT>10.00</RABAT><WARTOSC_NETTO>166.83</WARTOSC_NETTO><WARTOSC_BRUTTO>205.20</WARTOSC_BRUTTO><WARTOSC_NETTO_WAL>166.83</WARTOSC_NETTO_WAL><WARTOSC_BRUTTO_WAL>205.20</WARTOSC_BRUTTO_WAL><ILOSC>60.0000</ILOSC><JM>szt.</JM><JM_CALKOWITE>0.00</JM_CALKOWITE><JM_ZLOZONA><JMZ>szt.</JMZ><JM_PRZELICZNIK_L>1.00</JM_PRZELICZNIK_L><JM_PRZELICZNIK_M>1</JM_PRZELICZNIK_M></JM_ZLOZONA></POZYCJA><POZYCJA><LP>13</LP><TOWAR><KOD>802668</KOD><NAZWA>WKŁAD PROMYK 5</NAZWA><OPIS/><EAN>802668</EAN><SWW/><NUMER_KATALOGOWY/><MPP>0</MPP></TOWAR><STAWKA_VAT><STAWKA>23.00</STAWKA><FLAGA>2</FLAGA><ZRODLOWA>0.00</ZRODLOWA></STAWKA_VAT><CENY><CENAZCZTEREMAMIEJSCAMI>0</CENAZCZTEREMAMIEJSCAMI><POCZATKOWA_WAL_CENNIKA>4.9000</POCZATKOWA_WAL_CENNIKA><POCZATKOWA_WAL_DOKUMENTU>4.9000</POCZATKOWA_WAL_DOKUMENTU><PO_RABACIE_WAL_CENNIKA>4.4100</PO_RABACIE_WAL_CENNIKA><PO_RABACIE_PLN>4.4100</PO_RABACIE_PLN><PO_RABACIE_WAL_DOKUMENTU>4.4100</PO_RABACIE_WAL_DOKUMENTU></CENY><WALUTA><SYMBOL>PLN</SYMBOL><KURS_L>1.00</KURS_L><KURS_M>1</KURS_M></WALUTA><RABAT>10.00</RABAT><WARTOSC_NETTO>86.05</WARTOSC_NETTO><WARTOSC_BRUTTO>105.84</WARTOSC_BRUTTO><WARTOSC_NETTO_WAL>86.05</WARTOSC_NETTO_WAL><WARTOSC_BRUTTO_WAL>105.84</WARTOSC_BRUTTO_WAL><ILOSC>24.0000</ILOSC><JM>szt.</JM><JM_CALKOWITE>0.00</JM_CALKOWITE><JM_ZLOZONA><JMZ>szt.</JMZ><JM_PRZELICZNIK_L>1.00</JM_PRZELICZNIK_L><JM_PRZELICZNIK_M>1</JM_PRZELICZNIK_M></JM_ZLOZONA></POZYCJA><POZYCJA><LP>14</LP><TOWAR><KOD>802662</KOD><NAZWA>WKŁAD PROMYK 2</NAZWA><OPIS/><EAN>802662</EAN><SWW/><NUMER_KATALOGOWY/><MPP>0</MPP></TOWAR><STAWKA_VAT><STAWKA>23.00</STAWKA><FLAGA>2</FLAGA><ZRODLOWA>0.00</ZRODLOWA></STAWKA_VAT><CENY><CENAZCZTEREMAMIEJSCAMI>0</CENAZCZTEREMAMIEJSCAMI><POCZATKOWA_WAL_CENNIKA>2.9000</POCZATKOWA_WAL_CENNIKA><POCZATKOWA_WAL_DOKUMENTU>2.9000</POCZATKOWA_WAL_DOKUMENTU><PO_RABACIE_WAL_CENNIKA>2.6100</PO_RABACIE_WAL_CENNIKA><PO_RABACIE_PLN>2.6100</PO_RABACIE_PLN><PO_RABACIE_WAL_DOKUMENTU>2.6100</PO_RABACIE_WAL_DOKUMENTU></CENY><WALUTA><SYMBOL>PLN</SYMBOL><KURS_L>1.00</KURS_L><KURS_M>1</KURS_M></WALUTA><RABAT>10.00</RABAT><WARTOSC_NETTO>63.66</WARTOSC_NETTO><WARTOSC_BRUTTO>78.30</WARTOSC_BRUTTO><WARTOSC_NETTO_WAL>63.66</WARTOSC_NETTO_WAL><WARTOSC_BRUTTO_WAL>78.30</WARTOSC_BRUTTO_WAL><ILOSC>30.0000</ILOSC><JM>szt.</JM><JM_CALKOWITE>0.00</JM_CALKOWITE><JM_ZLOZONA><JMZ>szt.</JMZ><JM_PRZELICZNIK_L>1.00</JM_PRZELICZNIK_L><JM_PRZELICZNIK_M>1</JM_PRZELICZNIK_M></JM_ZLOZONA></POZYCJA><POZYCJA><LP>15</LP><TOWAR><KOD>802477</KOD><NAZWA>PROMYK 1 WKŁAD</NAZWA><OPIS/><EAN>802477</EAN><SWW/><NUMER_KATALOGOWY/><MPP>0</MPP></TOWAR><STAWKA_VAT><STAWKA>23.00</STAWKA><FLAGA>2</FLAGA><ZRODLOWA>0.00</ZRODLOWA></STAWKA_VAT><CENY><CENAZCZTEREMAMIEJSCAMI>0</CENAZCZTEREMAMIEJSCAMI><POCZATKOWA_WAL_CENNIKA>2.4000</POCZATKOWA_WAL_CENNIKA><POCZATKOWA_WAL_DOKUMENTU>2.4000</POCZATKOWA_WAL_DOKUMENTU><PO_RABACIE_WAL_CENNIKA>2.1600</PO_RABACIE_WAL_CENNIKA><PO_RABACIE_PLN>2.1600</PO_RABACIE_PLN><PO_RABACIE_WAL_DOKUMENTU>2.1600</PO_RABACIE_WAL_DOKUMENTU></CENY><WALUTA><SYMBOL>PLN</SYMBOL><KURS_L>1.00</KURS_L><KURS_M>1</KURS_M></WALUTA><RABAT>10.00</RABAT><WARTOSC_NETTO>79.02</WARTOSC_NETTO><WARTOSC_BRUTTO>97.20</WARTOSC_BRUTTO><WARTOSC_NETTO_WAL>79.02</WARTOSC_NETTO_WAL><WARTOSC_BRUTTO_WAL>97.20</WARTOSC_BRUTTO_WAL><ILOSC>45.0000</ILOSC><JM>szt</JM><JM_CALKOWITE>0.00</JM_CALKOWITE><JM_ZLOZONA><JMZ>szt</JMZ><JM_PRZELICZNIK_L>1.00</JM_PRZELICZNIK_L><JM_PRZELICZNIK_M>1</JM_PRZELICZNIK_M></JM_ZLOZONA></POZYCJA><POZYCJA><LP>16</LP><TOWAR><KOD>664841</KOD><NAZWA>URODZINOWA MOZAIKA - KUBEK NBC NISKI 330ML - WSZYSTKIEGO NAJLEPSZEGO 70</NAZWA><OPIS/><EAN>5908276498123</EAN><SWW/><NUMER_KATALOGOWY/><MPP>0</MPP></TOWAR><STAWKA_VAT><STAWKA>23.00</STAWKA><FLAGA>2</FLAGA><ZRODLOWA>0.00</ZRODLOWA></STAWKA_VAT><CENY><CENAZCZTEREMAMIEJSCAMI>0</CENAZCZTEREMAMIEJSCAMI><POCZATKOWA_WAL_CENNIKA>18.1000</POCZATKOWA_WAL_CENNIKA><POCZATKOWA_WAL_DOKUMENTU>18.1000</POCZATKOWA_WAL_DOKUMENTU><PO_RABACIE_WAL_CENNIKA>16.2900</PO_RABACIE_WAL_CENNIKA><PO_RABACIE_PLN>16.2900</PO_RABACIE_PLN><PO_RABACIE_WAL_DOKUMENTU>16.2900</PO_RABACIE_WAL_DOKUMENTU></CENY><WALUTA><SYMBOL>PLN</SYMBOL><KURS_L>1.00</KURS_L><KURS_M>1</KURS_M></WALUTA><RABAT>10.00</RABAT><WARTOSC_NETTO>13.24</WARTOSC_NETTO><WARTOSC_BRUTTO>16.29</WARTOSC_BRUTTO><WARTOSC_NETTO_WAL>13.24</WARTOSC_NETTO_WAL><WARTOSC_BRUTTO_WAL>16.29</WARTOSC_BRUTTO_WAL><ILOSC>1.0000</ILOSC><JM>szt.</JM><JM_CALKOWITE>0.00</JM_CALKOWITE><JM_ZLOZONA><JMZ>szt.</JMZ><JM_PRZELICZNIK_L>1.00</JM_PRZELICZNIK_L><JM_PRZELICZNIK_M>1</JM_PRZELICZNIK_M></JM_ZLOZONA></POZYCJA><POZYCJA><LP>17</LP><TOWAR><KOD>664839</KOD><NAZWA>URODZINOWA MOZAIKA - KUBEK BC NISKI 330ML - WSZYSTKIEGO NAJLEPSZEGO 50</NAZWA><OPIS/><EAN>5908276498109</EAN><SWW/><NUMER_KATALOGOWY/><MPP>0</MPP></TOWAR><STAWKA_VAT><STAWKA>23.00</STAWKA><FLAGA>2</FLAGA><ZRODLOWA>0.00</ZRODLOWA></STAWKA_VAT><CENY><CENAZCZTEREMAMIEJSCAMI>0</CENAZCZTEREMAMIEJSCAMI><POCZATKOWA_WAL_CENNIKA>18.1000</POCZATKOWA_WAL_CENNIKA><POCZATKOWA_WAL_DOKUMENTU>18.1000</POCZATKOWA_WAL_DOKUMENTU><PO_RABACIE_WAL_CENNIKA>16.2900</PO_RABACIE_WAL_CENNIKA><PO_RABACIE_PLN>16.2900</PO_RABACIE_PLN><PO_RABACIE_WAL_DOKUMENTU>16.2900</PO_RABACIE_WAL_DOKUMENTU></CENY><WALUTA><SYMBOL>PLN</SYMBOL><KURS_L>1.00</KURS_L><KURS_M>1</KURS_M></WALUTA><RABAT>10.00</RABAT><WARTOSC_NETTO>13.24</WARTOSC_NETTO><WARTOSC_BRUTTO>16.29</WARTOSC_BRUTTO><WARTOSC_NETTO_WAL>13.24</WARTOSC_NETTO_WAL><WARTOSC_BRUTTO_WAL>16.29</WARTOSC_BRUTTO_WAL><ILOSC>1.0000</ILOSC><JM>szt.</JM><JM_CALKOWITE>0.00</JM_CALKOWITE><JM_ZLOZONA><JMZ>szt.</JMZ><JM_PRZELICZNIK_L>1.00</JM_PRZELICZNIK_L><JM_PRZELICZNIK_M>1</JM_PRZELICZNIK_M></JM_ZLOZONA></POZYCJA><POZYCJA><LP>18</LP><TOWAR><KOD>664837</KOD><NAZWA>URODZINOWA MOZAIKA KUBEK NBC NISKI 330ML.  WSZYSTKIEGO NAJLEPSZEGO 30</NAZWA><OPIS/><EAN>5908276498086</EAN><SWW/><NUMER_KATALOGOWY/><MPP>0</MPP></TOWAR><STAWKA_VAT><STAWKA>23.00</STAWKA><FLAGA>2</FLAGA><ZRODLOWA>0.00</ZRODLOWA></STAWKA_VAT><CENY><CENAZCZTEREMAMIEJSCAMI>0</CENAZCZTEREMAMIEJSCAMI><POCZATKOWA_WAL_CENNIKA>18.1000</POCZATKOWA_WAL_CENNIKA><POCZATKOWA_WAL_DOKUMENTU>18.1000</POCZATKOWA_WAL_DOKUMENTU><PO_RABACIE_WAL_CENNIKA>16.2900</PO_RABACIE_WAL_CENNIKA><PO_RABACIE_PLN>16.2900</PO_RABACIE_PLN><PO_RABACIE_WAL_DOKUMENTU>16.2900</PO_RABACIE_WAL_DOKUMENTU></CENY><WALUTA><SYMBOL>PLN</SYMBOL><KURS_L>1.00</KURS_L><KURS_M>1</KURS_M></WALUTA><RABAT>10.00</RABAT><WARTOSC_NETTO>13.24</WARTOSC_NETTO><WARTOSC_BRUTTO>16.29</WARTOSC_BRUTTO><WARTOSC_NETTO_WAL>13.24</WARTOSC_NETTO_WAL><WARTOSC_BRUTTO_WAL>16.29</WARTOSC_BRUTTO_WAL><ILOSC>1.0000</ILOSC><JM>szt</JM><JM_CALKOWITE>0.00</JM_CALKOWITE><JM_ZLOZONA><JMZ>szt</JMZ><JM_PRZELICZNIK_L>1.00</JM_PRZELICZNIK_L><JM_PRZELICZNIK_M>1</JM_PRZELICZNIK_M></JM_ZLOZONA></POZYCJA><POZYCJA><LP>19</LP><TOWAR><KOD>664840</KOD><NAZWA>URODZINOWA MOZAIKA - KUBEK NBC NISKI 330ML - WSZYSTKIEO NAJLEPSZEGO 60</NAZWA><OPIS/><EAN>5908276498116</EAN><SWW/><NUMER_KATALOGOWY/><MPP>0</MPP></TOWAR><STAWKA_VAT><STAWKA>23.00</STAWKA><FLAGA>2</FLAGA><ZRODLOWA>0.00</ZRODLOWA></STAWKA_VAT><CENY><CENAZCZTEREMAMIEJSCAMI>0</CENAZCZTEREMAMIEJSCAMI><POCZATKOWA_WAL_CENNIKA>18.1000</POCZATKOWA_WAL_CENNIKA><POCZATKOWA_WAL_DOKUMENTU>18.1000</POCZATKOWA_WAL_DOKUMENTU><PO_RABACIE_WAL_CENNIKA>16.2900</PO_RABACIE_WAL_CENNIKA><PO_RABACIE_PLN>16.2900</PO_RABACIE_PLN><PO_RABACIE_WAL_DOKUMENTU>16.2900</PO_RABACIE_WAL_DOKUMENTU></CENY><WALUTA><SYMBOL>PLN</SYMBOL><KURS_L>1.00</KURS_L><KURS_M>1</KURS_M></WALUTA><RABAT>10.00</RABAT><WARTOSC_NETTO>13.24</WARTOSC_NETTO><WARTOSC_BRUTTO>16.29</WARTOSC_BRUTTO><WARTOSC_NETTO_WAL>13.24</WARTOSC_NETTO_WAL><WARTOSC_BRUTTO_WAL>16.29</WARTOSC_BRUTTO_WAL><ILOSC>1.0000</ILOSC><JM>szt.</JM><JM_CALKOWITE>0.00</JM_CALKOWITE><JM_ZLOZONA><JMZ>szt.</JMZ><JM_PRZELICZNIK_L>1.00</JM_PRZELICZNIK_L><JM_PRZELICZNIK_M>1</JM_PRZELICZNIK_M></JM_ZLOZONA></POZYCJA><POZYCJA><LP>20</LP><TOWAR><KOD>611829</KOD><NAZWA>PAPIER PAKOWY KOLOROWY</NAZWA><OPIS/><EAN>611829</EAN><SWW/><NUMER_KATALOGOWY/><MPP>0</MPP></TOWAR><STAWKA_VAT><STAWKA>23.00</STAWKA><FLAGA>2</FLAGA><ZRODLOWA>0.00</ZRODLOWA></STAWKA_VAT><CENY><CENAZCZTEREMAMIEJSCAMI>0</CENAZCZTEREMAMIEJSCAMI><POCZATKOWA_WAL_CENNIKA>43.6000</POCZATKOWA_WAL_CENNIKA><POCZATKOWA_WAL_DOKUMENTU>43.6000</POCZATKOWA_WAL_DOKUMENTU><PO_RABACIE_WAL_CENNIKA>39.2400</PO_RABACIE_WAL_CENNIKA><PO_RABACIE_PLN>39.2400</PO_RABACIE_PLN><PO_RABACIE_WAL_DOKUMENTU>39.2400</PO_RABACIE_WAL_DOKUMENTU></CENY><WALUTA><SYMBOL>PLN</SYMBOL><KURS_L>1.00</KURS_L><KURS_M>1</KURS_M></WALUTA><RABAT>10.00</RABAT><WARTOSC_NETTO>31.90</WARTOSC_NETTO><WARTOSC_BRUTTO>39.24</WARTOSC_BRUTTO><WARTOSC_NETTO_WAL>31.90</WARTOSC_NETTO_WAL><WARTOSC_BRUTTO_WAL>39.24</WARTOSC_BRUTTO_WAL><ILOSC>1.0000</ILOSC><JM>szt.</JM><JM_CALKOWITE>0.00</JM_CALKOWITE><JM_ZLOZONA><JMZ>szt.</JMZ><JM_PRZELICZNIK_L>1.00</JM_PRZELICZNIK_L><JM_PRZELICZNIK_M>1</JM_PRZELICZNIK_M></JM_ZLOZONA></POZYCJA><POZYCJA><LP>21</LP><TOWAR><KOD>666299</KOD><NAZWA>DZIEŃ BABCI 2023 - KUBEK BARYŁKA 300ML - DLA KOCHANEJ BABCI NAJSŁODSZEJ NA ŚWIECIE</NAZWA><OPIS/><EAN>5904405106310</EAN><SWW/><NUMER_KATALOGOWY/><MPP>0</MPP></TOWAR><STAWKA_VAT><STAWKA>23.00</STAWKA><FLAGA>2</FLAGA><ZRODLOWA>0.00</ZRODLOWA></STAWKA_VAT><CENY><CENAZCZTEREMAMIEJSCAMI>0</CENAZCZTEREMAMIEJSCAMI><POCZATKOWA_WAL_CENNIKA>18.1000</POCZATKOWA_WAL_CENNIKA><POCZATKOWA_WAL_DOKUMENTU>18.1000</POCZATKOWA_WAL_DOKUMENTU><PO_RABACIE_WAL_CENNIKA>16.2900</PO_RABACIE_WAL_CENNIKA><PO_RABACIE_PLN>16.2900</PO_RABACIE_PLN><PO_RABACIE_WAL_DOKUMENTU>16.2900</PO_RABACIE_WAL_DOKUMENTU></CENY><WALUTA><SYMBOL>PLN</SYMBOL><KURS_L>1.00</KURS_L><KURS_M>1</KURS_M></WALUTA><RABAT>10.00</RABAT><WARTOSC_NETTO>39.73</WARTOSC_NETTO><WARTOSC_BRUTTO>48.87</WARTOSC_BRUTTO><WARTOSC_NETTO_WAL>39.73</WARTOSC_NETTO_WAL><WARTOSC_BRUTTO_WAL>48.87</WARTOSC_BRUTTO_WAL><ILOSC>3.0000</ILOSC><JM>szt.</JM><JM_CALKOWITE>0.00</JM_CALKOWITE><JM_ZLOZONA><JMZ>szt.</JMZ><JM_PRZELICZNIK_L>1.00</JM_PRZELICZNIK_L><JM_PRZELICZNIK_M>1</JM_PRZELICZNIK_M></JM_ZLOZONA></POZYCJA><POZYCJA><LP>22</LP><TOWAR><KOD>666298</KOD><NAZWA>DZIEŃ BABCI 2023 - KUBEK BARYŁKA 300ML - BABCIU NIEZŁA Z CIEBIE BABECZKA</NAZWA><OPIS/><EAN>5904405111086</EAN><SWW/><NUMER_KATALOGOWY/><MPP>0</MPP></TOWAR><STAWKA_VAT><STAWKA>23.00</STAWKA><FLAGA>2</FLAGA><ZRODLOWA>0.00</ZRODLOWA></STAWKA_VAT><CENY><CENAZCZTEREMAMIEJSCAMI>0</CENAZCZTEREMAMIEJSCAMI><POCZATKOWA_WAL_CENNIKA>18.1000</POCZATKOWA_WAL_CENNIKA><POCZATKOWA_WAL_DOKUMENTU>18.1000</POCZATKOWA_WAL_DOKUMENTU><PO_RABACIE_WAL_CENNIKA>16.2900</PO_RABACIE_WAL_CENNIKA><PO_RABACIE_PLN>16.2900</PO_RABACIE_PLN><PO_RABACIE_WAL_DOKUMENTU>16.2900</PO_RABACIE_WAL_DOKUMENTU></CENY><WALUTA><SYMBOL>PLN</SYMBOL><KURS_L>1.00</KURS_L><KURS_M>1</KURS_M></WALUTA><RABAT>10.00</RABAT><WARTOSC_NETTO>39.73</WARTOSC_NETTO><WARTOSC_BRUTTO>48.87</WARTOSC_BRUTTO><WARTOSC_NETTO_WAL>39.73</WARTOSC_NETTO_WAL><WARTOSC_BRUTTO_WAL>48.87</WARTOSC_BRUTTO_WAL><ILOSC>3.0000</ILOSC><JM>szt.</JM><JM_CALKOWITE>0.00</JM_CALKOWITE><JM_ZLOZONA><JMZ>szt.</JMZ><JM_PRZELICZNIK_L>1.00</JM_PRZELICZNIK_L><JM_PRZELICZNIK_M>1</JM_PRZELICZNIK_M></JM_ZLOZONA></POZYCJA><POZYCJA><LP>23</LP><TOWAR><KOD>666297</KOD><NAZWA>DZIEŃ BABCI 2023 - KUBEK BARYŁKA 300ML - BABCIA JEST SERCEM RODZINY</NAZWA><OPIS/><EAN>5904405106327</EAN><SWW/><NUMER_KATALOGOWY/><MPP>0</MPP></TOWAR><STAWKA_VAT><STAWKA>23.00</STAWKA><FLAGA>2</FLAGA><ZRODLOWA>0.00</ZRODLOWA></STAWKA_VAT><CENY><CENAZCZTEREMAMIEJSCAMI>0</CENAZCZTEREMAMIEJSCAMI><POCZATKOWA_WAL_CENNIKA>18.1000</POCZATKOWA_WAL_CENNIKA><POCZATKOWA_WAL_DOKUMENTU>18.1000</POCZATKOWA_WAL_DOKUMENTU><PO_RABACIE_WAL_CENNIKA>16.2900</PO_RABACIE_WAL_CENNIKA><PO_RABACIE_PLN>16.2900</PO_RABACIE_PLN><PO_RABACIE_WAL_DOKUMENTU>16.2900</PO_RABACIE_WAL_DOKUMENTU></CENY><WALUTA><SYMBOL>PLN</SYMBOL><KURS_L>1.00</KURS_L><KURS_M>1</KURS_M></WALUTA><RABAT>10.00</RABAT><WARTOSC_NETTO>26.49</WARTOSC_NETTO><WARTOSC_BRUTTO>32.58</WARTOSC_BRUTTO><WARTOSC_NETTO_WAL>26.49</WARTOSC_NETTO_WAL><WARTOSC_BRUTTO_WAL>32.58</WARTOSC_BRUTTO_WAL><ILOSC>2.0000</ILOSC><JM>szt.</JM><JM_CALKOWITE>0.00</JM_CALKOWITE><JM_ZLOZONA><JMZ>szt.</JMZ><JM_PRZELICZNIK_L>1.00</JM_PRZELICZNIK_L><JM_PRZELICZNIK_M>1</JM_PRZELICZNIK_M></JM_ZLOZONA></POZYCJA><POZYCJA><LP>24</LP><TOWAR><KOD>903658</KOD><NAZWA>KUBEK PREMIUM</NAZWA><OPIS/><EAN>5901924432289</EAN><SWW/><NUMER_KATALOGOWY/><MPP>0</MPP></TOWAR><STAWKA_VAT><STAWKA>23.00</STAWKA><FLAGA>2</FLAGA><ZRODLOWA>0.00</ZRODLOWA></STAWKA_VAT><CENY><CENAZCZTEREMAMIEJSCAMI>0</CENAZCZTEREMAMIEJSCAMI><POCZATKOWA_WAL_CENNIKA>18.1000</POCZATKOWA_WAL_CENNIKA><POCZATKOWA_WAL_DOKUMENTU>18.1000</POCZATKOWA_WAL_DOKUMENTU><PO_RABACIE_WAL_CENNIKA>16.2900</PO_RABACIE_WAL_CENNIKA><PO_RABACIE_PLN>16.2900</PO_RABACIE_PLN><PO_RABACIE_WAL_DOKUMENTU>16.2900</PO_RABACIE_WAL_DOKUMENTU></CENY><WALUTA><SYMBOL>PLN</SYMBOL><KURS_L>1.00</KURS_L><KURS_M>1</KURS_M></WALUTA><RABAT>10.00</RABAT><WARTOSC_NETTO>211.90</WARTOSC_NETTO><WARTOSC_BRUTTO>260.64</WARTOSC_BRUTTO><WARTOSC_NETTO_WAL>211.90</WARTOSC_NETTO_WAL><WARTOSC_BRUTTO_WAL>260.64</WARTOSC_BRUTTO_WAL><ILOSC>16.0000</ILOSC><JM>szt</JM><JM_CALKOWITE>0.00</JM_CALKOWITE><JM_ZLOZONA><JMZ>szt</JMZ><JM_PRZELICZNIK_L>1.00</JM_PRZELICZNIK_L><JM_PRZELICZNIK_M>1</JM_PRZELICZNIK_M></JM_ZLOZONA></POZYCJA><POZYCJA><LP>25</LP><TOWAR><KOD>615266</KOD><NAZWA>GOLD KUBEK BOSS 300ML - 50</NAZWA><OPIS/><EAN>5908276449590</EAN><SWW/><NUMER_KATALOGOWY/><MPP>0</MPP></TOWAR><STAWKA_VAT><STAWKA>23.00</STAWKA><FLAGA>2</FLAGA><ZRODLOWA>0.00</ZRODLOWA></STAWKA_VAT><CENY><CENAZCZTEREMAMIEJSCAMI>0</CENAZCZTEREMAMIEJSCAMI><POCZATKOWA_WAL_CENNIKA>14.9000</POCZATKOWA_WAL_CENNIKA><POCZATKOWA_WAL_DOKUMENTU>14.9000</POCZATKOWA_WAL_DOKUMENTU><PO_RABACIE_WAL_CENNIKA>13.4100</PO_RABACIE_WAL_CENNIKA><PO_RABACIE_PLN>13.4100</PO_RABACIE_PLN><PO_RABACIE_WAL_DOKUMENTU>13.4100</PO_RABACIE_WAL_DOKUMENTU></CENY><WALUTA><SYMBOL>PLN</SYMBOL><KURS_L>1.00</KURS_L><KURS_M>1</KURS_M></WALUTA><RABAT>10.00</RABAT><WARTOSC_NETTO>21.80</WARTOSC_NETTO><WARTOSC_BRUTTO>26.82</WARTOSC_BRUTTO><WARTOSC_NETTO_WAL>21.80</WARTOSC_NETTO_WAL><WARTOSC_BRUTTO_WAL>26.82</WARTOSC_BRUTTO_WAL><ILOSC>2.0000</ILOSC><JM>szt</JM><JM_CALKOWITE>0.00</JM_CALKOWITE><JM_ZLOZONA><JMZ>szt</JMZ><JM_PRZELICZNIK_L>1.00</JM_PRZELICZNIK_L><JM_PRZELICZNIK_M>1</JM_PRZELICZNIK_M></JM_ZLOZONA></POZYCJA><POZYCJA><LP>26</LP><TOWAR><KOD>613388</KOD><NAZWA>KUBEK BOSS GOLD "40"</NAZWA><OPIS/><EAN>5908276449583</EAN><SWW/><NUMER_KATALOGOWY/><MPP>0</MPP></TOWAR><STAWKA_VAT><STAWKA>23.00</STAWKA><FLAGA>2</FLAGA><ZRODLOWA>0.00</ZRODLOWA></STAWKA_VAT><CENY><CENAZCZTEREMAMIEJSCAMI>0</CENAZCZTEREMAMIEJSCAMI><POCZATKOWA_WAL_CENNIKA>14.9000</POCZATKOWA_WAL_CENNIKA><POCZATKOWA_WAL_DOKUMENTU>14.9000</POCZATKOWA_WAL_DOKUMENTU><PO_RABACIE_WAL_CENNIKA>13.4100</PO_RABACIE_WAL_CENNIKA><PO_RABACIE_PLN>13.4100</PO_RABACIE_PLN><PO_RABACIE_WAL_DOKUMENTU>13.4100</PO_RABACIE_WAL_DOKUMENTU></CENY><WALUTA><SYMBOL>PLN</SYMBOL><KURS_L>1.00</KURS_L><KURS_M>1</KURS_M></WALUTA><RABAT>10.00</RABAT><WARTOSC_NETTO>21.80</WARTOSC_NETTO><WARTOSC_BRUTTO>26.82</WARTOSC_BRUTTO><WARTOSC_NETTO_WAL>21.80</WARTOSC_NETTO_WAL><WARTOSC_BRUTTO_WAL>26.82</WARTOSC_BRUTTO_WAL><ILOSC>2.0000</ILOSC><JM>szt.</JM><JM_CALKOWITE>0.00</JM_CALKOWITE><JM_ZLOZONA><JMZ>szt.</JMZ><JM_PRZELICZNIK_L>1.00</JM_PRZELICZNIK_L><JM_PRZELICZNIK_M>1</JM_PRZELICZNIK_M></JM_ZLOZONA></POZYCJA><POZYCJA><LP>27</LP><TOWAR><KOD>663732</KOD><NAZWA>KUBEK BOSS 300ML GOLD - 60</NAZWA><OPIS/><EAN>5908276449606</EAN><SWW/><NUMER_KATALOGOWY/><MPP>0</MPP></TOWAR><STAWKA_VAT><STAWKA>23.00</STAWKA><FLAGA>2</FLAGA><ZRODLOWA>0.00</ZRODLOWA></STAWKA_VAT><CENY><CENAZCZTEREMAMIEJSCAMI>0</CENAZCZTEREMAMIEJSCAMI><POCZATKOWA_WAL_CENNIKA>14.9000</POCZATKOWA_WAL_CENNIKA><POCZATKOWA_WAL_DOKUMENTU>14.9000</POCZATKOWA_WAL_DOKUMENTU><PO_RABACIE_WAL_CENNIKA>13.4100</PO_RABACIE_WAL_CENNIKA><PO_RABACIE_PLN>13.4100</PO_RABACIE_PLN><PO_RABACIE_WAL_DOKUMENTU>13.4100</PO_RABACIE_WAL_DOKUMENTU></CENY><WALUTA><SYMBOL>PLN</SYMBOL><KURS_L>1.00</KURS_L><KURS_M>1</KURS_M></WALUTA><RABAT>10.00</RABAT><WARTOSC_NETTO>21.80</WARTOSC_NETTO><WARTOSC_BRUTTO>26.82</WARTOSC_BRUTTO><WARTOSC_NETTO_WAL>21.80</WARTOSC_NETTO_WAL><WARTOSC_BRUTTO_WAL>26.82</WARTOSC_BRUTTO_WAL><ILOSC>2.0000</ILOSC><JM>szt.</JM><JM_CALKOWITE>0.00</JM_CALKOWITE><JM_ZLOZONA><JMZ>szt.</JMZ><JM_PRZELICZNIK_L>1.00</JM_PRZELICZNIK_L><JM_PRZELICZNIK_M>1</JM_PRZELICZNIK_M></JM_ZLOZONA></POZYCJA><POZYCJA><LP>28</LP><TOWAR><KOD>663731</KOD><NAZWA>KUBEK BOSS 300ML GOLD -30</NAZWA><OPIS/><EAN>5908276449576</EAN><SWW/><NUMER_KATALOGOWY/><MPP>0</MPP></TOWAR><STAWKA_VAT><STAWKA>23.00</STAWKA><FLAGA>2</FLAGA><ZRODLOWA>0.00</ZRODLOWA></STAWKA_VAT><CENY><CENAZCZTEREMAMIEJSCAMI>0</CENAZCZTEREMAMIEJSCAMI><POCZATKOWA_WAL_CENNIKA>16.2000</POCZATKOWA_WAL_CENNIKA><POCZATKOWA_WAL_DOKUMENTU>16.2000</POCZATKOWA_WAL_DOKUMENTU><PO_RABACIE_WAL_CENNIKA>14.5800</PO_RABACIE_WAL_CENNIKA><PO_RABACIE_PLN>14.5800</PO_RABACIE_PLN><PO_RABACIE_WAL_DOKUMENTU>14.5800</PO_RABACIE_WAL_DOKUMENTU></CENY><WALUTA><SYMBOL>PLN</SYMBOL><KURS_L>1.00</KURS_L><KURS_M>1</KURS_M></WALUTA><RABAT>10.00</RABAT><WARTOSC_NETTO>23.71</WARTOSC_NETTO><WARTOSC_BRUTTO>29.16</WARTOSC_BRUTTO><WARTOSC_NETTO_WAL>23.71</WARTOSC_NETTO_WAL><WARTOSC_BRUTTO_WAL>29.16</WARTOSC_BRUTTO_WAL><ILOSC>2.0000</ILOSC><JM>szt.</JM><JM_CALKOWITE>0.00</JM_CALKOWITE><JM_ZLOZONA><JMZ>szt.</JMZ><JM_PRZELICZNIK_L>1.00</JM_PRZELICZNIK_L><JM_PRZELICZNIK_M>1</JM_PRZELICZNIK_M></JM_ZLOZONA></POZYCJA><POZYCJA><LP>29</LP><TOWAR><KOD>616632</KOD><NAZWA>PUDEŁKO OZDOBNE W5070/1 CREAM</NAZWA><OPIS/><EAN>5900054899849</EAN><SWW/><NUMER_KATALOGOWY/><MPP>0</MPP></TOWAR><STAWKA_VAT><STAWKA>23.00</STAWKA><FLAGA>2</FLAGA><ZRODLOWA>0.00</ZRODLOWA></STAWKA_VAT><CENY><CENAZCZTEREMAMIEJSCAMI>0</CENAZCZTEREMAMIEJSCAMI><POCZATKOWA_WAL_CENNIKA>6.8000</POCZATKOWA_WAL_CENNIKA><POCZATKOWA_WAL_DOKUMENTU>6.8000</POCZATKOWA_WAL_DOKUMENTU><PO_RABACIE_WAL_CENNIKA>6.1200</PO_RABACIE_WAL_CENNIKA><PO_RABACIE_PLN>6.1200</PO_RABACIE_PLN><PO_RABACIE_WAL_DOKUMENTU>6.1200</PO_RABACIE_WAL_DOKUMENTU></CENY><WALUTA><SYMBOL>PLN</SYMBOL><KURS_L>1.00</KURS_L><KURS_M>1</KURS_M></WALUTA><RABAT>10.00</RABAT><WARTOSC_NETTO>9.95</WARTOSC_NETTO><WARTOSC_BRUTTO>12.24</WARTOSC_BRUTTO><WARTOSC_NETTO_WAL>9.95</WARTOSC_NETTO_WAL><WARTOSC_BRUTTO_WAL>12.24</WARTOSC_BRUTTO_WAL><ILOSC>2.0000</ILOSC><JM>szt</JM><JM_CALKOWITE>0.00</JM_CALKOWITE><JM_ZLOZONA><JMZ>szt</JMZ><JM_PRZELICZNIK_L>1.00</JM_PRZELICZNIK_L><JM_PRZELICZNIK_M>1</JM_PRZELICZNIK_M></JM_ZLOZONA></POZYCJA><POZYCJA><LP>30</LP><TOWAR><KOD>666320</KOD><NAZWA>KPL.PUDEŁEK OZDOBNYCH W5924</NAZWA><OPIS/><EAN>5903288218097</EAN><SWW/><NUMER_KATALOGOWY/><MPP>0</MPP></TOWAR><STAWKA_VAT><STAWKA>23.00</STAWKA><FLAGA>2</FLAGA><ZRODLOWA>0.00</ZRODLOWA></STAWKA_VAT><CENY><CENAZCZTEREMAMIEJSCAMI>0</CENAZCZTEREMAMIEJSCAMI><POCZATKOWA_WAL_CENNIKA>47.6000</POCZATKOWA_WAL_CENNIKA><POCZATKOWA_WAL_DOKUMENTU>47.6000</POCZATKOWA_WAL_DOKUMENTU><PO_RABACIE_WAL_CENNIKA>42.8400</PO_RABACIE_WAL_CENNIKA><PO_RABACIE_PLN>42.8400</PO_RABACIE_PLN><PO_RABACIE_WAL_DOKUMENTU>42.8400</PO_RABACIE_WAL_DOKUMENTU></CENY><WALUTA><SYMBOL>PLN</SYMBOL><KURS_L>1.00</KURS_L><KURS_M>1</KURS_M></WALUTA><RABAT>10.00</RABAT><WARTOSC_NETTO>34.83</WARTOSC_NETTO><WARTOSC_BRUTTO>42.84</WARTOSC_BRUTTO><WARTOSC_NETTO_WAL>34.83</WARTOSC_NETTO_WAL><WARTOSC_BRUTTO_WAL>42.84</WARTOSC_BRUTTO_WAL><ILOSC>1.0000</ILOSC><JM>szt.</JM><JM_CALKOWITE>0.00</JM_CALKOWITE><JM_ZLOZONA><JMZ>szt.</JMZ><JM_PRZELICZNIK_L>1.00</JM_PRZELICZNIK_L><JM_PRZELICZNIK_M>1</JM_PRZELICZNIK_M></JM_ZLOZONA></POZYCJA><POZYCJA><LP>31</LP><TOWAR><KOD>664782</KOD><NAZWA>PUDEŁKO Z WKŁADKĄ PVC BSJ3931/WH</NAZWA><OPIS/><EAN>5902811274487</EAN><SWW/><NUMER_KATALOGOWY/><MPP>0</MPP></TOWAR><STAWKA_VAT><STAWKA>23.00</STAWKA><FLAGA>2</FLAGA><ZRODLOWA>0.00</ZRODLOWA></STAWKA_VAT><CENY><CENAZCZTEREMAMIEJSCAMI>0</CENAZCZTEREMAMIEJSCAMI><POCZATKOWA_WAL_CENNIKA>18.6000</POCZATKOWA_WAL_CENNIKA><POCZATKOWA_WAL_DOKUMENTU>18.6000</POCZATKOWA_WAL_DOKUMENTU><PO_RABACIE_WAL_CENNIKA>16.7400</PO_RABACIE_WAL_CENNIKA><PO_RABACIE_PLN>16.7400</PO_RABACIE_PLN><PO_RABACIE_WAL_DOKUMENTU>16.7400</PO_RABACIE_WAL_DOKUMENTU></CENY><WALUTA><SYMBOL>PLN</SYMBOL><KURS_L>1.00</KURS_L><KURS_M>1</KURS_M></WALUTA><RABAT>10.00</RABAT><WARTOSC_NETTO>27.22</WARTOSC_NETTO><WARTOSC_BRUTTO>33.48</WARTOSC_BRUTTO><WARTOSC_NETTO_WAL>27.22</WARTOSC_NETTO_WAL><WARTOSC_BRUTTO_WAL>33.48</WARTOSC_BRUTTO_WAL><ILOSC>2.0000</ILOSC><JM>szt</JM><JM_CALKOWITE>0.00</JM_CALKOWITE><JM_ZLOZONA><JMZ>szt</JMZ><JM_PRZELICZNIK_L>1.00</JM_PRZELICZNIK_L><JM_PRZELICZNIK_M>1</JM_PRZELICZNIK_M></JM_ZLOZONA></POZYCJA><POZYCJA><LP>32</LP><TOWAR><KOD>664784</KOD><NAZWA>PUDEŁKO Z WKŁADKĄ PVC BSJ3931/SI</NAZWA><OPIS/><EAN>5902811274470</EAN><SWW/><NUMER_KATALOGOWY/><MPP>0</MPP></TOWAR><STAWKA_VAT><STAWKA>23.00</STAWKA><FLAGA>2</FLAGA><ZRODLOWA>0.00</ZRODLOWA></STAWKA_VAT><CENY><CENAZCZTEREMAMIEJSCAMI>0</CENAZCZTEREMAMIEJSCAMI><POCZATKOWA_WAL_CENNIKA>18.6000</POCZATKOWA_WAL_CENNIKA><POCZATKOWA_WAL_DOKUMENTU>18.6000</POCZATKOWA_WAL_DOKUMENTU><PO_RABACIE_WAL_CENNIKA>16.7400</PO_RABACIE_WAL_CENNIKA><PO_RABACIE_PLN>16.7400</PO_RABACIE_PLN><PO_RABACIE_WAL_DOKUMENTU>16.7400</PO_RABACIE_WAL_DOKUMENTU></CENY><WALUTA><SYMBOL>PLN</SYMBOL><KURS_L>1.00</KURS_L><KURS_M>1</KURS_M></WALUTA><RABAT>10.00</RABAT><WARTOSC_NETTO>27.22</WARTOSC_NETTO><WARTOSC_BRUTTO>33.48</WARTOSC_BRUTTO><WARTOSC_NETTO_WAL>27.22</WARTOSC_NETTO_WAL><WARTOSC_BRUTTO_WAL>33.48</WARTOSC_BRUTTO_WAL><ILOSC>2.0000</ILOSC><JM>szt</JM><JM_CALKOWITE>0.00</JM_CALKOWITE><JM_ZLOZONA><JMZ>szt</JMZ><JM_PRZELICZNIK_L>1.00</JM_PRZELICZNIK_L><JM_PRZELICZNIK_M>1</JM_PRZELICZNIK_M></JM_ZLOZONA></POZYCJA><POZYCJA><LP>33</LP><TOWAR><KOD>716968</KOD><NAZWA>KOSZ WIKLINOWY YF012172MIX</NAZWA><OPIS/><EAN>5901138261163</EAN><SWW/><NUMER_KATALOGOWY/><MPP>0</MPP></TOWAR><STAWKA_VAT><STAWKA>23.00</STAWKA><FLAGA>2</FLAGA><ZRODLOWA>0.00</ZRODLOWA></STAWKA_VAT><CENY><CENAZCZTEREMAMIEJSCAMI>0</CENAZCZTEREMAMIEJSCAMI><POCZATKOWA_WAL_CENNIKA>4.0000</POCZATKOWA_WAL_CENNIKA><POCZATKOWA_WAL_DOKUMENTU>4.0000</POCZATKOWA_WAL_DOKUMENTU><PO_RABACIE_WAL_CENNIKA>3.6000</PO_RABACIE_WAL_CENNIKA><PO_RABACIE_PLN>3.6000</PO_RABACIE_PLN><PO_RABACIE_WAL_DOKUMENTU>3.6000</PO_RABACIE_WAL_DOKUMENTU></CENY><WALUTA><SYMBOL>PLN</SYMBOL><KURS_L>1.00</KURS_L><KURS_M>1</KURS_M></WALUTA><RABAT>10.00</RABAT><WARTOSC_NETTO>17.56</WARTOSC_NETTO><WARTOSC_BRUTTO>21.60</WARTOSC_BRUTTO><WARTOSC_NETTO_WAL>17.56</WARTOSC_NETTO_WAL><WARTOSC_BRUTTO_WAL>21.60</WARTOSC_BRUTTO_WAL><ILOSC>6.0000</ILOSC><JM>szt.</JM><JM_CALKOWITE>0.00</JM_CALKOWITE><JM_ZLOZONA><JMZ>szt.</JMZ><JM_PRZELICZNIK_L>1.00</JM_PRZELICZNIK_L><JM_PRZELICZNIK_M>1</JM_PRZELICZNIK_M></JM_ZLOZONA></POZYCJA><POZYCJA><LP>34</LP><TOWAR><KOD>901590</KOD><NAZWA>BALON 10''METALIK GM CZERWONY</NAZWA><OPIS/><EAN>8021886093216</EAN><SWW/><NUMER_KATALOGOWY/><MPP>0</MPP></TOWAR><STAWKA_VAT><STAWKA>23.00</STAWKA><FLAGA>2</FLAGA><ZRODLOWA>0.00</ZRODLOWA></STAWKA_VAT><CENY><CENAZCZTEREMAMIEJSCAMI>0</CENAZCZTEREMAMIEJSCAMI><POCZATKOWA_WAL_CENNIKA>25.9000</POCZATKOWA_WAL_CENNIKA><POCZATKOWA_WAL_DOKUMENTU>25.9000</POCZATKOWA_WAL_DOKUMENTU><PO_RABACIE_WAL_CENNIKA>23.3100</PO_RABACIE_WAL_CENNIKA><PO_RABACIE_PLN>23.3100</PO_RABACIE_PLN><PO_RABACIE_WAL_DOKUMENTU>23.3100</PO_RABACIE_WAL_DOKUMENTU></CENY><WALUTA><SYMBOL>PLN</SYMBOL><KURS_L>1.00</KURS_L><KURS_M>1</KURS_M></WALUTA><RABAT>10.00</RABAT><WARTOSC_NETTO>18.95</WARTOSC_NETTO><WARTOSC_BRUTTO>23.31</WARTOSC_BRUTTO><WARTOSC_NETTO_WAL>18.95</WARTOSC_NETTO_WAL><WARTOSC_BRUTTO_WAL>23.31</WARTOSC_BRUTTO_WAL><ILOSC>1.0000</ILOSC><JM>szt</JM><JM_CALKOWITE>0.00</JM_CALKOWITE><JM_ZLOZONA><JMZ>szt</JMZ><JM_PRZELICZNIK_L>1.00</JM_PRZELICZNIK_L><JM_PRZELICZNIK_M>1</JM_PRZELICZNIK_M></JM_ZLOZONA></POZYCJA><POZYCJA><LP>35</LP><TOWAR><KOD>713474</KOD><NAZWA>PIKI, SKLEJKI</NAZWA><OPIS/><EAN>5902360301306</EAN><SWW/><NUMER_KATALOGOWY/><MPP>0</MPP></TOWAR><STAWKA_VAT><STAWKA>23.00</STAWKA><FLAGA>2</FLAGA><ZRODLOWA>0.00</ZRODLOWA></STAWKA_VAT><CENY><CENAZCZTEREMAMIEJSCAMI>0</CENAZCZTEREMAMIEJSCAMI><POCZATKOWA_WAL_CENNIKA>7.8000</POCZATKOWA_WAL_CENNIKA><POCZATKOWA_WAL_DOKUMENTU>7.8000</POCZATKOWA_WAL_DOKUMENTU><PO_RABACIE_WAL_CENNIKA>7.0200</PO_RABACIE_WAL_CENNIKA><PO_RABACIE_PLN>7.0200</PO_RABACIE_PLN><PO_RABACIE_WAL_DOKUMENTU>7.0200</PO_RABACIE_WAL_DOKUMENTU></CENY><WALUTA><SYMBOL>PLN</SYMBOL><KURS_L>1.00</KURS_L><KURS_M>1</KURS_M></WALUTA><RABAT>10.00</RABAT><WARTOSC_NETTO>17.12</WARTOSC_NETTO><WARTOSC_BRUTTO>21.06</WARTOSC_BRUTTO><WARTOSC_NETTO_WAL>17.12</WARTOSC_NETTO_WAL><WARTOSC_BRUTTO_WAL>21.06</WARTOSC_BRUTTO_WAL><ILOSC>3.0000</ILOSC><JM>szt</JM><JM_CALKOWITE>0.00</JM_CALKOWITE><JM_ZLOZONA><JMZ>szt</JMZ><JM_PRZELICZNIK_L>1.00</JM_PRZELICZNIK_L><JM_PRZELICZNIK_M>1</JM_PRZELICZNIK_M></JM_ZLOZONA></POZYCJA><POZYCJA><LP>36</LP><TOWAR><KOD>717572</KOD><NAZWA>YF019115 KOSZ WIKLINOWY</NAZWA><OPIS/><EAN>5901138263716</EAN><SWW/><NUMER_KATALOGOWY/><MPP>0</MPP></TOWAR><STAWKA_VAT><STAWKA>23.00</STAWKA><FLAGA>2</FLAGA><ZRODLOWA>0.00</ZRODLOWA></STAWKA_VAT><CENY><CENAZCZTEREMAMIEJSCAMI>0</CENAZCZTEREMAMIEJSCAMI><POCZATKOWA_WAL_CENNIKA>8.9000</POCZATKOWA_WAL_CENNIKA><POCZATKOWA_WAL_DOKUMENTU>8.9000</POCZATKOWA_WAL_DOKUMENTU><PO_RABACIE_WAL_CENNIKA>8.0100</PO_RABACIE_WAL_CENNIKA><PO_RABACIE_PLN>8.0100</PO_RABACIE_PLN><PO_RABACIE_WAL_DOKUMENTU>8.0100</PO_RABACIE_WAL_DOKUMENTU></CENY><WALUTA><SYMBOL>PLN</SYMBOL><KURS_L>1.00</KURS_L><KURS_M>1</KURS_M></WALUTA><RABAT>10.00</RABAT><WARTOSC_NETTO>32.56</WARTOSC_NETTO><WARTOSC_BRUTTO>40.05</WARTOSC_BRUTTO><WARTOSC_NETTO_WAL>32.56</WARTOSC_NETTO_WAL><WARTOSC_BRUTTO_WAL>40.05</WARTOSC_BRUTTO_WAL><ILOSC>5.0000</ILOSC><JM>szt</JM><JM_CALKOWITE>0.00</JM_CALKOWITE><JM_ZLOZONA><JMZ>szt</JMZ><JM_PRZELICZNIK_L>1.00</JM_PRZELICZNIK_L><JM_PRZELICZNIK_M>1</JM_PRZELICZNIK_M></JM_ZLOZONA></POZYCJA><POZYCJA><LP>37</LP><TOWAR><KOD>666316</KOD><NAZWA>FIGURKA ZY17072W</NAZWA><OPIS/><EAN>5900054910780</EAN><SWW/><NUMER_KATALOGOWY/><MPP>0</MPP></TOWAR><STAWKA_VAT><STAWKA>23.00</STAWKA><FLAGA>2</FLAGA><ZRODLOWA>0.00</ZRODLOWA></STAWKA_VAT><CENY><CENAZCZTEREMAMIEJSCAMI>0</CENAZCZTEREMAMIEJSCAMI><POCZATKOWA_WAL_CENNIKA>5.0000</POCZATKOWA_WAL_CENNIKA><POCZATKOWA_WAL_DOKUMENTU>5.0000</POCZATKOWA_WAL_DOKUMENTU><PO_RABACIE_WAL_CENNIKA>4.5000</PO_RABACIE_WAL_CENNIKA><PO_RABACIE_PLN>4.5000</PO_RABACIE_PLN><PO_RABACIE_WAL_DOKUMENTU>4.5000</PO_RABACIE_WAL_DOKUMENTU></CENY><WALUTA><SYMBOL>PLN</SYMBOL><KURS_L>1.00</KURS_L><KURS_M>1</KURS_M></WALUTA><RABAT>10.00</RABAT><WARTOSC_NETTO>21.95</WARTOSC_NETTO><WARTOSC_BRUTTO>27.00</WARTOSC_BRUTTO><WARTOSC_NETTO_WAL>21.95</WARTOSC_NETTO_WAL><WARTOSC_BRUTTO_WAL>27.00</WARTOSC_BRUTTO_WAL><ILOSC>6.0000</ILOSC><JM>szt.</JM><JM_CALKOWITE>0.00</JM_CALKOWITE><JM_ZLOZONA><JMZ>szt.</JMZ><JM_PRZELICZNIK_L>1.00</JM_PRZELICZNIK_L><JM_PRZELICZNIK_M>1</JM_PRZELICZNIK_M></JM_ZLOZONA></POZYCJA><POZYCJA><LP>38</LP><TOWAR><KOD>612443</KOD><NAZWA>ART.DEKOR.Z TW.SZTUCZNEGO 42KM12272</NAZWA><OPIS/><EAN>5900054049718</EAN><SWW/><NUMER_KATALOGOWY/><MPP>0</MPP></TOWAR><STAWKA_VAT><STAWKA>23.00</STAWKA><FLAGA>2</FLAGA><ZRODLOWA>0.00</ZRODLOWA></STAWKA_VAT><CENY><CENAZCZTEREMAMIEJSCAMI>0</CENAZCZTEREMAMIEJSCAMI><POCZATKOWA_WAL_CENNIKA>3.0000</POCZATKOWA_WAL_CENNIKA><POCZATKOWA_WAL_DOKUMENTU>3.0000</POCZATKOWA_WAL_DOKUMENTU><PO_RABACIE_WAL_CENNIKA>2.7000</PO_RABACIE_WAL_CENNIKA><PO_RABACIE_PLN>2.7000</PO_RABACIE_PLN><PO_RABACIE_WAL_DOKUMENTU>2.7000</PO_RABACIE_WAL_DOKUMENTU></CENY><WALUTA><SYMBOL>PLN</SYMBOL><KURS_L>1.00</KURS_L><KURS_M>1</KURS_M></WALUTA><RABAT>10.00</RABAT><WARTOSC_NETTO>8.78</WARTOSC_NETTO><WARTOSC_BRUTTO>10.80</WARTOSC_BRUTTO><WARTOSC_NETTO_WAL>8.78</WARTOSC_NETTO_WAL><WARTOSC_BRUTTO_WAL>10.80</WARTOSC_BRUTTO_WAL><ILOSC>4.0000</ILOSC><JM>szt.</JM><JM_CALKOWITE>0.00</JM_CALKOWITE><JM_ZLOZONA><JMZ>szt.</JMZ><JM_PRZELICZNIK_L>1.00</JM_PRZELICZNIK_L><JM_PRZELICZNIK_M>1</JM_PRZELICZNIK_M></JM_ZLOZONA></POZYCJA><POZYCJA><LP>39</LP><TOWAR><KOD>664721</KOD><NAZWA>BETONOWY ANIOŁ MAK04</NAZWA><OPIS/><EAN>8596265138890</EAN><SWW/><NUMER_KATALOGOWY/><MPP>0</MPP></TOWAR><STAWKA_VAT><STAWKA>23.00</STAWKA><FLAGA>2</FLAGA><ZRODLOWA>0.00</ZRODLOWA></STAWKA_VAT><CENY><CENAZCZTEREMAMIEJSCAMI>0</CENAZCZTEREMAMIEJSCAMI><POCZATKOWA_WAL_CENNIKA>56.5000</POCZATKOWA_WAL_CENNIKA><POCZATKOWA_WAL_DOKUMENTU>56.5000</POCZATKOWA_WAL_DOKUMENTU><PO_RABACIE_WAL_CENNIKA>50.8500</PO_RABACIE_WAL_CENNIKA><PO_RABACIE_PLN>50.8500</PO_RABACIE_PLN><PO_RABACIE_WAL_DOKUMENTU>50.8500</PO_RABACIE_WAL_DOKUMENTU></CENY><WALUTA><SYMBOL>PLN</SYMBOL><KURS_L>1.00</KURS_L><KURS_M>1</KURS_M></WALUTA><RABAT>10.00</RABAT><WARTOSC_NETTO>82.68</WARTOSC_NETTO><WARTOSC_BRUTTO>101.70</WARTOSC_BRUTTO><WARTOSC_NETTO_WAL>82.68</WARTOSC_NETTO_WAL><WARTOSC_BRUTTO_WAL>101.70</WARTOSC_BRUTTO_WAL><ILOSC>2.0000</ILOSC><JM>szt</JM><JM_CALKOWITE>0.00</JM_CALKOWITE><JM_ZLOZONA><JMZ>szt</JMZ><JM_PRZELICZNIK_L>1.00</JM_PRZELICZNIK_L><JM_PRZELICZNIK_M>1</JM_PRZELICZNIK_M></JM_ZLOZONA></POZYCJA><POZYCJA><LP>40</LP><TOWAR><KOD>666314</KOD><NAZWA>FIGURKA AT98-16B1118-7</NAZWA><OPIS/><EAN>5900054829952</EAN><SWW/><NUMER_KATALOGOWY/><MPP>0</MPP></TOWAR><STAWKA_VAT><STAWKA>23.00</STAWKA><FLAGA>2</FLAGA><ZRODLOWA>0.00</ZRODLOWA></STAWKA_VAT><CENY><CENAZCZTEREMAMIEJSCAMI>0</CENAZCZTEREMAMIEJSCAMI><POCZATKOWA_WAL_CENNIKA>7.1000</POCZATKOWA_WAL_CENNIKA><POCZATKOWA_WAL_DOKUMENTU>7.1000</POCZATKOWA_WAL_DOKUMENTU><PO_RABACIE_WAL_CENNIKA>6.3900</PO_RABACIE_WAL_CENNIKA><PO_RABACIE_PLN>6.3900</PO_RABACIE_PLN><PO_RABACIE_WAL_DOKUMENTU>6.3900</PO_RABACIE_WAL_DOKUMENTU></CENY><WALUTA><SYMBOL>PLN</SYMBOL><KURS_L>1.00</KURS_L><KURS_M>1</KURS_M></WALUTA><RABAT>10.00</RABAT><WARTOSC_NETTO>41.56</WARTOSC_NETTO><WARTOSC_BRUTTO>51.12</WARTOSC_BRUTTO><WARTOSC_NETTO_WAL>41.56</WARTOSC_NETTO_WAL><WARTOSC_BRUTTO_WAL>51.12</WARTOSC_BRUTTO_WAL><ILOSC>8.0000</ILOSC><JM>szt.</JM><JM_CALKOWITE>0.00</JM_CALKOWITE><JM_ZLOZONA><JMZ>szt.</JMZ><JM_PRZELICZNIK_L>1.00</JM_PRZELICZNIK_L><JM_PRZELICZNIK_M>1</JM_PRZELICZNIK_M></JM_ZLOZONA></POZYCJA><POZYCJA><LP>41</LP><TOWAR><KOD>663873</KOD><NAZWA>FIGURKA ZY16876W</NAZWA><OPIS/><EAN>5900054889260</EAN><SWW/><NUMER_KATALOGOWY/><MPP>0</MPP></TOWAR><STAWKA_VAT><STAWKA>23.00</STAWKA><FLAGA>2</FLAGA><ZRODLOWA>0.00</ZRODLOWA></STAWKA_VAT><CENY><CENAZCZTEREMAMIEJSCAMI>0</CENAZCZTEREMAMIEJSCAMI><POCZATKOWA_WAL_CENNIKA>23.5000</POCZATKOWA_WAL_CENNIKA><POCZATKOWA_WAL_DOKUMENTU>23.5000</POCZATKOWA_WAL_DOKUMENTU><PO_RABACIE_WAL_CENNIKA>21.1500</PO_RABACIE_WAL_CENNIKA><PO_RABACIE_PLN>21.1500</PO_RABACIE_PLN><PO_RABACIE_WAL_DOKUMENTU>21.1500</PO_RABACIE_WAL_DOKUMENTU></CENY><WALUTA><SYMBOL>PLN</SYMBOL><KURS_L>1.00</KURS_L><KURS_M>1</KURS_M></WALUTA><RABAT>10.00</RABAT><WARTOSC_NETTO>34.39</WARTOSC_NETTO><WARTOSC_BRUTTO>42.30</WARTOSC_BRUTTO><WARTOSC_NETTO_WAL>34.39</WARTOSC_NETTO_WAL><WARTOSC_BRUTTO_WAL>42.30</WARTOSC_BRUTTO_WAL><ILOSC>2.0000</ILOSC><JM>szt.</JM><JM_CALKOWITE>0.00</JM_CALKOWITE><JM_ZLOZONA><JMZ>szt.</JMZ><JM_PRZELICZNIK_L>1.00</JM_PRZELICZNIK_L><JM_PRZELICZNIK_M>1</JM_PRZELICZNIK_M></JM_ZLOZONA></POZYCJA><POZYCJA><LP>42</LP><TOWAR><KOD>666315</KOD><NAZWA>FIGURKA ZY17067W</NAZWA><OPIS/><EAN>5900054910735</EAN><SWW/><NUMER_KATALOGOWY/><MPP>0</MPP></TOWAR><STAWKA_VAT><STAWKA>23.00</STAWKA><FLAGA>2</FLAGA><ZRODLOWA>0.00</ZRODLOWA></STAWKA_VAT><CENY><CENAZCZTEREMAMIEJSCAMI>0</CENAZCZTEREMAMIEJSCAMI><POCZATKOWA_WAL_CENNIKA>13.4000</POCZATKOWA_WAL_CENNIKA><POCZATKOWA_WAL_DOKUMENTU>13.4000</POCZATKOWA_WAL_DOKUMENTU><PO_RABACIE_WAL_CENNIKA>12.0600</PO_RABACIE_WAL_CENNIKA><PO_RABACIE_PLN>12.0600</PO_RABACIE_PLN><PO_RABACIE_WAL_DOKUMENTU>12.0600</PO_RABACIE_WAL_DOKUMENTU></CENY><WALUTA><SYMBOL>PLN</SYMBOL><KURS_L>1.00</KURS_L><KURS_M>1</KURS_M></WALUTA><RABAT>10.00</RABAT><WARTOSC_NETTO>39.22</WARTOSC_NETTO><WARTOSC_BRUTTO>48.24</WARTOSC_BRUTTO><WARTOSC_NETTO_WAL>39.22</WARTOSC_NETTO_WAL><WARTOSC_BRUTTO_WAL>48.24</WARTOSC_BRUTTO_WAL><ILOSC>4.0000</ILOSC><JM>szt.</JM><JM_CALKOWITE>0.00</JM_CALKOWITE><JM_ZLOZONA><JMZ>szt.</JMZ><JM_PRZELICZNIK_L>1.00</JM_PRZELICZNIK_L><JM_PRZELICZNIK_M>1</JM_PRZELICZNIK_M></JM_ZLOZONA></POZYCJA><POZYCJA><LP>43</LP><TOWAR><KOD>664896</KOD><NAZWA>FIGURKA AT98-16B1105-12,5</NAZWA><OPIS/><EAN>5900054829907</EAN><SWW/><NUMER_KATALOGOWY/><MPP>0</MPP></TOWAR><STAWKA_VAT><STAWKA>23.00</STAWKA><FLAGA>2</FLAGA><ZRODLOWA>0.00</ZRODLOWA></STAWKA_VAT><CENY><CENAZCZTEREMAMIEJSCAMI>0</CENAZCZTEREMAMIEJSCAMI><POCZATKOWA_WAL_CENNIKA>17.4000</POCZATKOWA_WAL_CENNIKA><POCZATKOWA_WAL_DOKUMENTU>17.4000</POCZATKOWA_WAL_DOKUMENTU><PO_RABACIE_WAL_CENNIKA>15.6600</PO_RABACIE_WAL_CENNIKA><PO_RABACIE_PLN>15.6600</PO_RABACIE_PLN><PO_RABACIE_WAL_DOKUMENTU>15.6600</PO_RABACIE_WAL_DOKUMENTU></CENY><WALUTA><SYMBOL>PLN</SYMBOL><KURS_L>1.00</KURS_L><KURS_M>1</KURS_M></WALUTA><RABAT>10.00</RABAT><WARTOSC_NETTO>25.46</WARTOSC_NETTO><WARTOSC_BRUTTO>31.32</WARTOSC_BRUTTO><WARTOSC_NETTO_WAL>25.46</WARTOSC_NETTO_WAL><WARTOSC_BRUTTO_WAL>31.32</WARTOSC_BRUTTO_WAL><ILOSC>2.0000</ILOSC><JM>szt</JM><JM_CALKOWITE>0.00</JM_CALKOWITE><JM_ZLOZONA><JMZ>szt</JMZ><JM_PRZELICZNIK_L>1.00</JM_PRZELICZNIK_L><JM_PRZELICZNIK_M>1</JM_PRZELICZNIK_M></JM_ZLOZONA></POZYCJA><POZYCJA><LP>44</LP><TOWAR><KOD>619776</KOD><NAZWA>FIGURKA AT98-16B1128-11</NAZWA><OPIS/><EAN>5900054830002</EAN><SWW/><NUMER_KATALOGOWY/><MPP>0</MPP></TOWAR><STAWKA_VAT><STAWKA>23.00</STAWKA><FLAGA>2</FLAGA><ZRODLOWA>0.00</ZRODLOWA></STAWKA_VAT><CENY><CENAZCZTEREMAMIEJSCAMI>0</CENAZCZTEREMAMIEJSCAMI><POCZATKOWA_WAL_CENNIKA>9.2000</POCZATKOWA_WAL_CENNIKA><POCZATKOWA_WAL_DOKUMENTU>9.2000</POCZATKOWA_WAL_DOKUMENTU><PO_RABACIE_WAL_CENNIKA>8.2800</PO_RABACIE_WAL_CENNIKA><PO_RABACIE_PLN>8.2800</PO_RABACIE_PLN><PO_RABACIE_WAL_DOKUMENTU>8.2800</PO_RABACIE_WAL_DOKUMENTU></CENY><WALUTA><SYMBOL>PLN</SYMBOL><KURS_L>1.00</KURS_L><KURS_M>1</KURS_M></WALUTA><RABAT>10.00</RABAT><WARTOSC_NETTO>53.85</WARTOSC_NETTO><WARTOSC_BRUTTO>66.24</WARTOSC_BRUTTO><WARTOSC_NETTO_WAL>53.85</WARTOSC_NETTO_WAL><WARTOSC_BRUTTO_WAL>66.24</WARTOSC_BRUTTO_WAL><ILOSC>8.0000</ILOSC><JM>szt</JM><JM_CALKOWITE>0.00</JM_CALKOWITE><JM_ZLOZONA><JMZ>szt</JMZ><JM_PRZELICZNIK_L>1.00</JM_PRZELICZNIK_L><JM_PRZELICZNIK_M>1</JM_PRZELICZNIK_M></JM_ZLOZONA></POZYCJA><POZYCJA><LP>45</LP><TOWAR><KOD>666284</KOD><NAZWA>FIGURKA AT5-136387W</NAZWA><OPIS/><EAN>5900054635324</EAN><SWW/><NUMER_KATALOGOWY/><MPP>0</MPP></TOWAR><STAWKA_VAT><STAWKA>23.00</STAWKA><FLAGA>2</FLAGA><ZRODLOWA>0.00</ZRODLOWA></STAWKA_VAT><CENY><CENAZCZTEREMAMIEJSCAMI>0</CENAZCZTEREMAMIEJSCAMI><POCZATKOWA_WAL_CENNIKA>18.9000</POCZATKOWA_WAL_CENNIKA><POCZATKOWA_WAL_DOKUMENTU>18.9000</POCZATKOWA_WAL_DOKUMENTU><PO_RABACIE_WAL_CENNIKA>17.0100</PO_RABACIE_WAL_CENNIKA><PO_RABACIE_PLN>17.0100</PO_RABACIE_PLN><PO_RABACIE_WAL_DOKUMENTU>17.0100</PO_RABACIE_WAL_DOKUMENTU></CENY><WALUTA><SYMBOL>PLN</SYMBOL><KURS_L>1.00</KURS_L><KURS_M>1</KURS_M></WALUTA><RABAT>10.00</RABAT><WARTOSC_NETTO>55.32</WARTOSC_NETTO><WARTOSC_BRUTTO>68.04</WARTOSC_BRUTTO><WARTOSC_NETTO_WAL>55.32</WARTOSC_NETTO_WAL><WARTOSC_BRUTTO_WAL>68.04</WARTOSC_BRUTTO_WAL><ILOSC>4.0000</ILOSC><JM>szt</JM><JM_CALKOWITE>0.00</JM_CALKOWITE><JM_ZLOZONA><JMZ>szt</JMZ><JM_PRZELICZNIK_L>1.00</JM_PRZELICZNIK_L><JM_PRZELICZNIK_M>1</JM_PRZELICZNIK_M></JM_ZLOZONA></POZYCJA><POZYCJA><LP>46</LP><TOWAR><KOD>666335</KOD><NAZWA>FIGURKA QTY719183FD</NAZWA><OPIS/><EAN>5903288180233</EAN><SWW/><NUMER_KATALOGOWY/><MPP>0</MPP></TOWAR><STAWKA_VAT><STAWKA>23.00</STAWKA><FLAGA>2</FLAGA><ZRODLOWA>0.00</ZRODLOWA></STAWKA_VAT><CENY><CENAZCZTEREMAMIEJSCAMI>0</CENAZCZTEREMAMIEJSCAMI><POCZATKOWA_WAL_CENNIKA>49.9000</POCZATKOWA_WAL_CENNIKA><POCZATKOWA_WAL_DOKUMENTU>49.9000</POCZATKOWA_WAL_DOKUMENTU><PO_RABACIE_WAL_CENNIKA>44.9100</PO_RABACIE_WAL_CENNIKA><PO_RABACIE_PLN>44.9100</PO_RABACIE_PLN><PO_RABACIE_WAL_DOKUMENTU>44.9100</PO_RABACIE_WAL_DOKUMENTU></CENY><WALUTA><SYMBOL>PLN</SYMBOL><KURS_L>1.00</KURS_L><KURS_M>1</KURS_M></WALUTA><RABAT>10.00</RABAT><WARTOSC_NETTO>36.51</WARTOSC_NETTO><WARTOSC_BRUTTO>44.91</WARTOSC_BRUTTO><WARTOSC_NETTO_WAL>36.51</WARTOSC_NETTO_WAL><WARTOSC_BRUTTO_WAL>44.91</WARTOSC_BRUTTO_WAL><ILOSC>1.0000</ILOSC><JM>szt.</JM><JM_CALKOWITE>0.00</JM_CALKOWITE><JM_ZLOZONA><JMZ>szt.</JMZ><JM_PRZELICZNIK_L>1.00</JM_PRZELICZNIK_L><JM_PRZELICZNIK_M>1</JM_PRZELICZNIK_M></JM_ZLOZONA></POZYCJA><POZYCJA><LP>47</LP><TOWAR><KOD>663872</KOD><NAZWA>ART.DEKOR Z TW.SZTUCZNEGO 42KM12263</NAZWA><OPIS/><EAN>5900054029048</EAN><SWW/><NUMER_KATALOGOWY/><MPP>0</MPP></TOWAR><STAWKA_VAT><STAWKA>23.00</STAWKA><FLAGA>2</FLAGA><ZRODLOWA>0.00</ZRODLOWA></STAWKA_VAT><CENY><CENAZCZTEREMAMIEJSCAMI>0</CENAZCZTEREMAMIEJSCAMI><POCZATKOWA_WAL_CENNIKA>8.9000</POCZATKOWA_WAL_CENNIKA><POCZATKOWA_WAL_DOKUMENTU>8.9000</POCZATKOWA_WAL_DOKUMENTU><PO_RABACIE_WAL_CENNIKA>8.0100</PO_RABACIE_WAL_CENNIKA><PO_RABACIE_PLN>8.0100</PO_RABACIE_PLN><PO_RABACIE_WAL_DOKUMENTU>8.0100</PO_RABACIE_WAL_DOKUMENTU></CENY><WALUTA><SYMBOL>PLN</SYMBOL><KURS_L>1.00</KURS_L><KURS_M>1</KURS_M></WALUTA><RABAT>10.00</RABAT><WARTOSC_NETTO>26.05</WARTOSC_NETTO><WARTOSC_BRUTTO>32.04</WARTOSC_BRUTTO><WARTOSC_NETTO_WAL>26.05</WARTOSC_NETTO_WAL><WARTOSC_BRUTTO_WAL>32.04</WARTOSC_BRUTTO_WAL><ILOSC>4.0000</ILOSC><JM>szt.</JM><JM_CALKOWITE>0.00</JM_CALKOWITE><JM_ZLOZONA><JMZ>szt.</JMZ><JM_PRZELICZNIK_L>1.00</JM_PRZELICZNIK_L><JM_PRZELICZNIK_M>1</JM_PRZELICZNIK_M></JM_ZLOZONA></POZYCJA><POZYCJA><LP>48</LP><TOWAR><KOD>666313</KOD><NAZWA>FIGURKA AT98-16B1106-10</NAZWA><OPIS/><EAN>5900054829914</EAN><SWW/><NUMER_KATALOGOWY/><MPP>0</MPP></TOWAR><STAWKA_VAT><STAWKA>23.00</STAWKA><FLAGA>2</FLAGA><ZRODLOWA>0.00</ZRODLOWA></STAWKA_VAT><CENY><CENAZCZTEREMAMIEJSCAMI>0</CENAZCZTEREMAMIEJSCAMI><POCZATKOWA_WAL_CENNIKA>12.1000</POCZATKOWA_WAL_CENNIKA><POCZATKOWA_WAL_DOKUMENTU>12.1000</POCZATKOWA_WAL_DOKUMENTU><PO_RABACIE_WAL_CENNIKA>10.8900</PO_RABACIE_WAL_CENNIKA><PO_RABACIE_PLN>10.8900</PO_RABACIE_PLN><PO_RABACIE_WAL_DOKUMENTU>10.8900</PO_RABACIE_WAL_DOKUMENTU></CENY><WALUTA><SYMBOL>PLN</SYMBOL><KURS_L>1.00</KURS_L><KURS_M>1</KURS_M></WALUTA><RABAT>10.00</RABAT><WARTOSC_NETTO>35.41</WARTOSC_NETTO><WARTOSC_BRUTTO>43.56</WARTOSC_BRUTTO><WARTOSC_NETTO_WAL>35.41</WARTOSC_NETTO_WAL><WARTOSC_BRUTTO_WAL>43.56</WARTOSC_BRUTTO_WAL><ILOSC>4.0000</ILOSC><JM>szt.</JM><JM_CALKOWITE>0.00</JM_CALKOWITE><JM_ZLOZONA><JMZ>szt.</JMZ><JM_PRZELICZNIK_L>1.00</JM_PRZELICZNIK_L><JM_PRZELICZNIK_M>1</JM_PRZELICZNIK_M></JM_ZLOZONA></POZYCJA><POZYCJA><LP>49</LP><TOWAR><KOD>666333</KOD><NAZWA>FIGURKA QTY719189FD</NAZWA><OPIS/><EAN>5903288180271</EAN><SWW/><NUMER_KATALOGOWY/><MPP>0</MPP></TOWAR><STAWKA_VAT><STAWKA>23.00</STAWKA><FLAGA>2</FLAGA><ZRODLOWA>0.00</ZRODLOWA></STAWKA_VAT><CENY><CENAZCZTEREMAMIEJSCAMI>0</CENAZCZTEREMAMIEJSCAMI><POCZATKOWA_WAL_CENNIKA>76.7000</POCZATKOWA_WAL_CENNIKA><POCZATKOWA_WAL_DOKUMENTU>76.7000</POCZATKOWA_WAL_DOKUMENTU><PO_RABACIE_WAL_CENNIKA>69.0300</PO_RABACIE_WAL_CENNIKA><PO_RABACIE_PLN>69.0300</PO_RABACIE_PLN><PO_RABACIE_WAL_DOKUMENTU>69.0300</PO_RABACIE_WAL_DOKUMENTU></CENY><WALUTA><SYMBOL>PLN</SYMBOL><KURS_L>1.00</KURS_L><KURS_M>1</KURS_M></WALUTA><RABAT>10.00</RABAT><WARTOSC_NETTO>56.12</WARTOSC_NETTO><WARTOSC_BRUTTO>69.03</WARTOSC_BRUTTO><WARTOSC_NETTO_WAL>56.12</WARTOSC_NETTO_WAL><WARTOSC_BRUTTO_WAL>69.03</WARTOSC_BRUTTO_WAL><ILOSC>1.0000</ILOSC><JM>szt</JM><JM_CALKOWITE>0.00</JM_CALKOWITE><JM_ZLOZONA><JMZ>szt</JMZ><JM_PRZELICZNIK_L>1.00</JM_PRZELICZNIK_L><JM_PRZELICZNIK_M>1</JM_PRZELICZNIK_M></JM_ZLOZONA></POZYCJA><POZYCJA><LP>50</LP><TOWAR><KOD>252129</KOD><NAZWA>KWIATY SZTUCZNE BUKIET X201</NAZWA><OPIS/><EAN/><SWW/><NUMER_KATALOGOWY/><MPP>0</MPP></TOWAR><STAWKA_VAT><STAWKA>23.00</STAWKA><FLAGA>2</FLAGA><ZRODLOWA>0.00</ZRODLOWA></STAWKA_VAT><CENY><CENAZCZTEREMAMIEJSCAMI>0</CENAZCZTEREMAMIEJSCAMI><POCZATKOWA_WAL_CENNIKA>25.6000</POCZATKOWA_WAL_CENNIKA><POCZATKOWA_WAL_DOKUMENTU>25.6000</POCZATKOWA_WAL_DOKUMENTU><PO_RABACIE_WAL_CENNIKA>23.0400</PO_RABACIE_WAL_CENNIKA><PO_RABACIE_PLN>23.0400</PO_RABACIE_PLN><PO_RABACIE_WAL_DOKUMENTU>23.0400</PO_RABACIE_WAL_DOKUMENTU></CENY><WALUTA><SYMBOL>PLN</SYMBOL><KURS_L>1.00</KURS_L><KURS_M>1</KURS_M></WALUTA><RABAT>10.00</RABAT><WARTOSC_NETTO>224.78</WARTOSC_NETTO><WARTOSC_BRUTTO>276.48</WARTOSC_BRUTTO><WARTOSC_NETTO_WAL>224.78</WARTOSC_NETTO_WAL><WARTOSC_BRUTTO_WAL>276.48</WARTOSC_BRUTTO_WAL><ILOSC>12.0000</ILOSC><JM>szt</JM><JM_CALKOWITE>0.00</JM_CALKOWITE><JM_ZLOZONA><JMZ>szt</JMZ><JM_PRZELICZNIK_L>1.00</JM_PRZELICZNIK_L><JM_PRZELICZNIK_M>1</JM_PRZELICZNIK_M></JM_ZLOZONA></POZYCJA><POZYCJA><LP>51</LP><TOWAR><KOD>251721</KOD><NAZWA>KWIATY SZTUCZNE RÓŻA QA293
</NAZWA><OPIS/><EAN/><SWW/><NUMER_KATALOGOWY/><MPP>0</MPP></TOWAR><STAWKA_VAT><STAWKA>23.00</STAWKA><FLAGA>2</FLAGA><ZRODLOWA>0.00</ZRODLOWA></STAWKA_VAT><CENY><CENAZCZTEREMAMIEJSCAMI>0</CENAZCZTEREMAMIEJSCAMI><POCZATKOWA_WAL_CENNIKA>24.6000</POCZATKOWA_WAL_CENNIKA><POCZATKOWA_WAL_DOKUMENTU>24.6000</POCZATKOWA_WAL_DOKUMENTU><PO_RABACIE_WAL_CENNIKA>22.1400</PO_RABACIE_WAL_CENNIKA><PO_RABACIE_PLN>22.1400</PO_RABACIE_PLN><PO_RABACIE_WAL_DOKUMENTU>22.1400</PO_RABACIE_WAL_DOKUMENTU></CENY><WALUTA><SYMBOL>PLN</SYMBOL><KURS_L>1.00</KURS_L><KURS_M>1</KURS_M></WALUTA><RABAT>10.00</RABAT><WARTOSC_NETTO>72.00</WARTOSC_NETTO><WARTOSC_BRUTTO>88.56</WARTOSC_BRUTTO><WARTOSC_NETTO_WAL>72.00</WARTOSC_NETTO_WAL><WARTOSC_BRUTTO_WAL>88.56</WARTOSC_BRUTTO_WAL><ILOSC>4.0000</ILOSC><JM>szt</JM><JM_CALKOWITE>0.00</JM_CALKOWITE><JM_ZLOZONA><JMZ>szt</JMZ><JM_PRZELICZNIK_L>1.00</JM_PRZELICZNIK_L><JM_PRZELICZNIK_M>1</JM_PRZELICZNIK_M></JM_ZLOZONA></POZYCJA><POZYCJA><LP>52</LP><TOWAR><KOD>251887</KOD><NAZWA>KWIATY SZTUCZNE BUKIET L9-24</NAZWA><OPIS/><EAN/><SWW/><NUMER_KATALOGOWY/><MPP>0</MPP></TOWAR><STAWKA_VAT><STAWKA>23.00</STAWKA><FLAGA>2</FLAGA><ZRODLOWA>0.00</ZRODLOWA></STAWKA_VAT><CENY><CENAZCZTEREMAMIEJSCAMI>0</CENAZCZTEREMAMIEJSCAMI><POCZATKOWA_WAL_CENNIKA>24.3000</POCZATKOWA_WAL_CENNIKA><POCZATKOWA_WAL_DOKUMENTU>24.3000</POCZATKOWA_WAL_DOKUMENTU><PO_RABACIE_WAL_CENNIKA>21.8700</PO_RABACIE_WAL_CENNIKA><PO_RABACIE_PLN>21.8700</PO_RABACIE_PLN><PO_RABACIE_WAL_DOKUMENTU>21.8700</PO_RABACIE_WAL_DOKUMENTU></CENY><WALUTA><SYMBOL>PLN</SYMBOL><KURS_L>1.00</KURS_L><KURS_M>1</KURS_M></WALUTA><RABAT>10.00</RABAT><WARTOSC_NETTO>106.68</WARTOSC_NETTO><WARTOSC_BRUTTO>131.22</WARTOSC_BRUTTO><WARTOSC_NETTO_WAL>106.68</WARTOSC_NETTO_WAL><WARTOSC_BRUTTO_WAL>131.22</WARTOSC_BRUTTO_WAL><ILOSC>6.0000</ILOSC><JM>szt</JM><JM_CALKOWITE>0.00</JM_CALKOWITE><JM_ZLOZONA><JMZ>szt</JMZ><JM_PRZELICZNIK_L>1.00</JM_PRZELICZNIK_L><JM_PRZELICZNIK_M>1</JM_PRZELICZNIK_M></JM_ZLOZONA></POZYCJA><POZYCJA><LP>53</LP><TOWAR><KOD>251921</KOD><NAZWA>KWIATY SZTUCZNE PEONIA 7/7223</NAZWA><OPIS/><EAN/><SWW/><NUMER_KATALOGOWY/><MPP>0</MPP></TOWAR><STAWKA_VAT><STAWKA>23.00</STAWKA><FLAGA>2</FLAGA><ZRODLOWA>0.00</ZRODLOWA></STAWKA_VAT><CENY><CENAZCZTEREMAMIEJSCAMI>0</CENAZCZTEREMAMIEJSCAMI><POCZATKOWA_WAL_CENNIKA>36.5000</POCZATKOWA_WAL_CENNIKA><POCZATKOWA_WAL_DOKUMENTU>36.5000</POCZATKOWA_WAL_DOKUMENTU><PO_RABACIE_WAL_CENNIKA>32.8500</PO_RABACIE_WAL_CENNIKA><PO_RABACIE_PLN>32.8500</PO_RABACIE_PLN><PO_RABACIE_WAL_DOKUMENTU>32.8500</PO_RABACIE_WAL_DOKUMENTU></CENY><WALUTA><SYMBOL>PLN</SYMBOL><KURS_L>1.00</KURS_L><KURS_M>1</KURS_M></WALUTA><RABAT>10.00</RABAT><WARTOSC_NETTO>106.83</WARTOSC_NETTO><WARTOSC_BRUTTO>131.40</WARTOSC_BRUTTO><WARTOSC_NETTO_WAL>106.83</WARTOSC_NETTO_WAL><WARTOSC_BRUTTO_WAL>131.40</WARTOSC_BRUTTO_WAL><ILOSC>4.0000</ILOSC><JM>szt</JM><JM_CALKOWITE>0.00</JM_CALKOWITE><JM_ZLOZONA><JMZ>szt</JMZ><JM_PRZELICZNIK_L>1.00</JM_PRZELICZNIK_L><JM_PRZELICZNIK_M>1</JM_PRZELICZNIK_M></JM_ZLOZONA></POZYCJA><POZYCJA><LP>54</LP><TOWAR><KOD>252066</KOD><NAZWA>KWIATY SZTUCZNE BUKIET PIWONIA MY 002</NAZWA><OPIS/><EAN/><SWW/><NUMER_KATALOGOWY/><MPP>0</MPP></TOWAR><STAWKA_VAT><STAWKA>23.00</STAWKA><FLAGA>2</FLAGA><ZRODLOWA>0.00</ZRODLOWA></STAWKA_VAT><CENY><CENAZCZTEREMAMIEJSCAMI>0</CENAZCZTEREMAMIEJSCAMI><POCZATKOWA_WAL_CENNIKA>40.5000</POCZATKOWA_WAL_CENNIKA><POCZATKOWA_WAL_DOKUMENTU>40.5000</POCZATKOWA_WAL_DOKUMENTU><PO_RABACIE_WAL_CENNIKA>36.4500</PO_RABACIE_WAL_CENNIKA><PO_RABACIE_PLN>36.4500</PO_RABACIE_PLN><PO_RABACIE_WAL_DOKUMENTU>36.4500</PO_RABACIE_WAL_DOKUMENTU></CENY><WALUTA><SYMBOL>PLN</SYMBOL><KURS_L>1.00</KURS_L><KURS_M>1</KURS_M></WALUTA><RABAT>10.00</RABAT><WARTOSC_NETTO>177.80</WARTOSC_NETTO><WARTOSC_BRUTTO>218.70</WARTOSC_BRUTTO><WARTOSC_NETTO_WAL>177.80</WARTOSC_NETTO_WAL><WARTOSC_BRUTTO_WAL>218.70</WARTOSC_BRUTTO_WAL><ILOSC>6.0000</ILOSC><JM>szt</JM><JM_CALKOWITE>0.00</JM_CALKOWITE><JM_ZLOZONA><JMZ>szt</JMZ><JM_PRZELICZNIK_L>1.00</JM_PRZELICZNIK_L><JM_PRZELICZNIK_M>1</JM_PRZELICZNIK_M></JM_ZLOZONA></POZYCJA><POZYCJA><LP>55</LP><TOWAR><KOD>250491</KOD><NAZWA>KWIAT SZTUCZNY-LISĆ STORCZYKA KDG - L200</NAZWA><OPIS/><EAN/><SWW/><NUMER_KATALOGOWY/><MPP>0</MPP></TOWAR><STAWKA_VAT><STAWKA>23.00</STAWKA><FLAGA>2</FLAGA><ZRODLOWA>0.00</ZRODLOWA></STAWKA_VAT><CENY><CENAZCZTEREMAMIEJSCAMI>0</CENAZCZTEREMAMIEJSCAMI><POCZATKOWA_WAL_CENNIKA>6.2000</POCZATKOWA_WAL_CENNIKA><POCZATKOWA_WAL_DOKUMENTU>6.2000</POCZATKOWA_WAL_DOKUMENTU><PO_RABACIE_WAL_CENNIKA>5.5800</PO_RABACIE_WAL_CENNIKA><PO_RABACIE_PLN>5.5800</PO_RABACIE_PLN><PO_RABACIE_WAL_DOKUMENTU>5.5800</PO_RABACIE_WAL_DOKUMENTU></CENY><WALUTA><SYMBOL>PLN</SYMBOL><KURS_L>1.00</KURS_L><KURS_M>1</KURS_M></WALUTA><RABAT>10.00</RABAT><WARTOSC_NETTO>58.98</WARTOSC_NETTO><WARTOSC_BRUTTO>72.54</WARTOSC_BRUTTO><WARTOSC_NETTO_WAL>58.98</WARTOSC_NETTO_WAL><WARTOSC_BRUTTO_WAL>72.54</WARTOSC_BRUTTO_WAL><ILOSC>13.0000</ILOSC><JM>szt.</JM><JM_CALKOWITE>0.00</JM_CALKOWITE><JM_ZLOZONA><JMZ>szt.</JMZ><JM_PRZELICZNIK_L>1.00</JM_PRZELICZNIK_L><JM_PRZELICZNIK_M>1</JM_PRZELICZNIK_M></JM_ZLOZONA></POZYCJA><POZYCJA><LP>56</LP><TOWAR><KOD>251808</KOD><NAZWA>KWIAT SZTUCZNY - LIŚĆ WINOGRONA MECH</NAZWA><OPIS/><EAN/><SWW/><NUMER_KATALOGOWY/><MPP>0</MPP></TOWAR><STAWKA_VAT><STAWKA>23.00</STAWKA><FLAGA>2</FLAGA><ZRODLOWA>0.00</ZRODLOWA></STAWKA_VAT><CENY><CENAZCZTEREMAMIEJSCAMI>0</CENAZCZTEREMAMIEJSCAMI><POCZATKOWA_WAL_CENNIKA>5.0000</POCZATKOWA_WAL_CENNIKA><POCZATKOWA_WAL_DOKUMENTU>5.0000</POCZATKOWA_WAL_DOKUMENTU><PO_RABACIE_WAL_CENNIKA>4.5000</PO_RABACIE_WAL_CENNIKA><PO_RABACIE_PLN>4.5000</PO_RABACIE_PLN><PO_RABACIE_WAL_DOKUMENTU>4.5000</PO_RABACIE_WAL_DOKUMENTU></CENY><WALUTA><SYMBOL>PLN</SYMBOL><KURS_L>1.00</KURS_L><KURS_M>1</KURS_M></WALUTA><RABAT>10.00</RABAT><WARTOSC_NETTO>87.80</WARTOSC_NETTO><WARTOSC_BRUTTO>108.00</WARTOSC_BRUTTO><WARTOSC_NETTO_WAL>87.80</WARTOSC_NETTO_WAL><WARTOSC_BRUTTO_WAL>108.00</WARTOSC_BRUTTO_WAL><ILOSC>24.0000</ILOSC><JM>szt.</JM><JM_CALKOWITE>0.00</JM_CALKOWITE><JM_ZLOZONA><JMZ>szt.</JMZ><JM_PRZELICZNIK_L>1.00</JM_PRZELICZNIK_L><JM_PRZELICZNIK_M>1</JM_PRZELICZNIK_M></JM_ZLOZONA></POZYCJA><POZYCJA><LP>57</LP><TOWAR><KOD>251478</KOD><NAZWA>KWIATY SZTUCZNE BL019</NAZWA><OPIS/><EAN/><SWW/><NUMER_KATALOGOWY/><MPP>0</MPP></TOWAR><STAWKA_VAT><STAWKA>23.00</STAWKA><FLAGA>2</FLAGA><ZRODLOWA>0.00</ZRODLOWA></STAWKA_VAT><CENY><CENAZCZTEREMAMIEJSCAMI>0</CENAZCZTEREMAMIEJSCAMI><POCZATKOWA_WAL_CENNIKA>2.1500</POCZATKOWA_WAL_CENNIKA><POCZATKOWA_WAL_DOKUMENTU>2.1500</POCZATKOWA_WAL_DOKUMENTU><PO_RABACIE_WAL_CENNIKA>1.9400</PO_RABACIE_WAL_CENNIKA><PO_RABACIE_PLN>1.9400</PO_RABACIE_PLN><PO_RABACIE_WAL_DOKUMENTU>1.9400</PO_RABACIE_WAL_DOKUMENTU></CENY><WALUTA><SYMBOL>PLN</SYMBOL><KURS_L>1.00</KURS_L><KURS_M>1</KURS_M></WALUTA><RABAT>10.00</RABAT><WARTOSC_NETTO>189.27</WARTOSC_NETTO><WARTOSC_BRUTTO>232.80</WARTOSC_BRUTTO><WARTOSC_NETTO_WAL>189.27</WARTOSC_NETTO_WAL><WARTOSC_BRUTTO_WAL>232.80</WARTOSC_BRUTTO_WAL><ILOSC>120.0000</ILOSC><JM>szt</JM><JM_CALKOWITE>0.00</JM_CALKOWITE><JM_ZLOZONA><JMZ>szt</JMZ><JM_PRZELICZNIK_L>1.00</JM_PRZELICZNIK_L><JM_PRZELICZNIK_M>1</JM_PRZELICZNIK_M></JM_ZLOZONA></POZYCJA><POZYCJA><LP>58</LP><TOWAR><KOD>251129</KOD><NAZWA>KWIATY SZTUCZNE RX038</NAZWA><OPIS/><EAN/><SWW/><NUMER_KATALOGOWY/><MPP>0</MPP></TOWAR><STAWKA_VAT><STAWKA>23.00</STAWKA><FLAGA>2</FLAGA><ZRODLOWA>0.00</ZRODLOWA></STAWKA_VAT><CENY><CENAZCZTEREMAMIEJSCAMI>0</CENAZCZTEREMAMIEJSCAMI><POCZATKOWA_WAL_CENNIKA>4.1000</POCZATKOWA_WAL_CENNIKA><POCZATKOWA_WAL_DOKUMENTU>4.1000</POCZATKOWA_WAL_DOKUMENTU><PO_RABACIE_WAL_CENNIKA>3.6900</PO_RABACIE_WAL_CENNIKA><PO_RABACIE_PLN>3.6900</PO_RABACIE_PLN><PO_RABACIE_WAL_DOKUMENTU>3.6900</PO_RABACIE_WAL_DOKUMENTU></CENY><WALUTA><SYMBOL>PLN</SYMBOL><KURS_L>1.00</KURS_L><KURS_M>1</KURS_M></WALUTA><RABAT>10.00</RABAT><WARTOSC_NETTO>72.00</WARTOSC_NETTO><WARTOSC_BRUTTO>88.56</WARTOSC_BRUTTO><WARTOSC_NETTO_WAL>72.00</WARTOSC_NETTO_WAL><WARTOSC_BRUTTO_WAL>88.56</WARTOSC_BRUTTO_WAL><ILOSC>24.0000</ILOSC><JM>szt</JM><JM_CALKOWITE>0.00</JM_CALKOWITE><JM_ZLOZONA><JMZ>szt</JMZ><JM_PRZELICZNIK_L>1.00</JM_PRZELICZNIK_L><JM_PRZELICZNIK_M>1</JM_PRZELICZNIK_M></JM_ZLOZONA></POZYCJA><POZYCJA><LP>59</LP><TOWAR><KOD>251258</KOD><NAZWA>KWIATY SZTUCZNE LIŚĆ K7-3/15</NAZWA><OPIS/><EAN/><SWW/><NUMER_KATALOGOWY/><MPP>0</MPP></TOWAR><STAWKA_VAT><STAWKA>23.00</STAWKA><FLAGA>2</FLAGA><ZRODLOWA>0.00</ZRODLOWA></STAWKA_VAT><CENY><CENAZCZTEREMAMIEJSCAMI>0</CENAZCZTEREMAMIEJSCAMI><POCZATKOWA_WAL_CENNIKA>2.3500</POCZATKOWA_WAL_CENNIKA><POCZATKOWA_WAL_DOKUMENTU>2.3500</POCZATKOWA_WAL_DOKUMENTU><PO_RABACIE_WAL_CENNIKA>2.1200</PO_RABACIE_WAL_CENNIKA><PO_RABACIE_PLN>2.1200</PO_RABACIE_PLN><PO_RABACIE_WAL_DOKUMENTU>2.1200</PO_RABACIE_WAL_DOKUMENTU></CENY><WALUTA><SYMBOL>PLN</SYMBOL><KURS_L>1.00</KURS_L><KURS_M>1</KURS_M></WALUTA><RABAT>10.00</RABAT><WARTOSC_NETTO>41.37</WARTOSC_NETTO><WARTOSC_BRUTTO>50.88</WARTOSC_BRUTTO><WARTOSC_NETTO_WAL>41.37</WARTOSC_NETTO_WAL><WARTOSC_BRUTTO_WAL>50.88</WARTOSC_BRUTTO_WAL><ILOSC>24.0000</ILOSC><JM>szt</JM><JM_CALKOWITE>0.00</JM_CALKOWITE><JM_ZLOZONA><JMZ>szt</JMZ><JM_PRZELICZNIK_L>1.00</JM_PRZELICZNIK_L><JM_PRZELICZNIK_M>1</JM_PRZELICZNIK_M></JM_ZLOZONA></POZYCJA><POZYCJA><LP>60</LP><TOWAR><KOD>250711</KOD><NAZWA>KWIATY SZTUCZNE-LIŚĆ MANGO</NAZWA><OPIS/><EAN/><SWW/><NUMER_KATALOGOWY/><MPP>0</MPP></TOWAR><STAWKA_VAT><STAWKA>23.00</STAWKA><FLAGA>2</FLAGA><ZRODLOWA>0.00</ZRODLOWA></STAWKA_VAT><CENY><CENAZCZTEREMAMIEJSCAMI>0</CENAZCZTEREMAMIEJSCAMI><POCZATKOWA_WAL_CENNIKA>4.7000</POCZATKOWA_WAL_CENNIKA><POCZATKOWA_WAL_DOKUMENTU>4.7000</POCZATKOWA_WAL_DOKUMENTU><PO_RABACIE_WAL_CENNIKA>4.2300</PO_RABACIE_WAL_CENNIKA><PO_RABACIE_PLN>4.2300</PO_RABACIE_PLN><PO_RABACIE_WAL_DOKUMENTU>4.2300</PO_RABACIE_WAL_DOKUMENTU></CENY><WALUTA><SYMBOL>PLN</SYMBOL><KURS_L>1.00</KURS_L><KURS_M>1</KURS_M></WALUTA><RABAT>10.00</RABAT><WARTOSC_NETTO>41.27</WARTOSC_NETTO><WARTOSC_BRUTTO>50.76</WARTOSC_BRUTTO><WARTOSC_NETTO_WAL>41.27</WARTOSC_NETTO_WAL><WARTOSC_BRUTTO_WAL>50.76</WARTOSC_BRUTTO_WAL><ILOSC>12.0000</ILOSC><JM>szt</JM><JM_CALKOWITE>0.00</JM_CALKOWITE><JM_ZLOZONA><JMZ>szt</JMZ><JM_PRZELICZNIK_L>1.00</JM_PRZELICZNIK_L><JM_PRZELICZNIK_M>1</JM_PRZELICZNIK_M></JM_ZLOZONA></POZYCJA><POZYCJA><LP>61</LP><TOWAR><KOD>252171</KOD><NAZWA>KWIATY SZTUCZNE MAGNOLIA P156-20-5</NAZWA><OPIS/><EAN/><SWW/><NUMER_KATALOGOWY/><MPP>0</MPP></TOWAR><STAWKA_VAT><STAWKA>23.00</STAWKA><FLAGA>2</FLAGA><ZRODLOWA>0.00</ZRODLOWA></STAWKA_VAT><CENY><CENAZCZTEREMAMIEJSCAMI>0</CENAZCZTEREMAMIEJSCAMI><POCZATKOWA_WAL_CENNIKA>15.1000</POCZATKOWA_WAL_CENNIKA><POCZATKOWA_WAL_DOKUMENTU>15.1000</POCZATKOWA_WAL_DOKUMENTU><PO_RABACIE_WAL_CENNIKA>13.5900</PO_RABACIE_WAL_CENNIKA><PO_RABACIE_PLN>13.5900</PO_RABACIE_PLN><PO_RABACIE_WAL_DOKUMENTU>13.5900</PO_RABACIE_WAL_DOKUMENTU></CENY><WALUTA><SYMBOL>PLN</SYMBOL><KURS_L>1.00</KURS_L><KURS_M>1</KURS_M></WALUTA><RABAT>10.00</RABAT><WARTOSC_NETTO>265.17</WARTOSC_NETTO><WARTOSC_BRUTTO>326.16</WARTOSC_BRUTTO><WARTOSC_NETTO_WAL>265.17</WARTOSC_NETTO_WAL><WARTOSC_BRUTTO_WAL>326.16</WARTOSC_BRUTTO_WAL><ILOSC>24.0000</ILOSC><JM>szt</JM><JM_CALKOWITE>0.00</JM_CALKOWITE><JM_ZLOZONA><JMZ>szt</JMZ><JM_PRZELICZNIK_L>1.00</JM_PRZELICZNIK_L><JM_PRZELICZNIK_M>1</JM_PRZELICZNIK_M></JM_ZLOZONA></POZYCJA><POZYCJA><LP>62</LP><TOWAR><KOD>250313</KOD><NAZWA>KWIATY SZTUCZNE 2405</NAZWA><OPIS/><EAN/><SWW/><NUMER_KATALOGOWY/><MPP>0</MPP></TOWAR><STAWKA_VAT><STAWKA>23.00</STAWKA><FLAGA>2</FLAGA><ZRODLOWA>0.00</ZRODLOWA></STAWKA_VAT><CENY><CENAZCZTEREMAMIEJSCAMI>0</CENAZCZTEREMAMIEJSCAMI><POCZATKOWA_WAL_CENNIKA>14.3000</POCZATKOWA_WAL_CENNIKA><POCZATKOWA_WAL_DOKUMENTU>14.3000</POCZATKOWA_WAL_DOKUMENTU><PO_RABACIE_WAL_CENNIKA>12.8700</PO_RABACIE_WAL_CENNIKA><PO_RABACIE_PLN>12.8700</PO_RABACIE_PLN><PO_RABACIE_WAL_DOKUMENTU>12.8700</PO_RABACIE_WAL_DOKUMENTU></CENY><WALUTA><SYMBOL>PLN</SYMBOL><KURS_L>1.00</KURS_L><KURS_M>1</KURS_M></WALUTA><RABAT>10.00</RABAT><WARTOSC_NETTO>251.12</WARTOSC_NETTO><WARTOSC_BRUTTO>308.88</WARTOSC_BRUTTO><WARTOSC_NETTO_WAL>251.12</WARTOSC_NETTO_WAL><WARTOSC_BRUTTO_WAL>308.88</WARTOSC_BRUTTO_WAL><ILOSC>24.0000</ILOSC><JM>szt</JM><JM_CALKOWITE>0.00</JM_CALKOWITE><JM_ZLOZONA><JMZ>szt</JMZ><JM_PRZELICZNIK_L>1.00</JM_PRZELICZNIK_L><JM_PRZELICZNIK_M>1</JM_PRZELICZNIK_M></JM_ZLOZONA></POZYCJA><POZYCJA><LP>63</LP><TOWAR><KOD>251761</KOD><NAZWA>KWIATY SZTUCZNE STORCZYK JT006</NAZWA><OPIS/><EAN/><SWW/><NUMER_KATALOGOWY/><MPP>0</MPP></TOWAR><STAWKA_VAT><STAWKA>23.00</STAWKA><FLAGA>2</FLAGA><ZRODLOWA>0.00</ZRODLOWA></STAWKA_VAT><CENY><CENAZCZTEREMAMIEJSCAMI>0</CENAZCZTEREMAMIEJSCAMI><POCZATKOWA_WAL_CENNIKA>6.5000</POCZATKOWA_WAL_CENNIKA><POCZATKOWA_WAL_DOKUMENTU>6.5000</POCZATKOWA_WAL_DOKUMENTU><PO_RABACIE_WAL_CENNIKA>5.8500</PO_RABACIE_WAL_CENNIKA><PO_RABACIE_PLN>5.8500</PO_RABACIE_PLN><PO_RABACIE_WAL_DOKUMENTU>5.8500</PO_RABACIE_WAL_DOKUMENTU></CENY><WALUTA><SYMBOL>PLN</SYMBOL><KURS_L>1.00</KURS_L><KURS_M>1</KURS_M></WALUTA><RABAT>10.00</RABAT><WARTOSC_NETTO>228.29</WARTOSC_NETTO><WARTOSC_BRUTTO>280.80</WARTOSC_BRUTTO><WARTOSC_NETTO_WAL>228.29</WARTOSC_NETTO_WAL><WARTOSC_BRUTTO_WAL>280.80</WARTOSC_BRUTTO_WAL><ILOSC>48.0000</ILOSC><JM>szt</JM><JM_CALKOWITE>0.00</JM_CALKOWITE><JM_ZLOZONA><JMZ>szt</JMZ><JM_PRZELICZNIK_L>1.00</JM_PRZELICZNIK_L><JM_PRZELICZNIK_M>1</JM_PRZELICZNIK_M></JM_ZLOZONA></POZYCJA></POZYCJE><KAUCJE/><PLATNOSCI><PLATNOSC><FORMA>przelew</FORMA><TERMIN>2023-01-26</TERMIN><KWOTA>5429.88</KWOTA><KWOTA_W_WAL_SYSTEMOWEJ>5429.88</KWOTA_W_WAL_SYSTEMOWEJ><WALUTA><SYMBOL/><KURS_L>1.00</KURS_L><KURS_M>1</KURS_M></WALUTA></PLATNOSC></PLATNOSCI><PLATNOSCI_KAUCJE/><TABELKA_VAT><LINIA_VAT><STAWKA_VAT><STAWKA>23.00</STAWKA><FLAGA>2</FLAGA><ZRODLOWA>0.00</ZRODLOWA></STAWKA_VAT><NETTO>4414.54</NETTO><VAT>1015.34</VAT><BRUTTO>5429.88</BRUTTO><NETTO_WAL>4414.54</NETTO_WAL><VAT_WAL>1015.34</VAT_WAL><BRUTTO_WAL>5429.88</BRUTTO_WAL></LINIA_VAT></TABELKA_VAT><ATRYBUTY/></DOKUMENT></ROOT>
