<?xml version="1.0" encoding="UTF-8"?>
<ROOT xmlns="http://www.cdn.com.pl/optima/dokument"><DOKUMENT><NAGLOWEK><GENERATOR>Comarch Opt!ma</GENERATOR><TYP_DOKUMENTU>302</TYP_DOKUMENTU><RODZAJ_DOKUMENTU>302004</RODZAJ_DOKUMENTU><FV_MARZA>0</FV_MARZA><FV_MARZA_RODZAJ>0</FV_MARZA_RODZAJ><NUMER_PELNY>FA/229/2023</NUMER_PELNY><DATA_DOKUMENTU>2023-01-12</DATA_DOKUMENTU><DATA_WYSTAWIENIA>2023-01-12</DATA_WYSTAWIENIA><DATA_OPERACJI>2023-01-12</DATA_OPERACJI><TERMIN_ZWROTU_KAUCJI>2023-03-13</TERMIN_ZWROTU_KAUCJI><KOREKTA>0</KOREKTA><DETAL>0</DETAL><TYP_NETTO_BRUTTO>2</TYP_NETTO_BRUTTO><RABAT>10.00</RABAT><OPIS>Dok.: FA/229/2023 (Faktura sprzedaży z wygenerowanym WZ)</OPIS><PLATNIK><KOD>ALFA PRINT</KOD><NIP_KRAJ>PL</NIP_KRAJ><NIP>8471000392</NIP><GLN/><NAZWA>ALFA PRINT WACŁAW KARWEL</NAZWA><MPP>0</MPP><ADRES><KOD_POCZTOWY>19-500</KOD_POCZTOWY><MIASTO>GOŁDAP</MIASTO><ULICA>ul.PARTYZANTÓW 7</ULICA><KRAJ>Polska</KRAJ></ADRES></PLATNIK><ODBIORCA><KOD>ALFA PRINT</KOD><NIP_KRAJ>PL</NIP_KRAJ><NIP>8471000392</NIP><GLN/><NAZWA>ALFA PRINT WACŁAW KARWEL</NAZWA><ADRES><KOD_POCZTOWY>19-500</KOD_POCZTOWY><MIASTO>GOŁDAP</MIASTO><ULICA>ul.PARTYZANTÓW 7</ULICA><KRAJ>Polska</KRAJ></ADRES></ODBIORCA><SPRZEDAWCA><NIP_KRAJ>PL</NIP_KRAJ><NIP>546-000-03-17</NIP><GLN>0000000000000</GLN><NAZWA>P.H.U. "KROKUS" HURTOWNIA KWIATÓW LESZEK WOŁKOWICZ</NAZWA><ADRES><KOD_POCZTOWY>15-257</KOD_POCZTOWY><MIASTO>BIAŁYSTOK</MIASTO><ULICA>ul. A. MICKIEWICZA 95</ULICA><KRAJ>Polska</KRAJ></ADRES><NUMER_KONTA_BANKOWEGO>22-12405211-1111000049289196</NUMER_KONTA_BANKOWEGO><NAZWA_BANKU>BANK PEKAO SA</NAZWA_BANKU></SPRZEDAWCA><KATEGORIA><KOD/><OPIS/></KATEGORIA><PLATNOSC><FORMA>przelew</FORMA><TERMIN>2023-01-26</TERMIN><MPP>0</MPP></PLATNOSC><WALUTA><SYMBOL>PLN</SYMBOL><KURS_L>1.00</KURS_L><KURS_M>1</KURS_M><PLAT_WAL_OD_PLN>0</PLAT_WAL_OD_PLN><KURS_NUMER>3</KURS_NUMER><KURS_DATA>2023-01-12</KURS_DATA></WALUTA><KWOTY><RAZEM_NETTO_WAL>601.59</RAZEM_NETTO_WAL><RAZEM_NETTO>601.59</RAZEM_NETTO><RAZEM_BRUTTO>739.95</RAZEM_BRUTTO><RAZEM_VAT>138.36</RAZEM_VAT></KWOTY><MAGAZYN_ZRODLOWY>MAGAZYN</MAGAZYN_ZRODLOWY><MAGAZYN_DOCELOWY/><KAUCJE_PLATNOSCI>0</KAUCJE_PLATNOSCI><BLOKADA_PLATNOSCI>0</BLOKADA_PLATNOSCI><VAT_DLA_DOK_WAL>0</VAT_DLA_DOK_WAL><TRYB_NETTO_VAT>0</TRYB_NETTO_VAT><STATUS_PLATNIKA>0</STATUS_PLATNIKA><ROZLICZAM_PODATEK_W_OSS>0</ROZLICZAM_PODATEK_W_OSS></NAGLOWEK><POZYCJE><POZYCJA><LP>1</LP><TOWAR><KOD>101104</KOD><NAZWA>FOLIA PRZEŹROCZYSTA  (CELOFAN) - RĘKAW -  80cm x 60cm</NAZWA><OPIS/><EAN>101104</EAN><SWW/><NUMER_KATALOGOWY/><MPP>0</MPP></TOWAR><STAWKA_VAT><STAWKA>23.00</STAWKA><FLAGA>2</FLAGA><ZRODLOWA>0.00</ZRODLOWA></STAWKA_VAT><CENY><CENAZCZTEREMAMIEJSCAMI>0</CENAZCZTEREMAMIEJSCAMI><POCZATKOWA_WAL_CENNIKA>0.9100</POCZATKOWA_WAL_CENNIKA><POCZATKOWA_WAL_DOKUMENTU>0.9100</POCZATKOWA_WAL_DOKUMENTU><PO_RABACIE_WAL_CENNIKA>0.8200</PO_RABACIE_WAL_CENNIKA><PO_RABACIE_PLN>0.8200</PO_RABACIE_PLN><PO_RABACIE_WAL_DOKUMENTU>0.8200</PO_RABACIE_WAL_DOKUMENTU></CENY><WALUTA><SYMBOL>PLN</SYMBOL><KURS_L>1.00</KURS_L><KURS_M>1</KURS_M></WALUTA><RABAT>10.00</RABAT><WARTOSC_NETTO>33.33</WARTOSC_NETTO><WARTOSC_BRUTTO>41.00</WARTOSC_BRUTTO><WARTOSC_NETTO_WAL>33.33</WARTOSC_NETTO_WAL><WARTOSC_BRUTTO_WAL>41.00</WARTOSC_BRUTTO_WAL><ILOSC>50.0000</ILOSC><JM>szt</JM><JM_CALKOWITE>0.00</JM_CALKOWITE><JM_ZLOZONA><JMZ>szt</JMZ><JM_PRZELICZNIK_L>1.00</JM_PRZELICZNIK_L><JM_PRZELICZNIK_M>1</JM_PRZELICZNIK_M></JM_ZLOZONA></POZYCJA><POZYCJA><LP>2</LP><TOWAR><KOD>711371</KOD><NAZWA>WEŁNA DRZEWNA </NAZWA><OPIS/><EAN>711371</EAN><SWW/><NUMER_KATALOGOWY/><MPP>0</MPP></TOWAR><STAWKA_VAT><STAWKA>23.00</STAWKA><FLAGA>2</FLAGA><ZRODLOWA>0.00</ZRODLOWA></STAWKA_VAT><CENY><CENAZCZTEREMAMIEJSCAMI>0</CENAZCZTEREMAMIEJSCAMI><POCZATKOWA_WAL_CENNIKA>5.6000</POCZATKOWA_WAL_CENNIKA><POCZATKOWA_WAL_DOKUMENTU>5.6000</POCZATKOWA_WAL_DOKUMENTU><PO_RABACIE_WAL_CENNIKA>5.0400</PO_RABACIE_WAL_CENNIKA><PO_RABACIE_PLN>5.0400</PO_RABACIE_PLN><PO_RABACIE_WAL_DOKUMENTU>5.0400</PO_RABACIE_WAL_DOKUMENTU></CENY><WALUTA><SYMBOL>PLN</SYMBOL><KURS_L>1.00</KURS_L><KURS_M>1</KURS_M></WALUTA><RABAT>10.00</RABAT><WARTOSC_NETTO>49.17</WARTOSC_NETTO><WARTOSC_BRUTTO>60.48</WARTOSC_BRUTTO><WARTOSC_NETTO_WAL>49.17</WARTOSC_NETTO_WAL><WARTOSC_BRUTTO_WAL>60.48</WARTOSC_BRUTTO_WAL><ILOSC>12.0000</ILOSC><JM>op.</JM><JM_CALKOWITE>0.00</JM_CALKOWITE><JM_ZLOZONA><JMZ>op.</JMZ><JM_PRZELICZNIK_L>1.00</JM_PRZELICZNIK_L><JM_PRZELICZNIK_M>1</JM_PRZELICZNIK_M></JM_ZLOZONA></POZYCJA><POZYCJA><LP>3</LP><TOWAR><KOD>101003</KOD><NAZWA>FOLIA PRZEŹROCZYSTA (CELOFAN) -  100cm x 140cm (50szt)</NAZWA><OPIS/><EAN>101003</EAN><SWW/><NUMER_KATALOGOWY/><MPP>0</MPP></TOWAR><STAWKA_VAT><STAWKA>23.00</STAWKA><FLAGA>2</FLAGA><ZRODLOWA>0.00</ZRODLOWA></STAWKA_VAT><CENY><CENAZCZTEREMAMIEJSCAMI>0</CENAZCZTEREMAMIEJSCAMI><POCZATKOWA_WAL_CENNIKA>56.5000</POCZATKOWA_WAL_CENNIKA><POCZATKOWA_WAL_DOKUMENTU>56.5000</POCZATKOWA_WAL_DOKUMENTU><PO_RABACIE_WAL_CENNIKA>50.8500</PO_RABACIE_WAL_CENNIKA><PO_RABACIE_PLN>50.8500</PO_RABACIE_PLN><PO_RABACIE_WAL_DOKUMENTU>50.8500</PO_RABACIE_WAL_DOKUMENTU></CENY><WALUTA><SYMBOL>PLN</SYMBOL><KURS_L>1.00</KURS_L><KURS_M>1</KURS_M></WALUTA><RABAT>10.00</RABAT><WARTOSC_NETTO>124.02</WARTOSC_NETTO><WARTOSC_BRUTTO>152.55</WARTOSC_BRUTTO><WARTOSC_NETTO_WAL>124.02</WARTOSC_NETTO_WAL><WARTOSC_BRUTTO_WAL>152.55</WARTOSC_BRUTTO_WAL><ILOSC>3.0000</ILOSC><JM>szt</JM><JM_CALKOWITE>0.00</JM_CALKOWITE><JM_ZLOZONA><JMZ>szt</JMZ><JM_PRZELICZNIK_L>1.00</JM_PRZELICZNIK_L><JM_PRZELICZNIK_M>1</JM_PRZELICZNIK_M></JM_ZLOZONA></POZYCJA><POZYCJA><LP>4</LP><TOWAR><KOD>101142</KOD><NAZWA>FOLIA PRZEŹROCZYSTA (CELOFAN) - RĘKAW -  100 cm x 70 cm</NAZWA><OPIS/><EAN>101142</EAN><SWW/><NUMER_KATALOGOWY/><MPP>0</MPP></TOWAR><STAWKA_VAT><STAWKA>23.00</STAWKA><FLAGA>2</FLAGA><ZRODLOWA>0.00</ZRODLOWA></STAWKA_VAT><CENY><CENAZCZTEREMAMIEJSCAMI>0</CENAZCZTEREMAMIEJSCAMI><POCZATKOWA_WAL_CENNIKA>1.2700</POCZATKOWA_WAL_CENNIKA><POCZATKOWA_WAL_DOKUMENTU>1.2700</POCZATKOWA_WAL_DOKUMENTU><PO_RABACIE_WAL_CENNIKA>1.1400</PO_RABACIE_WAL_CENNIKA><PO_RABACIE_PLN>1.1400</PO_RABACIE_PLN><PO_RABACIE_WAL_DOKUMENTU>1.1400</PO_RABACIE_WAL_DOKUMENTU></CENY><WALUTA><SYMBOL>PLN</SYMBOL><KURS_L>1.00</KURS_L><KURS_M>1</KURS_M></WALUTA><RABAT>10.00</RABAT><WARTOSC_NETTO>46.34</WARTOSC_NETTO><WARTOSC_BRUTTO>57.00</WARTOSC_BRUTTO><WARTOSC_NETTO_WAL>46.34</WARTOSC_NETTO_WAL><WARTOSC_BRUTTO_WAL>57.00</WARTOSC_BRUTTO_WAL><ILOSC>50.0000</ILOSC><JM>szt</JM><JM_CALKOWITE>0.00</JM_CALKOWITE><JM_ZLOZONA><JMZ>szt</JMZ><JM_PRZELICZNIK_L>1.00</JM_PRZELICZNIK_L><JM_PRZELICZNIK_M>1</JM_PRZELICZNIK_M></JM_ZLOZONA></POZYCJA><POZYCJA><LP>5</LP><TOWAR><KOD>101230</KOD><NAZWA>TOREBKA FOLIOWA (CELOFAN) - PRZEŹROCZYSTA - 40 cm x 30 cm</NAZWA><OPIS/><EAN>101230</EAN><SWW/><NUMER_KATALOGOWY/><MPP>0</MPP></TOWAR><STAWKA_VAT><STAWKA>23.00</STAWKA><FLAGA>2</FLAGA><ZRODLOWA>0.00</ZRODLOWA></STAWKA_VAT><CENY><CENAZCZTEREMAMIEJSCAMI>0</CENAZCZTEREMAMIEJSCAMI><POCZATKOWA_WAL_CENNIKA>0.2800</POCZATKOWA_WAL_CENNIKA><POCZATKOWA_WAL_DOKUMENTU>0.2800</POCZATKOWA_WAL_DOKUMENTU><PO_RABACIE_WAL_CENNIKA>0.2500</PO_RABACIE_WAL_CENNIKA><PO_RABACIE_PLN>0.2500</PO_RABACIE_PLN><PO_RABACIE_WAL_DOKUMENTU>0.2500</PO_RABACIE_WAL_DOKUMENTU></CENY><WALUTA><SYMBOL>PLN</SYMBOL><KURS_L>1.00</KURS_L><KURS_M>1</KURS_M></WALUTA><RABAT>10.00</RABAT><WARTOSC_NETTO>30.49</WARTOSC_NETTO><WARTOSC_BRUTTO>37.50</WARTOSC_BRUTTO><WARTOSC_NETTO_WAL>30.49</WARTOSC_NETTO_WAL><WARTOSC_BRUTTO_WAL>37.50</WARTOSC_BRUTTO_WAL><ILOSC>150.0000</ILOSC><JM>szt</JM><JM_CALKOWITE>0.00</JM_CALKOWITE><JM_ZLOZONA><JMZ>szt</JMZ><JM_PRZELICZNIK_L>1.00</JM_PRZELICZNIK_L><JM_PRZELICZNIK_M>1</JM_PRZELICZNIK_M></JM_ZLOZONA></POZYCJA><POZYCJA><LP>6</LP><TOWAR><KOD>101302</KOD><NAZWA>TOREBKA FOLIOWA (CELOFAN) - PRZEŹROCZYSTA - 50 cm x 40 cm</NAZWA><OPIS/><EAN>101302</EAN><SWW/><NUMER_KATALOGOWY/><MPP>0</MPP></TOWAR><STAWKA_VAT><STAWKA>23.00</STAWKA><FLAGA>2</FLAGA><ZRODLOWA>0.00</ZRODLOWA></STAWKA_VAT><CENY><CENAZCZTEREMAMIEJSCAMI>0</CENAZCZTEREMAMIEJSCAMI><POCZATKOWA_WAL_CENNIKA>0.4100</POCZATKOWA_WAL_CENNIKA><POCZATKOWA_WAL_DOKUMENTU>0.4100</POCZATKOWA_WAL_DOKUMENTU><PO_RABACIE_WAL_CENNIKA>0.3700</PO_RABACIE_WAL_CENNIKA><PO_RABACIE_PLN>0.3700</PO_RABACIE_PLN><PO_RABACIE_WAL_DOKUMENTU>0.3700</PO_RABACIE_WAL_DOKUMENTU></CENY><WALUTA><SYMBOL>PLN</SYMBOL><KURS_L>1.00</KURS_L><KURS_M>1</KURS_M></WALUTA><RABAT>10.00</RABAT><WARTOSC_NETTO>30.08</WARTOSC_NETTO><WARTOSC_BRUTTO>37.00</WARTOSC_BRUTTO><WARTOSC_NETTO_WAL>30.08</WARTOSC_NETTO_WAL><WARTOSC_BRUTTO_WAL>37.00</WARTOSC_BRUTTO_WAL><ILOSC>100.0000</ILOSC><JM>szt</JM><JM_CALKOWITE>0.00</JM_CALKOWITE><JM_ZLOZONA><JMZ>szt</JMZ><JM_PRZELICZNIK_L>1.00</JM_PRZELICZNIK_L><JM_PRZELICZNIK_M>1</JM_PRZELICZNIK_M></JM_ZLOZONA></POZYCJA><POZYCJA><LP>7</LP><TOWAR><KOD>101096</KOD><NAZWA>FOLIA PRZEŹROCZYSTA (CELOFAN) - RĘKAW - 70cm x 50cm</NAZWA><OPIS/><EAN>101096</EAN><SWW/><NUMER_KATALOGOWY/><MPP>0</MPP></TOWAR><STAWKA_VAT><STAWKA>23.00</STAWKA><FLAGA>2</FLAGA><ZRODLOWA>0.00</ZRODLOWA></STAWKA_VAT><CENY><CENAZCZTEREMAMIEJSCAMI>0</CENAZCZTEREMAMIEJSCAMI><POCZATKOWA_WAL_CENNIKA>0.7000</POCZATKOWA_WAL_CENNIKA><POCZATKOWA_WAL_DOKUMENTU>0.7000</POCZATKOWA_WAL_DOKUMENTU><PO_RABACIE_WAL_CENNIKA>0.6300</PO_RABACIE_WAL_CENNIKA><PO_RABACIE_PLN>0.6300</PO_RABACIE_PLN><PO_RABACIE_WAL_DOKUMENTU>0.6300</PO_RABACIE_WAL_DOKUMENTU></CENY><WALUTA><SYMBOL>PLN</SYMBOL><KURS_L>1.00</KURS_L><KURS_M>1</KURS_M></WALUTA><RABAT>10.00</RABAT><WARTOSC_NETTO>25.61</WARTOSC_NETTO><WARTOSC_BRUTTO>31.50</WARTOSC_BRUTTO><WARTOSC_NETTO_WAL>25.61</WARTOSC_NETTO_WAL><WARTOSC_BRUTTO_WAL>31.50</WARTOSC_BRUTTO_WAL><ILOSC>50.0000</ILOSC><JM>szt</JM><JM_CALKOWITE>0.00</JM_CALKOWITE><JM_ZLOZONA><JMZ>szt</JMZ><JM_PRZELICZNIK_L>1.00</JM_PRZELICZNIK_L><JM_PRZELICZNIK_M>1</JM_PRZELICZNIK_M></JM_ZLOZONA></POZYCJA><POZYCJA><LP>8</LP><TOWAR><KOD>713232</KOD><NAZWA>WSTĄŻKA SATYNOWA RED 5CMX35Y</NAZWA><OPIS/><EAN>5901720249135</EAN><SWW/><NUMER_KATALOGOWY/><MPP>0</MPP></TOWAR><STAWKA_VAT><STAWKA>23.00</STAWKA><FLAGA>2</FLAGA><ZRODLOWA>0.00</ZRODLOWA></STAWKA_VAT><CENY><CENAZCZTEREMAMIEJSCAMI>0</CENAZCZTEREMAMIEJSCAMI><POCZATKOWA_WAL_CENNIKA>9.6000</POCZATKOWA_WAL_CENNIKA><POCZATKOWA_WAL_DOKUMENTU>9.6000</POCZATKOWA_WAL_DOKUMENTU><PO_RABACIE_WAL_CENNIKA>8.6400</PO_RABACIE_WAL_CENNIKA><PO_RABACIE_PLN>8.6400</PO_RABACIE_PLN><PO_RABACIE_WAL_DOKUMENTU>8.6400</PO_RABACIE_WAL_DOKUMENTU></CENY><WALUTA><SYMBOL>PLN</SYMBOL><KURS_L>1.00</KURS_L><KURS_M>1</KURS_M></WALUTA><RABAT>10.00</RABAT><WARTOSC_NETTO>21.07</WARTOSC_NETTO><WARTOSC_BRUTTO>25.92</WARTOSC_BRUTTO><WARTOSC_NETTO_WAL>21.07</WARTOSC_NETTO_WAL><WARTOSC_BRUTTO_WAL>25.92</WARTOSC_BRUTTO_WAL><ILOSC>3.0000</ILOSC><JM>szt.</JM><JM_CALKOWITE>0.00</JM_CALKOWITE><JM_ZLOZONA><JMZ>szt.</JMZ><JM_PRZELICZNIK_L>1.00</JM_PRZELICZNIK_L><JM_PRZELICZNIK_M>1</JM_PRZELICZNIK_M></JM_ZLOZONA></POZYCJA><POZYCJA><LP>9</LP><TOWAR><KOD>704660</KOD><NAZWA>WSTĄŻKA SATYNOWA CZERWONA - 3,8cm x 32m</NAZWA><OPIS/><EAN>5901720206602</EAN><SWW/><NUMER_KATALOGOWY/><MPP>0</MPP></TOWAR><STAWKA_VAT><STAWKA>23.00</STAWKA><FLAGA>2</FLAGA><ZRODLOWA>0.00</ZRODLOWA></STAWKA_VAT><CENY><CENAZCZTEREMAMIEJSCAMI>0</CENAZCZTEREMAMIEJSCAMI><POCZATKOWA_WAL_CENNIKA>7.6000</POCZATKOWA_WAL_CENNIKA><POCZATKOWA_WAL_DOKUMENTU>7.6000</POCZATKOWA_WAL_DOKUMENTU><PO_RABACIE_WAL_CENNIKA>6.8400</PO_RABACIE_WAL_CENNIKA><PO_RABACIE_PLN>6.8400</PO_RABACIE_PLN><PO_RABACIE_WAL_DOKUMENTU>6.8400</PO_RABACIE_WAL_DOKUMENTU></CENY><WALUTA><SYMBOL>PLN</SYMBOL><KURS_L>1.00</KURS_L><KURS_M>1</KURS_M></WALUTA><RABAT>10.00</RABAT><WARTOSC_NETTO>16.68</WARTOSC_NETTO><WARTOSC_BRUTTO>20.52</WARTOSC_BRUTTO><WARTOSC_NETTO_WAL>16.68</WARTOSC_NETTO_WAL><WARTOSC_BRUTTO_WAL>20.52</WARTOSC_BRUTTO_WAL><ILOSC>3.0000</ILOSC><JM>szt</JM><JM_CALKOWITE>0.00</JM_CALKOWITE><JM_ZLOZONA><JMZ>szt</JMZ><JM_PRZELICZNIK_L>1.00</JM_PRZELICZNIK_L><JM_PRZELICZNIK_M>1</JM_PRZELICZNIK_M></JM_ZLOZONA></POZYCJA><POZYCJA><LP>10</LP><TOWAR><KOD>715504</KOD><NAZWA>ORGANZA 39CM.F100</NAZWA><OPIS/><EAN>5902581013453</EAN><SWW/><NUMER_KATALOGOWY/><MPP>0</MPP></TOWAR><STAWKA_VAT><STAWKA>23.00</STAWKA><FLAGA>2</FLAGA><ZRODLOWA>0.00</ZRODLOWA></STAWKA_VAT><CENY><CENAZCZTEREMAMIEJSCAMI>0</CENAZCZTEREMAMIEJSCAMI><POCZATKOWA_WAL_CENNIKA>9.8000</POCZATKOWA_WAL_CENNIKA><POCZATKOWA_WAL_DOKUMENTU>9.8000</POCZATKOWA_WAL_DOKUMENTU><PO_RABACIE_WAL_CENNIKA>8.8200</PO_RABACIE_WAL_CENNIKA><PO_RABACIE_PLN>8.8200</PO_RABACIE_PLN><PO_RABACIE_WAL_DOKUMENTU>8.8200</PO_RABACIE_WAL_DOKUMENTU></CENY><WALUTA><SYMBOL>PLN</SYMBOL><KURS_L>1.00</KURS_L><KURS_M>1</KURS_M></WALUTA><RABAT>10.00</RABAT><WARTOSC_NETTO>21.51</WARTOSC_NETTO><WARTOSC_BRUTTO>26.46</WARTOSC_BRUTTO><WARTOSC_NETTO_WAL>21.51</WARTOSC_NETTO_WAL><WARTOSC_BRUTTO_WAL>26.46</WARTOSC_BRUTTO_WAL><ILOSC>3.0000</ILOSC><JM>szt</JM><JM_CALKOWITE>0.00</JM_CALKOWITE><JM_ZLOZONA><JMZ>szt</JMZ><JM_PRZELICZNIK_L>1.00</JM_PRZELICZNIK_L><JM_PRZELICZNIK_M>1</JM_PRZELICZNIK_M></JM_ZLOZONA></POZYCJA><POZYCJA><LP>11</LP><TOWAR><KOD>713353</KOD><NAZWA>ORGANZA MIX 39CM</NAZWA><OPIS/><EAN>5902581000002</EAN><SWW/><NUMER_KATALOGOWY/><MPP>0</MPP></TOWAR><STAWKA_VAT><STAWKA>23.00</STAWKA><FLAGA>2</FLAGA><ZRODLOWA>0.00</ZRODLOWA></STAWKA_VAT><CENY><CENAZCZTEREMAMIEJSCAMI>0</CENAZCZTEREMAMIEJSCAMI><POCZATKOWA_WAL_CENNIKA>9.8000</POCZATKOWA_WAL_CENNIKA><POCZATKOWA_WAL_DOKUMENTU>9.8000</POCZATKOWA_WAL_DOKUMENTU><PO_RABACIE_WAL_CENNIKA>8.8200</PO_RABACIE_WAL_CENNIKA><PO_RABACIE_PLN>8.8200</PO_RABACIE_PLN><PO_RABACIE_WAL_DOKUMENTU>8.8200</PO_RABACIE_WAL_DOKUMENTU></CENY><WALUTA><SYMBOL>PLN</SYMBOL><KURS_L>1.00</KURS_L><KURS_M>1</KURS_M></WALUTA><RABAT>10.00</RABAT><WARTOSC_NETTO>21.51</WARTOSC_NETTO><WARTOSC_BRUTTO>26.46</WARTOSC_BRUTTO><WARTOSC_NETTO_WAL>21.51</WARTOSC_NETTO_WAL><WARTOSC_BRUTTO_WAL>26.46</WARTOSC_BRUTTO_WAL><ILOSC>3.0000</ILOSC><JM>szt</JM><JM_CALKOWITE>0.00</JM_CALKOWITE><JM_ZLOZONA><JMZ>szt</JMZ><JM_PRZELICZNIK_L>1.00</JM_PRZELICZNIK_L><JM_PRZELICZNIK_M>1</JM_PRZELICZNIK_M></JM_ZLOZONA></POZYCJA><POZYCJA><LP>12</LP><TOWAR><KOD>709104</KOD><NAZWA>SIZAL - MIX KOLORÓW </NAZWA><OPIS/><EAN>5902360301290</EAN><SWW/><NUMER_KATALOGOWY/><MPP>0</MPP></TOWAR><STAWKA_VAT><STAWKA>23.00</STAWKA><FLAGA>2</FLAGA><ZRODLOWA>0.00</ZRODLOWA></STAWKA_VAT><CENY><CENAZCZTEREMAMIEJSCAMI>0</CENAZCZTEREMAMIEJSCAMI><POCZATKOWA_WAL_CENNIKA>2.8000</POCZATKOWA_WAL_CENNIKA><POCZATKOWA_WAL_DOKUMENTU>2.8000</POCZATKOWA_WAL_DOKUMENTU><PO_RABACIE_WAL_CENNIKA>2.5200</PO_RABACIE_WAL_CENNIKA><PO_RABACIE_PLN>2.5200</PO_RABACIE_PLN><PO_RABACIE_WAL_DOKUMENTU>2.5200</PO_RABACIE_WAL_DOKUMENTU></CENY><WALUTA><SYMBOL>PLN</SYMBOL><KURS_L>1.00</KURS_L><KURS_M>1</KURS_M></WALUTA><RABAT>10.00</RABAT><WARTOSC_NETTO>30.73</WARTOSC_NETTO><WARTOSC_BRUTTO>37.80</WARTOSC_BRUTTO><WARTOSC_NETTO_WAL>30.73</WARTOSC_NETTO_WAL><WARTOSC_BRUTTO_WAL>37.80</WARTOSC_BRUTTO_WAL><ILOSC>15.0000</ILOSC><JM>szt</JM><JM_CALKOWITE>0.00</JM_CALKOWITE><JM_ZLOZONA><JMZ>szt</JMZ><JM_PRZELICZNIK_L>1.00</JM_PRZELICZNIK_L><JM_PRZELICZNIK_M>1</JM_PRZELICZNIK_M></JM_ZLOZONA></POZYCJA><POZYCJA><LP>13</LP><TOWAR><KOD>708597</KOD><NAZWA>RAFIA </NAZWA><OPIS/><EAN>5903896893303</EAN><SWW/><NUMER_KATALOGOWY/><MPP>0</MPP></TOWAR><STAWKA_VAT><STAWKA>23.00</STAWKA><FLAGA>2</FLAGA><ZRODLOWA>0.00</ZRODLOWA></STAWKA_VAT><CENY><CENAZCZTEREMAMIEJSCAMI>0</CENAZCZTEREMAMIEJSCAMI><POCZATKOWA_WAL_CENNIKA>22.2000</POCZATKOWA_WAL_CENNIKA><POCZATKOWA_WAL_DOKUMENTU>22.2000</POCZATKOWA_WAL_DOKUMENTU><PO_RABACIE_WAL_CENNIKA>19.9800</PO_RABACIE_WAL_CENNIKA><PO_RABACIE_PLN>19.9800</PO_RABACIE_PLN><PO_RABACIE_WAL_DOKUMENTU>19.9800</PO_RABACIE_WAL_DOKUMENTU></CENY><WALUTA><SYMBOL>PLN</SYMBOL><KURS_L>1.00</KURS_L><KURS_M>1</KURS_M></WALUTA><RABAT>10.00</RABAT><WARTOSC_NETTO>16.24</WARTOSC_NETTO><WARTOSC_BRUTTO>19.98</WARTOSC_BRUTTO><WARTOSC_NETTO_WAL>16.24</WARTOSC_NETTO_WAL><WARTOSC_BRUTTO_WAL>19.98</WARTOSC_BRUTTO_WAL><ILOSC>1.0000</ILOSC><JM>szt</JM><JM_CALKOWITE>0.00</JM_CALKOWITE><JM_ZLOZONA><JMZ>szt</JMZ><JM_PRZELICZNIK_L>1.00</JM_PRZELICZNIK_L><JM_PRZELICZNIK_M>1</JM_PRZELICZNIK_M></JM_ZLOZONA></POZYCJA><POZYCJA><LP>14</LP><TOWAR><KOD>665371</KOD><NAZWA>ZEGAR SCIENNY P27W</NAZWA><OPIS/><EAN>5907587758469</EAN><SWW/><NUMER_KATALOGOWY/><MPP>0</MPP></TOWAR><STAWKA_VAT><STAWKA>23.00</STAWKA><FLAGA>2</FLAGA><ZRODLOWA>0.00</ZRODLOWA></STAWKA_VAT><CENY><CENAZCZTEREMAMIEJSCAMI>0</CENAZCZTEREMAMIEJSCAMI><POCZATKOWA_WAL_CENNIKA>25.2000</POCZATKOWA_WAL_CENNIKA><POCZATKOWA_WAL_DOKUMENTU>25.2000</POCZATKOWA_WAL_DOKUMENTU><PO_RABACIE_WAL_CENNIKA>22.6800</PO_RABACIE_WAL_CENNIKA><PO_RABACIE_PLN>22.6800</PO_RABACIE_PLN><PO_RABACIE_WAL_DOKUMENTU>22.6800</PO_RABACIE_WAL_DOKUMENTU></CENY><WALUTA><SYMBOL>PLN</SYMBOL><KURS_L>1.00</KURS_L><KURS_M>1</KURS_M></WALUTA><RABAT>10.00</RABAT><WARTOSC_NETTO>18.44</WARTOSC_NETTO><WARTOSC_BRUTTO>22.68</WARTOSC_BRUTTO><WARTOSC_NETTO_WAL>18.44</WARTOSC_NETTO_WAL><WARTOSC_BRUTTO_WAL>22.68</WARTOSC_BRUTTO_WAL><ILOSC>1.0000</ILOSC><JM>szt</JM><JM_CALKOWITE>0.00</JM_CALKOWITE><JM_ZLOZONA><JMZ>szt</JMZ><JM_PRZELICZNIK_L>1.00</JM_PRZELICZNIK_L><JM_PRZELICZNIK_M>1</JM_PRZELICZNIK_M></JM_ZLOZONA></POZYCJA><POZYCJA><LP>15</LP><TOWAR><KOD>665373</KOD><NAZWA>ZEGAR SCIENNY ZP28S</NAZWA><OPIS/><EAN>5907587758506</EAN><SWW/><NUMER_KATALOGOWY/><MPP>0</MPP></TOWAR><STAWKA_VAT><STAWKA>23.00</STAWKA><FLAGA>2</FLAGA><ZRODLOWA>0.00</ZRODLOWA></STAWKA_VAT><CENY><CENAZCZTEREMAMIEJSCAMI>0</CENAZCZTEREMAMIEJSCAMI><POCZATKOWA_WAL_CENNIKA>26.8000</POCZATKOWA_WAL_CENNIKA><POCZATKOWA_WAL_DOKUMENTU>26.8000</POCZATKOWA_WAL_DOKUMENTU><PO_RABACIE_WAL_CENNIKA>24.1200</PO_RABACIE_WAL_CENNIKA><PO_RABACIE_PLN>24.1200</PO_RABACIE_PLN><PO_RABACIE_WAL_DOKUMENTU>24.1200</PO_RABACIE_WAL_DOKUMENTU></CENY><WALUTA><SYMBOL>PLN</SYMBOL><KURS_L>1.00</KURS_L><KURS_M>1</KURS_M></WALUTA><RABAT>10.00</RABAT><WARTOSC_NETTO>19.61</WARTOSC_NETTO><WARTOSC_BRUTTO>24.12</WARTOSC_BRUTTO><WARTOSC_NETTO_WAL>19.61</WARTOSC_NETTO_WAL><WARTOSC_BRUTTO_WAL>24.12</WARTOSC_BRUTTO_WAL><ILOSC>1.0000</ILOSC><JM>szt</JM><JM_CALKOWITE>0.00</JM_CALKOWITE><JM_ZLOZONA><JMZ>szt</JMZ><JM_PRZELICZNIK_L>1.00</JM_PRZELICZNIK_L><JM_PRZELICZNIK_M>1</JM_PRZELICZNIK_M></JM_ZLOZONA></POZYCJA><POZYCJA><LP>16</LP><TOWAR><KOD>664168</KOD><NAZWA>ŚWINKA SKARBONKA 475</NAZWA><OPIS/><EAN>5907745511615</EAN><SWW/><NUMER_KATALOGOWY/><MPP>0</MPP></TOWAR><STAWKA_VAT><STAWKA>23.00</STAWKA><FLAGA>2</FLAGA><ZRODLOWA>0.00</ZRODLOWA></STAWKA_VAT><CENY><CENAZCZTEREMAMIEJSCAMI>0</CENAZCZTEREMAMIEJSCAMI><POCZATKOWA_WAL_CENNIKA>72.5000</POCZATKOWA_WAL_CENNIKA><POCZATKOWA_WAL_DOKUMENTU>72.5000</POCZATKOWA_WAL_DOKUMENTU><PO_RABACIE_WAL_CENNIKA>65.2500</PO_RABACIE_WAL_CENNIKA><PO_RABACIE_PLN>65.2500</PO_RABACIE_PLN><PO_RABACIE_WAL_DOKUMENTU>65.2500</PO_RABACIE_WAL_DOKUMENTU></CENY><WALUTA><SYMBOL>PLN</SYMBOL><KURS_L>1.00</KURS_L><KURS_M>1</KURS_M></WALUTA><RABAT>10.00</RABAT><WARTOSC_NETTO>53.05</WARTOSC_NETTO><WARTOSC_BRUTTO>65.25</WARTOSC_BRUTTO><WARTOSC_NETTO_WAL>53.05</WARTOSC_NETTO_WAL><WARTOSC_BRUTTO_WAL>65.25</WARTOSC_BRUTTO_WAL><ILOSC>1.0000</ILOSC><JM>szt</JM><JM_CALKOWITE>0.00</JM_CALKOWITE><JM_ZLOZONA><JMZ>szt</JMZ><JM_PRZELICZNIK_L>1.00</JM_PRZELICZNIK_L><JM_PRZELICZNIK_M>1</JM_PRZELICZNIK_M></JM_ZLOZONA></POZYCJA><POZYCJA><LP>17</LP><TOWAR><KOD>666043</KOD><NAZWA>ZEGAR ŚCIENNY 30CM B1909103</NAZWA><OPIS/><EAN>5902918767806</EAN><SWW/><NUMER_KATALOGOWY/><MPP>0</MPP></TOWAR><STAWKA_VAT><STAWKA>23.00</STAWKA><FLAGA>2</FLAGA><ZRODLOWA>0.00</ZRODLOWA></STAWKA_VAT><CENY><CENAZCZTEREMAMIEJSCAMI>0</CENAZCZTEREMAMIEJSCAMI><POCZATKOWA_WAL_CENNIKA>32.9000</POCZATKOWA_WAL_CENNIKA><POCZATKOWA_WAL_DOKUMENTU>32.9000</POCZATKOWA_WAL_DOKUMENTU><PO_RABACIE_WAL_CENNIKA>29.6100</PO_RABACIE_WAL_CENNIKA><PO_RABACIE_PLN>29.6100</PO_RABACIE_PLN><PO_RABACIE_WAL_DOKUMENTU>29.6100</PO_RABACIE_WAL_DOKUMENTU></CENY><WALUTA><SYMBOL>PLN</SYMBOL><KURS_L>1.00</KURS_L><KURS_M>1</KURS_M></WALUTA><RABAT>10.00</RABAT><WARTOSC_NETTO>24.07</WARTOSC_NETTO><WARTOSC_BRUTTO>29.61</WARTOSC_BRUTTO><WARTOSC_NETTO_WAL>24.07</WARTOSC_NETTO_WAL><WARTOSC_BRUTTO_WAL>29.61</WARTOSC_BRUTTO_WAL><ILOSC>1.0000</ILOSC><JM>szt</JM><JM_CALKOWITE>0.00</JM_CALKOWITE><JM_ZLOZONA><JMZ>szt</JMZ><JM_PRZELICZNIK_L>1.00</JM_PRZELICZNIK_L><JM_PRZELICZNIK_M>1</JM_PRZELICZNIK_M></JM_ZLOZONA></POZYCJA><POZYCJA><LP>18</LP><TOWAR><KOD>665374</KOD><NAZWA>ZEGAR SCIENNY ZP28W</NAZWA><OPIS/><EAN/><SWW/><NUMER_KATALOGOWY/><MPP>0</MPP></TOWAR><STAWKA_VAT><STAWKA>23.00</STAWKA><FLAGA>2</FLAGA><ZRODLOWA>0.00</ZRODLOWA></STAWKA_VAT><CENY><CENAZCZTEREMAMIEJSCAMI>0</CENAZCZTEREMAMIEJSCAMI><POCZATKOWA_WAL_CENNIKA>26.8000</POCZATKOWA_WAL_CENNIKA><POCZATKOWA_WAL_DOKUMENTU>26.8000</POCZATKOWA_WAL_DOKUMENTU><PO_RABACIE_WAL_CENNIKA>24.1200</PO_RABACIE_WAL_CENNIKA><PO_RABACIE_PLN>24.1200</PO_RABACIE_PLN><PO_RABACIE_WAL_DOKUMENTU>24.1200</PO_RABACIE_WAL_DOKUMENTU></CENY><WALUTA><SYMBOL>PLN</SYMBOL><KURS_L>1.00</KURS_L><KURS_M>1</KURS_M></WALUTA><RABAT>10.00</RABAT><WARTOSC_NETTO>19.61</WARTOSC_NETTO><WARTOSC_BRUTTO>24.12</WARTOSC_BRUTTO><WARTOSC_NETTO_WAL>19.61</WARTOSC_NETTO_WAL><WARTOSC_BRUTTO_WAL>24.12</WARTOSC_BRUTTO_WAL><ILOSC>1.0000</ILOSC><JM>szt</JM><JM_CALKOWITE>0.00</JM_CALKOWITE><JM_ZLOZONA><JMZ>szt</JMZ><JM_PRZELICZNIK_L>1.00</JM_PRZELICZNIK_L><JM_PRZELICZNIK_M>1</JM_PRZELICZNIK_M></JM_ZLOZONA></POZYCJA></POZYCJE><KAUCJE/><PLATNOSCI><PLATNOSC><FORMA>przelew</FORMA><TERMIN>2023-01-26</TERMIN><KWOTA>739.95</KWOTA><KWOTA_W_WAL_SYSTEMOWEJ>739.95</KWOTA_W_WAL_SYSTEMOWEJ><WALUTA><SYMBOL/><KURS_L>1.00</KURS_L><KURS_M>1</KURS_M></WALUTA></PLATNOSC></PLATNOSCI><PLATNOSCI_KAUCJE/><TABELKA_VAT><LINIA_VAT><STAWKA_VAT><STAWKA>23.00</STAWKA><FLAGA>2</FLAGA><ZRODLOWA>0.00</ZRODLOWA></STAWKA_VAT><NETTO>601.59</NETTO><VAT>138.36</VAT><BRUTTO>739.95</BRUTTO><NETTO_WAL>601.59</NETTO_WAL><VAT_WAL>138.36</VAT_WAL><BRUTTO_WAL>739.95</BRUTTO_WAL></LINIA_VAT></TABELKA_VAT><ATRYBUTY/></DOKUMENT></ROOT>
