<?xml version="1.0" encoding="UTF-8"?>
<ROOT xmlns="http://www.cdn.com.pl/optima/dokument"><DOKUMENT><NAGLOWEK><GENERATOR>Comarch Opt!ma</GENERATOR><TYP_DOKUMENTU>302</TYP_DOKUMENTU><RODZAJ_DOKUMENTU>302004</RODZAJ_DOKUMENTU><FV_MARZA>0</FV_MARZA><FV_MARZA_RODZAJ>0</FV_MARZA_RODZAJ><NUMER_PELNY>FA/240/2023</NUMER_PELNY><DATA_DOKUMENTU>2023-01-13</DATA_DOKUMENTU><DATA_WYSTAWIENIA>2023-01-13</DATA_WYSTAWIENIA><DATA_OPERACJI>2023-01-13</DATA_OPERACJI><TERMIN_ZWROTU_KAUCJI>2023-03-14</TERMIN_ZWROTU_KAUCJI><KOREKTA>0</KOREKTA><DETAL>0</DETAL><TYP_NETTO_BRUTTO>2</TYP_NETTO_BRUTTO><RABAT>5.00</RABAT><OPIS>Dok.: FA/240/2023 (Faktura sprzedaży z wygenerowanym WZ)</OPIS><PLATNIK><KOD>IRYSBIS </KOD><NIP_KRAJ/><NIP>8471037685</NIP><GLN/><NAZWA>Kwiaciarnia IRYSBIS Irena Olszewska</NAZWA><MPP>0</MPP><ADRES><KOD_POCZTOWY>19-400</KOD_POCZTOWY><MIASTO>Olecko</MIASTO><ULICA>Plac Wolności 9/4-U</ULICA><KRAJ>Polska</KRAJ></ADRES></PLATNIK><ODBIORCA><KOD>IRYSBIS </KOD><NIP_KRAJ/><NIP>8471037685</NIP><GLN/><NAZWA>Kwiaciarnia IRYSBIS Irena Olszewska</NAZWA><ADRES><KOD_POCZTOWY>19-400</KOD_POCZTOWY><MIASTO>Olecko</MIASTO><ULICA>Plac Wolności 9/4-U</ULICA><KRAJ>Polska</KRAJ></ADRES></ODBIORCA><SPRZEDAWCA><NIP_KRAJ>PL</NIP_KRAJ><NIP>546-000-03-17</NIP><GLN>0000000000000</GLN><NAZWA>P.H.U. "KROKUS" HURTOWNIA KWIATÓW LESZEK WOŁKOWICZ</NAZWA><ADRES><KOD_POCZTOWY>15-257</KOD_POCZTOWY><MIASTO>BIAŁYSTOK</MIASTO><ULICA>ul. A. MICKIEWICZA 95</ULICA><KRAJ>Polska</KRAJ></ADRES><NUMER_KONTA_BANKOWEGO/><NAZWA_BANKU/></SPRZEDAWCA><KATEGORIA><KOD/><OPIS/></KATEGORIA><PLATNOSC><FORMA>gotówka</FORMA><TERMIN>2023-01-13</TERMIN><MPP>0</MPP></PLATNOSC><WALUTA><SYMBOL>PLN</SYMBOL><KURS_L>1.00</KURS_L><KURS_M>1</KURS_M><PLAT_WAL_OD_PLN>0</PLAT_WAL_OD_PLN><KURS_NUMER>3</KURS_NUMER><KURS_DATA>2023-01-13</KURS_DATA></WALUTA><KWOTY><RAZEM_NETTO_WAL>167.80</RAZEM_NETTO_WAL><RAZEM_NETTO>167.80</RAZEM_NETTO><RAZEM_BRUTTO>206.40</RAZEM_BRUTTO><RAZEM_VAT>38.60</RAZEM_VAT></KWOTY><MAGAZYN_ZRODLOWY>MAGAZYN</MAGAZYN_ZRODLOWY><MAGAZYN_DOCELOWY/><KAUCJE_PLATNOSCI>0</KAUCJE_PLATNOSCI><BLOKADA_PLATNOSCI>0</BLOKADA_PLATNOSCI><VAT_DLA_DOK_WAL>0</VAT_DLA_DOK_WAL><TRYB_NETTO_VAT>0</TRYB_NETTO_VAT><STATUS_PLATNIKA>0</STATUS_PLATNIKA><ROZLICZAM_PODATEK_W_OSS>0</ROZLICZAM_PODATEK_W_OSS></NAGLOWEK><POZYCJE><POZYCJA><LP>1</LP><TOWAR><KOD>666299</KOD><NAZWA>DZIEŃ BABCI 2023 - KUBEK BARYŁKA 300ML - DLA KOCHANEJ BABCI NAJSŁODSZEJ NA ŚWIECIE</NAZWA><OPIS/><EAN>5904405106310</EAN><SWW/><NUMER_KATALOGOWY/><MPP>0</MPP></TOWAR><STAWKA_VAT><STAWKA>23.00</STAWKA><FLAGA>2</FLAGA><ZRODLOWA>0.00</ZRODLOWA></STAWKA_VAT><CENY><CENAZCZTEREMAMIEJSCAMI>0</CENAZCZTEREMAMIEJSCAMI><POCZATKOWA_WAL_CENNIKA>18.1000</POCZATKOWA_WAL_CENNIKA><POCZATKOWA_WAL_DOKUMENTU>18.1000</POCZATKOWA_WAL_DOKUMENTU><PO_RABACIE_WAL_CENNIKA>17.2000</PO_RABACIE_WAL_CENNIKA><PO_RABACIE_PLN>17.2000</PO_RABACIE_PLN><PO_RABACIE_WAL_DOKUMENTU>17.2000</PO_RABACIE_WAL_DOKUMENTU></CENY><WALUTA><SYMBOL>PLN</SYMBOL><KURS_L>1.00</KURS_L><KURS_M>1</KURS_M></WALUTA><RABAT>5.00</RABAT><WARTOSC_NETTO>13.98</WARTOSC_NETTO><WARTOSC_BRUTTO>17.20</WARTOSC_BRUTTO><WARTOSC_NETTO_WAL>13.98</WARTOSC_NETTO_WAL><WARTOSC_BRUTTO_WAL>17.20</WARTOSC_BRUTTO_WAL><ILOSC>1.0000</ILOSC><JM>szt.</JM><JM_CALKOWITE>0.00</JM_CALKOWITE><JM_ZLOZONA><JMZ>szt.</JMZ><JM_PRZELICZNIK_L>1.00</JM_PRZELICZNIK_L><JM_PRZELICZNIK_M>1</JM_PRZELICZNIK_M></JM_ZLOZONA></POZYCJA><POZYCJA><LP>2</LP><TOWAR><KOD>666298</KOD><NAZWA>DZIEŃ BABCI 2023 - KUBEK BARYŁKA 300ML - BABCIU NIEZŁA Z CIEBIE BABECZKA</NAZWA><OPIS/><EAN>5904405111086</EAN><SWW/><NUMER_KATALOGOWY/><MPP>0</MPP></TOWAR><STAWKA_VAT><STAWKA>23.00</STAWKA><FLAGA>2</FLAGA><ZRODLOWA>0.00</ZRODLOWA></STAWKA_VAT><CENY><CENAZCZTEREMAMIEJSCAMI>0</CENAZCZTEREMAMIEJSCAMI><POCZATKOWA_WAL_CENNIKA>18.1000</POCZATKOWA_WAL_CENNIKA><POCZATKOWA_WAL_DOKUMENTU>18.1000</POCZATKOWA_WAL_DOKUMENTU><PO_RABACIE_WAL_CENNIKA>17.2000</PO_RABACIE_WAL_CENNIKA><PO_RABACIE_PLN>17.2000</PO_RABACIE_PLN><PO_RABACIE_WAL_DOKUMENTU>17.2000</PO_RABACIE_WAL_DOKUMENTU></CENY><WALUTA><SYMBOL>PLN</SYMBOL><KURS_L>1.00</KURS_L><KURS_M>1</KURS_M></WALUTA><RABAT>5.00</RABAT><WARTOSC_NETTO>13.98</WARTOSC_NETTO><WARTOSC_BRUTTO>17.20</WARTOSC_BRUTTO><WARTOSC_NETTO_WAL>13.98</WARTOSC_NETTO_WAL><WARTOSC_BRUTTO_WAL>17.20</WARTOSC_BRUTTO_WAL><ILOSC>1.0000</ILOSC><JM>szt.</JM><JM_CALKOWITE>0.00</JM_CALKOWITE><JM_ZLOZONA><JMZ>szt.</JMZ><JM_PRZELICZNIK_L>1.00</JM_PRZELICZNIK_L><JM_PRZELICZNIK_M>1</JM_PRZELICZNIK_M></JM_ZLOZONA></POZYCJA><POZYCJA><LP>3</LP><TOWAR><KOD>666297</KOD><NAZWA>DZIEŃ BABCI 2023 - KUBEK BARYŁKA 300ML - BABCIA JEST SERCEM RODZINY</NAZWA><OPIS/><EAN>5904405106327</EAN><SWW/><NUMER_KATALOGOWY/><MPP>0</MPP></TOWAR><STAWKA_VAT><STAWKA>23.00</STAWKA><FLAGA>2</FLAGA><ZRODLOWA>0.00</ZRODLOWA></STAWKA_VAT><CENY><CENAZCZTEREMAMIEJSCAMI>0</CENAZCZTEREMAMIEJSCAMI><POCZATKOWA_WAL_CENNIKA>18.1000</POCZATKOWA_WAL_CENNIKA><POCZATKOWA_WAL_DOKUMENTU>18.1000</POCZATKOWA_WAL_DOKUMENTU><PO_RABACIE_WAL_CENNIKA>17.2000</PO_RABACIE_WAL_CENNIKA><PO_RABACIE_PLN>17.2000</PO_RABACIE_PLN><PO_RABACIE_WAL_DOKUMENTU>17.2000</PO_RABACIE_WAL_DOKUMENTU></CENY><WALUTA><SYMBOL>PLN</SYMBOL><KURS_L>1.00</KURS_L><KURS_M>1</KURS_M></WALUTA><RABAT>5.00</RABAT><WARTOSC_NETTO>13.98</WARTOSC_NETTO><WARTOSC_BRUTTO>17.20</WARTOSC_BRUTTO><WARTOSC_NETTO_WAL>13.98</WARTOSC_NETTO_WAL><WARTOSC_BRUTTO_WAL>17.20</WARTOSC_BRUTTO_WAL><ILOSC>1.0000</ILOSC><JM>szt.</JM><JM_CALKOWITE>0.00</JM_CALKOWITE><JM_ZLOZONA><JMZ>szt.</JMZ><JM_PRZELICZNIK_L>1.00</JM_PRZELICZNIK_L><JM_PRZELICZNIK_M>1</JM_PRZELICZNIK_M></JM_ZLOZONA></POZYCJA><POZYCJA><LP>4</LP><TOWAR><KOD>666289</KOD><NAZWA>DZIEŃ BABCI 2023 - KUBEK BARYŁKA 300ML - NAJLEPSZA BABCIA NA ŚWIECIE</NAZWA><OPIS/><EAN>5904405106303</EAN><SWW/><NUMER_KATALOGOWY/><MPP>0</MPP></TOWAR><STAWKA_VAT><STAWKA>23.00</STAWKA><FLAGA>2</FLAGA><ZRODLOWA>0.00</ZRODLOWA></STAWKA_VAT><CENY><CENAZCZTEREMAMIEJSCAMI>0</CENAZCZTEREMAMIEJSCAMI><POCZATKOWA_WAL_CENNIKA>18.1000</POCZATKOWA_WAL_CENNIKA><POCZATKOWA_WAL_DOKUMENTU>18.1000</POCZATKOWA_WAL_DOKUMENTU><PO_RABACIE_WAL_CENNIKA>17.2000</PO_RABACIE_WAL_CENNIKA><PO_RABACIE_PLN>17.2000</PO_RABACIE_PLN><PO_RABACIE_WAL_DOKUMENTU>17.2000</PO_RABACIE_WAL_DOKUMENTU></CENY><WALUTA><SYMBOL>PLN</SYMBOL><KURS_L>1.00</KURS_L><KURS_M>1</KURS_M></WALUTA><RABAT>5.00</RABAT><WARTOSC_NETTO>13.98</WARTOSC_NETTO><WARTOSC_BRUTTO>17.20</WARTOSC_BRUTTO><WARTOSC_NETTO_WAL>13.98</WARTOSC_NETTO_WAL><WARTOSC_BRUTTO_WAL>17.20</WARTOSC_BRUTTO_WAL><ILOSC>1.0000</ILOSC><JM>szt.</JM><JM_CALKOWITE>0.00</JM_CALKOWITE><JM_ZLOZONA><JMZ>szt.</JMZ><JM_PRZELICZNIK_L>1.00</JM_PRZELICZNIK_L><JM_PRZELICZNIK_M>1</JM_PRZELICZNIK_M></JM_ZLOZONA></POZYCJA><POZYCJA><LP>5</LP><TOWAR><KOD>666291</KOD><NAZWA>DZIEŃ BABCI 2023 - KUBEK BARYŁKA 300ML - KUBEK BARYŁKA 300ML - KOCHANA BABCIA</NAZWA><OPIS/><EAN>5904405111048</EAN><SWW/><NUMER_KATALOGOWY/><MPP>0</MPP></TOWAR><STAWKA_VAT><STAWKA>23.00</STAWKA><FLAGA>2</FLAGA><ZRODLOWA>0.00</ZRODLOWA></STAWKA_VAT><CENY><CENAZCZTEREMAMIEJSCAMI>0</CENAZCZTEREMAMIEJSCAMI><POCZATKOWA_WAL_CENNIKA>18.1000</POCZATKOWA_WAL_CENNIKA><POCZATKOWA_WAL_DOKUMENTU>18.1000</POCZATKOWA_WAL_DOKUMENTU><PO_RABACIE_WAL_CENNIKA>17.2000</PO_RABACIE_WAL_CENNIKA><PO_RABACIE_PLN>17.2000</PO_RABACIE_PLN><PO_RABACIE_WAL_DOKUMENTU>17.2000</PO_RABACIE_WAL_DOKUMENTU></CENY><WALUTA><SYMBOL>PLN</SYMBOL><KURS_L>1.00</KURS_L><KURS_M>1</KURS_M></WALUTA><RABAT>5.00</RABAT><WARTOSC_NETTO>13.98</WARTOSC_NETTO><WARTOSC_BRUTTO>17.20</WARTOSC_BRUTTO><WARTOSC_NETTO_WAL>13.98</WARTOSC_NETTO_WAL><WARTOSC_BRUTTO_WAL>17.20</WARTOSC_BRUTTO_WAL><ILOSC>1.0000</ILOSC><JM>szt.</JM><JM_CALKOWITE>0.00</JM_CALKOWITE><JM_ZLOZONA><JMZ>szt.</JMZ><JM_PRZELICZNIK_L>1.00</JM_PRZELICZNIK_L><JM_PRZELICZNIK_M>1</JM_PRZELICZNIK_M></JM_ZLOZONA></POZYCJA><POZYCJA><LP>6</LP><TOWAR><KOD>666290</KOD><NAZWA>DZIEŃ BABCI 2023 - KUBEK BARYŁKA 300ML - BABCIA PATRZY SERCEM</NAZWA><OPIS/><EAN>5904405111031</EAN><SWW/><NUMER_KATALOGOWY/><MPP>0</MPP></TOWAR><STAWKA_VAT><STAWKA>23.00</STAWKA><FLAGA>2</FLAGA><ZRODLOWA>0.00</ZRODLOWA></STAWKA_VAT><CENY><CENAZCZTEREMAMIEJSCAMI>0</CENAZCZTEREMAMIEJSCAMI><POCZATKOWA_WAL_CENNIKA>18.1000</POCZATKOWA_WAL_CENNIKA><POCZATKOWA_WAL_DOKUMENTU>18.1000</POCZATKOWA_WAL_DOKUMENTU><PO_RABACIE_WAL_CENNIKA>17.2000</PO_RABACIE_WAL_CENNIKA><PO_RABACIE_PLN>17.2000</PO_RABACIE_PLN><PO_RABACIE_WAL_DOKUMENTU>17.2000</PO_RABACIE_WAL_DOKUMENTU></CENY><WALUTA><SYMBOL>PLN</SYMBOL><KURS_L>1.00</KURS_L><KURS_M>1</KURS_M></WALUTA><RABAT>5.00</RABAT><WARTOSC_NETTO>13.98</WARTOSC_NETTO><WARTOSC_BRUTTO>17.20</WARTOSC_BRUTTO><WARTOSC_NETTO_WAL>13.98</WARTOSC_NETTO_WAL><WARTOSC_BRUTTO_WAL>17.20</WARTOSC_BRUTTO_WAL><ILOSC>1.0000</ILOSC><JM>szt.</JM><JM_CALKOWITE>0.00</JM_CALKOWITE><JM_ZLOZONA><JMZ>szt.</JMZ><JM_PRZELICZNIK_L>1.00</JM_PRZELICZNIK_L><JM_PRZELICZNIK_M>1</JM_PRZELICZNIK_M></JM_ZLOZONA></POZYCJA><POZYCJA><LP>7</LP><TOWAR><KOD>666307</KOD><NAZWA>DZIEŃ DZIADKA 2023 - KUBEK BOSS 300ML - SUPER DZIADEK NAJLEPSZY ZE WSZYSTKICH</NAZWA><OPIS/><EAN>5904405106341</EAN><SWW/><NUMER_KATALOGOWY/><MPP>0</MPP></TOWAR><STAWKA_VAT><STAWKA>23.00</STAWKA><FLAGA>2</FLAGA><ZRODLOWA>0.00</ZRODLOWA></STAWKA_VAT><CENY><CENAZCZTEREMAMIEJSCAMI>0</CENAZCZTEREMAMIEJSCAMI><POCZATKOWA_WAL_CENNIKA>18.1000</POCZATKOWA_WAL_CENNIKA><POCZATKOWA_WAL_DOKUMENTU>18.1000</POCZATKOWA_WAL_DOKUMENTU><PO_RABACIE_WAL_CENNIKA>17.2000</PO_RABACIE_WAL_CENNIKA><PO_RABACIE_PLN>17.2000</PO_RABACIE_PLN><PO_RABACIE_WAL_DOKUMENTU>17.2000</PO_RABACIE_WAL_DOKUMENTU></CENY><WALUTA><SYMBOL>PLN</SYMBOL><KURS_L>1.00</KURS_L><KURS_M>1</KURS_M></WALUTA><RABAT>5.00</RABAT><WARTOSC_NETTO>27.97</WARTOSC_NETTO><WARTOSC_BRUTTO>34.40</WARTOSC_BRUTTO><WARTOSC_NETTO_WAL>27.97</WARTOSC_NETTO_WAL><WARTOSC_BRUTTO_WAL>34.40</WARTOSC_BRUTTO_WAL><ILOSC>2.0000</ILOSC><JM>szt.</JM><JM_CALKOWITE>0.00</JM_CALKOWITE><JM_ZLOZONA><JMZ>szt.</JMZ><JM_PRZELICZNIK_L>1.00</JM_PRZELICZNIK_L><JM_PRZELICZNIK_M>1</JM_PRZELICZNIK_M></JM_ZLOZONA></POZYCJA><POZYCJA><LP>8</LP><TOWAR><KOD>666305</KOD><NAZWA>DZIEŃ DZIADKA 2023 - KUBEK BOSS 300ML - DZIADEK JEST JAK TATA ALE FAJNIEJSZY</NAZWA><OPIS/><EAN>5904405106334</EAN><SWW/><NUMER_KATALOGOWY/><MPP>0</MPP></TOWAR><STAWKA_VAT><STAWKA>23.00</STAWKA><FLAGA>2</FLAGA><ZRODLOWA>0.00</ZRODLOWA></STAWKA_VAT><CENY><CENAZCZTEREMAMIEJSCAMI>0</CENAZCZTEREMAMIEJSCAMI><POCZATKOWA_WAL_CENNIKA>18.1000</POCZATKOWA_WAL_CENNIKA><POCZATKOWA_WAL_DOKUMENTU>18.1000</POCZATKOWA_WAL_DOKUMENTU><PO_RABACIE_WAL_CENNIKA>17.2000</PO_RABACIE_WAL_CENNIKA><PO_RABACIE_PLN>17.2000</PO_RABACIE_PLN><PO_RABACIE_WAL_DOKUMENTU>17.2000</PO_RABACIE_WAL_DOKUMENTU></CENY><WALUTA><SYMBOL>PLN</SYMBOL><KURS_L>1.00</KURS_L><KURS_M>1</KURS_M></WALUTA><RABAT>5.00</RABAT><WARTOSC_NETTO>27.97</WARTOSC_NETTO><WARTOSC_BRUTTO>34.40</WARTOSC_BRUTTO><WARTOSC_NETTO_WAL>27.97</WARTOSC_NETTO_WAL><WARTOSC_BRUTTO_WAL>34.40</WARTOSC_BRUTTO_WAL><ILOSC>2.0000</ILOSC><JM>szt.</JM><JM_CALKOWITE>0.00</JM_CALKOWITE><JM_ZLOZONA><JMZ>szt.</JMZ><JM_PRZELICZNIK_L>1.00</JM_PRZELICZNIK_L><JM_PRZELICZNIK_M>1</JM_PRZELICZNIK_M></JM_ZLOZONA></POZYCJA><POZYCJA><LP>9</LP><TOWAR><KOD>666306</KOD><NAZWA>DZIEŃ DZIADKA 2023 - KUBEK BOSS 300ML - DZIADEK TO BRZMI DUMNIE</NAZWA><OPIS/><EAN>5904405106358</EAN><SWW/><NUMER_KATALOGOWY/><MPP>0</MPP></TOWAR><STAWKA_VAT><STAWKA>23.00</STAWKA><FLAGA>2</FLAGA><ZRODLOWA>0.00</ZRODLOWA></STAWKA_VAT><CENY><CENAZCZTEREMAMIEJSCAMI>0</CENAZCZTEREMAMIEJSCAMI><POCZATKOWA_WAL_CENNIKA>18.1000</POCZATKOWA_WAL_CENNIKA><POCZATKOWA_WAL_DOKUMENTU>18.1000</POCZATKOWA_WAL_DOKUMENTU><PO_RABACIE_WAL_CENNIKA>17.2000</PO_RABACIE_WAL_CENNIKA><PO_RABACIE_PLN>17.2000</PO_RABACIE_PLN><PO_RABACIE_WAL_DOKUMENTU>17.2000</PO_RABACIE_WAL_DOKUMENTU></CENY><WALUTA><SYMBOL>PLN</SYMBOL><KURS_L>1.00</KURS_L><KURS_M>1</KURS_M></WALUTA><RABAT>5.00</RABAT><WARTOSC_NETTO>27.97</WARTOSC_NETTO><WARTOSC_BRUTTO>34.40</WARTOSC_BRUTTO><WARTOSC_NETTO_WAL>27.97</WARTOSC_NETTO_WAL><WARTOSC_BRUTTO_WAL>34.40</WARTOSC_BRUTTO_WAL><ILOSC>2.0000</ILOSC><JM>szt.</JM><JM_CALKOWITE>0.00</JM_CALKOWITE><JM_ZLOZONA><JMZ>szt.</JMZ><JM_PRZELICZNIK_L>1.00</JM_PRZELICZNIK_L><JM_PRZELICZNIK_M>1</JM_PRZELICZNIK_M></JM_ZLOZONA></POZYCJA></POZYCJE><KAUCJE/><PLATNOSCI><PLATNOSC><FORMA>gotówka</FORMA><TERMIN>2023-01-13</TERMIN><KWOTA>206.40</KWOTA><KWOTA_W_WAL_SYSTEMOWEJ>206.40</KWOTA_W_WAL_SYSTEMOWEJ><WALUTA><SYMBOL/><KURS_L>1.00</KURS_L><KURS_M>1</KURS_M></WALUTA></PLATNOSC></PLATNOSCI><PLATNOSCI_KAUCJE/><TABELKA_VAT><LINIA_VAT><STAWKA_VAT><STAWKA>23.00</STAWKA><FLAGA>2</FLAGA><ZRODLOWA>0.00</ZRODLOWA></STAWKA_VAT><NETTO>167.80</NETTO><VAT>38.60</VAT><BRUTTO>206.40</BRUTTO><NETTO_WAL>167.80</NETTO_WAL><VAT_WAL>38.60</VAT_WAL><BRUTTO_WAL>206.40</BRUTTO_WAL></LINIA_VAT></TABELKA_VAT><ATRYBUTY/></DOKUMENT></ROOT>
