<?xml version="1.0" encoding="UTF-8"?>
<ROOT xmlns="http://www.cdn.com.pl/optima/dokument"><DOKUMENT><NAGLOWEK><GENERATOR>Comarch Opt!ma</GENERATOR><TYP_DOKUMENTU>302</TYP_DOKUMENTU><RODZAJ_DOKUMENTU>302004</RODZAJ_DOKUMENTU><FV_MARZA>0</FV_MARZA><FV_MARZA_RODZAJ>0</FV_MARZA_RODZAJ><NUMER_PELNY>FA/221/2023</NUMER_PELNY><DATA_DOKUMENTU>2023-01-12</DATA_DOKUMENTU><DATA_WYSTAWIENIA>2023-01-12</DATA_WYSTAWIENIA><DATA_OPERACJI>2023-01-12</DATA_OPERACJI><TERMIN_ZWROTU_KAUCJI>2023-03-13</TERMIN_ZWROTU_KAUCJI><KOREKTA>0</KOREKTA><DETAL>0</DETAL><TYP_NETTO_BRUTTO>2</TYP_NETTO_BRUTTO><RABAT>9.97</RABAT><OPIS>Dok.: FA/221/2023 (Faktura sprzedaży z wygenerowanym WZ)</OPIS><PLATNIK><KOD>ASTER SUWAŁKI</KOD><NIP_KRAJ>PL</NIP_KRAJ><NIP>8441012723</NIP><GLN/><NAZWA>KWIACIARNIA ASTER ANETA RUTKOWSKA</NAZWA><MPP>0</MPP><ADRES><KOD_POCZTOWY>16-400</KOD_POCZTOWY><MIASTO>SUWAŁKI</MIASTO><ULICA>PAPIEŻA JANA PAWŁA II 8/LOK U3</ULICA><KRAJ>Polska</KRAJ></ADRES></PLATNIK><ODBIORCA><KOD>ASTER SUWAŁKI</KOD><NIP_KRAJ>PL</NIP_KRAJ><NIP>8441012723</NIP><GLN/><NAZWA>KWIACIARNIA ASTER ANETA RUTKOWSKA</NAZWA><ADRES><KOD_POCZTOWY>16-400</KOD_POCZTOWY><MIASTO>SUWAŁKI</MIASTO><ULICA>PAPIEŻA JANA PAWŁA II 8/LOK U3</ULICA><KRAJ>Polska</KRAJ></ADRES></ODBIORCA><SPRZEDAWCA><NIP_KRAJ>PL</NIP_KRAJ><NIP>546-000-03-17</NIP><GLN>0000000000000</GLN><NAZWA>P.H.U. "KROKUS" HURTOWNIA KWIATÓW LESZEK WOŁKOWICZ</NAZWA><ADRES><KOD_POCZTOWY>15-257</KOD_POCZTOWY><MIASTO>BIAŁYSTOK</MIASTO><ULICA>ul. A. MICKIEWICZA 95</ULICA><KRAJ>Polska</KRAJ></ADRES><NUMER_KONTA_BANKOWEGO>22-12405211-1111000049289196</NUMER_KONTA_BANKOWEGO><NAZWA_BANKU>BANK PEKAO SA</NAZWA_BANKU></SPRZEDAWCA><KATEGORIA><KOD/><OPIS/></KATEGORIA><PLATNOSC><FORMA>przelew</FORMA><TERMIN>2023-01-26</TERMIN><MPP>0</MPP></PLATNOSC><WALUTA><SYMBOL>PLN</SYMBOL><KURS_L>1.00</KURS_L><KURS_M>1</KURS_M><PLAT_WAL_OD_PLN>0</PLAT_WAL_OD_PLN><KURS_NUMER>3</KURS_NUMER><KURS_DATA>2023-01-12</KURS_DATA></WALUTA><KWOTY><RAZEM_NETTO_WAL>4279.04</RAZEM_NETTO_WAL><RAZEM_NETTO>4279.04</RAZEM_NETTO><RAZEM_BRUTTO>5220.85</RAZEM_BRUTTO><RAZEM_VAT>941.81</RAZEM_VAT></KWOTY><MAGAZYN_ZRODLOWY>MAGAZYN</MAGAZYN_ZRODLOWY><MAGAZYN_DOCELOWY/><KAUCJE_PLATNOSCI>0</KAUCJE_PLATNOSCI><BLOKADA_PLATNOSCI>0</BLOKADA_PLATNOSCI><VAT_DLA_DOK_WAL>0</VAT_DLA_DOK_WAL><TRYB_NETTO_VAT>0</TRYB_NETTO_VAT><STATUS_PLATNIKA>0</STATUS_PLATNIKA><ROZLICZAM_PODATEK_W_OSS>0</ROZLICZAM_PODATEK_W_OSS></NAGLOWEK><POZYCJE><POZYCJA><LP>1</LP><TOWAR><KOD>717414</KOD><NAZWA>KOSZ Z ŁUBY DUŻY PASTELOWY</NAZWA><OPIS/><EAN/><SWW/><NUMER_KATALOGOWY/><MPP>0</MPP></TOWAR><STAWKA_VAT><STAWKA>23.00</STAWKA><FLAGA>2</FLAGA><ZRODLOWA>0.00</ZRODLOWA></STAWKA_VAT><CENY><CENAZCZTEREMAMIEJSCAMI>0</CENAZCZTEREMAMIEJSCAMI><POCZATKOWA_WAL_CENNIKA>7.8000</POCZATKOWA_WAL_CENNIKA><POCZATKOWA_WAL_DOKUMENTU>7.8000</POCZATKOWA_WAL_DOKUMENTU><PO_RABACIE_WAL_CENNIKA>7.0200</PO_RABACIE_WAL_CENNIKA><PO_RABACIE_PLN>7.0200</PO_RABACIE_PLN><PO_RABACIE_WAL_DOKUMENTU>7.0200</PO_RABACIE_WAL_DOKUMENTU></CENY><WALUTA><SYMBOL>PLN</SYMBOL><KURS_L>1.00</KURS_L><KURS_M>1</KURS_M></WALUTA><RABAT>10.00</RABAT><WARTOSC_NETTO>119.85</WARTOSC_NETTO><WARTOSC_BRUTTO>147.42</WARTOSC_BRUTTO><WARTOSC_NETTO_WAL>119.85</WARTOSC_NETTO_WAL><WARTOSC_BRUTTO_WAL>147.42</WARTOSC_BRUTTO_WAL><ILOSC>21.0000</ILOSC><JM>szt</JM><JM_CALKOWITE>0.00</JM_CALKOWITE><JM_ZLOZONA><JMZ>szt</JMZ><JM_PRZELICZNIK_L>1.00</JM_PRZELICZNIK_L><JM_PRZELICZNIK_M>1</JM_PRZELICZNIK_M></JM_ZLOZONA></POZYCJA><POZYCJA><LP>2</LP><TOWAR><KOD>665962</KOD><NAZWA>PUDEŁKO OZDOBNE W2384</NAZWA><OPIS/><EAN>5903288137428</EAN><SWW/><NUMER_KATALOGOWY/><MPP>0</MPP></TOWAR><STAWKA_VAT><STAWKA>23.00</STAWKA><FLAGA>2</FLAGA><ZRODLOWA>0.00</ZRODLOWA></STAWKA_VAT><CENY><CENAZCZTEREMAMIEJSCAMI>0</CENAZCZTEREMAMIEJSCAMI><POCZATKOWA_WAL_CENNIKA>16.7000</POCZATKOWA_WAL_CENNIKA><POCZATKOWA_WAL_DOKUMENTU>16.7000</POCZATKOWA_WAL_DOKUMENTU><PO_RABACIE_WAL_CENNIKA>15.0300</PO_RABACIE_WAL_CENNIKA><PO_RABACIE_PLN>15.0300</PO_RABACIE_PLN><PO_RABACIE_WAL_DOKUMENTU>15.0300</PO_RABACIE_WAL_DOKUMENTU></CENY><WALUTA><SYMBOL>PLN</SYMBOL><KURS_L>1.00</KURS_L><KURS_M>1</KURS_M></WALUTA><RABAT>10.00</RABAT><WARTOSC_NETTO>61.10</WARTOSC_NETTO><WARTOSC_BRUTTO>75.15</WARTOSC_BRUTTO><WARTOSC_NETTO_WAL>61.10</WARTOSC_NETTO_WAL><WARTOSC_BRUTTO_WAL>75.15</WARTOSC_BRUTTO_WAL><ILOSC>5.0000</ILOSC><JM>szt</JM><JM_CALKOWITE>0.00</JM_CALKOWITE><JM_ZLOZONA><JMZ>szt</JMZ><JM_PRZELICZNIK_L>1.00</JM_PRZELICZNIK_L><JM_PRZELICZNIK_M>1</JM_PRZELICZNIK_M></JM_ZLOZONA></POZYCJA><POZYCJA><LP>3</LP><TOWAR><KOD>666023</KOD><NAZWA>KPL.2 PUDEŁEK PINK</NAZWA><OPIS/><EAN>5901720270764</EAN><SWW/><NUMER_KATALOGOWY/><MPP>0</MPP></TOWAR><STAWKA_VAT><STAWKA>23.00</STAWKA><FLAGA>2</FLAGA><ZRODLOWA>0.00</ZRODLOWA></STAWKA_VAT><CENY><CENAZCZTEREMAMIEJSCAMI>0</CENAZCZTEREMAMIEJSCAMI><POCZATKOWA_WAL_CENNIKA>26.2000</POCZATKOWA_WAL_CENNIKA><POCZATKOWA_WAL_DOKUMENTU>26.2000</POCZATKOWA_WAL_DOKUMENTU><PO_RABACIE_WAL_CENNIKA>23.5800</PO_RABACIE_WAL_CENNIKA><PO_RABACIE_PLN>23.5800</PO_RABACIE_PLN><PO_RABACIE_WAL_DOKUMENTU>23.5800</PO_RABACIE_WAL_DOKUMENTU></CENY><WALUTA><SYMBOL>PLN</SYMBOL><KURS_L>1.00</KURS_L><KURS_M>1</KURS_M></WALUTA><RABAT>10.00</RABAT><WARTOSC_NETTO>57.51</WARTOSC_NETTO><WARTOSC_BRUTTO>70.74</WARTOSC_BRUTTO><WARTOSC_NETTO_WAL>57.51</WARTOSC_NETTO_WAL><WARTOSC_BRUTTO_WAL>70.74</WARTOSC_BRUTTO_WAL><ILOSC>3.0000</ILOSC><JM>KPL</JM><JM_CALKOWITE>0.00</JM_CALKOWITE><JM_ZLOZONA><JMZ>KPL</JMZ><JM_PRZELICZNIK_L>1.00</JM_PRZELICZNIK_L><JM_PRZELICZNIK_M>1</JM_PRZELICZNIK_M></JM_ZLOZONA></POZYCJA><POZYCJA><LP>4</LP><TOWAR><KOD>666022</KOD><NAZWA>KPL.2 PUDEŁEK BIAŁE</NAZWA><OPIS/><EAN>5901720270733</EAN><SWW/><NUMER_KATALOGOWY/><MPP>0</MPP></TOWAR><STAWKA_VAT><STAWKA>23.00</STAWKA><FLAGA>2</FLAGA><ZRODLOWA>0.00</ZRODLOWA></STAWKA_VAT><CENY><CENAZCZTEREMAMIEJSCAMI>0</CENAZCZTEREMAMIEJSCAMI><POCZATKOWA_WAL_CENNIKA>26.2000</POCZATKOWA_WAL_CENNIKA><POCZATKOWA_WAL_DOKUMENTU>26.2000</POCZATKOWA_WAL_DOKUMENTU><PO_RABACIE_WAL_CENNIKA>23.5800</PO_RABACIE_WAL_CENNIKA><PO_RABACIE_PLN>23.5800</PO_RABACIE_PLN><PO_RABACIE_WAL_DOKUMENTU>23.5800</PO_RABACIE_WAL_DOKUMENTU></CENY><WALUTA><SYMBOL>PLN</SYMBOL><KURS_L>1.00</KURS_L><KURS_M>1</KURS_M></WALUTA><RABAT>10.00</RABAT><WARTOSC_NETTO>76.68</WARTOSC_NETTO><WARTOSC_BRUTTO>94.32</WARTOSC_BRUTTO><WARTOSC_NETTO_WAL>76.68</WARTOSC_NETTO_WAL><WARTOSC_BRUTTO_WAL>94.32</WARTOSC_BRUTTO_WAL><ILOSC>4.0000</ILOSC><JM>KPL</JM><JM_CALKOWITE>0.00</JM_CALKOWITE><JM_ZLOZONA><JMZ>KPL</JMZ><JM_PRZELICZNIK_L>1.00</JM_PRZELICZNIK_L><JM_PRZELICZNIK_M>1</JM_PRZELICZNIK_M></JM_ZLOZONA></POZYCJA><POZYCJA><LP>5</LP><TOWAR><KOD>717572</KOD><NAZWA>YF019115 KOSZ WIKLINOWY</NAZWA><OPIS/><EAN>5901138263716</EAN><SWW/><NUMER_KATALOGOWY/><MPP>0</MPP></TOWAR><STAWKA_VAT><STAWKA>23.00</STAWKA><FLAGA>2</FLAGA><ZRODLOWA>0.00</ZRODLOWA></STAWKA_VAT><CENY><CENAZCZTEREMAMIEJSCAMI>0</CENAZCZTEREMAMIEJSCAMI><POCZATKOWA_WAL_CENNIKA>8.9000</POCZATKOWA_WAL_CENNIKA><POCZATKOWA_WAL_DOKUMENTU>8.9000</POCZATKOWA_WAL_DOKUMENTU><PO_RABACIE_WAL_CENNIKA>8.0100</PO_RABACIE_WAL_CENNIKA><PO_RABACIE_PLN>8.0100</PO_RABACIE_PLN><PO_RABACIE_WAL_DOKUMENTU>8.0100</PO_RABACIE_WAL_DOKUMENTU></CENY><WALUTA><SYMBOL>PLN</SYMBOL><KURS_L>1.00</KURS_L><KURS_M>1</KURS_M></WALUTA><RABAT>10.00</RABAT><WARTOSC_NETTO>71.63</WARTOSC_NETTO><WARTOSC_BRUTTO>88.11</WARTOSC_BRUTTO><WARTOSC_NETTO_WAL>71.63</WARTOSC_NETTO_WAL><WARTOSC_BRUTTO_WAL>88.11</WARTOSC_BRUTTO_WAL><ILOSC>11.0000</ILOSC><JM>szt</JM><JM_CALKOWITE>0.00</JM_CALKOWITE><JM_ZLOZONA><JMZ>szt</JMZ><JM_PRZELICZNIK_L>1.00</JM_PRZELICZNIK_L><JM_PRZELICZNIK_M>1</JM_PRZELICZNIK_M></JM_ZLOZONA></POZYCJA><POZYCJA><LP>6</LP><TOWAR><KOD>709104</KOD><NAZWA>SIZAL - MIX KOLORÓW </NAZWA><OPIS/><EAN>5902360301290</EAN><SWW/><NUMER_KATALOGOWY/><MPP>0</MPP></TOWAR><STAWKA_VAT><STAWKA>23.00</STAWKA><FLAGA>2</FLAGA><ZRODLOWA>0.00</ZRODLOWA></STAWKA_VAT><CENY><CENAZCZTEREMAMIEJSCAMI>0</CENAZCZTEREMAMIEJSCAMI><POCZATKOWA_WAL_CENNIKA>2.8000</POCZATKOWA_WAL_CENNIKA><POCZATKOWA_WAL_DOKUMENTU>2.8000</POCZATKOWA_WAL_DOKUMENTU><PO_RABACIE_WAL_CENNIKA>2.5200</PO_RABACIE_WAL_CENNIKA><PO_RABACIE_PLN>2.5200</PO_RABACIE_PLN><PO_RABACIE_WAL_DOKUMENTU>2.5200</PO_RABACIE_WAL_DOKUMENTU></CENY><WALUTA><SYMBOL>PLN</SYMBOL><KURS_L>1.00</KURS_L><KURS_M>1</KURS_M></WALUTA><RABAT>10.00</RABAT><WARTOSC_NETTO>12.29</WARTOSC_NETTO><WARTOSC_BRUTTO>15.12</WARTOSC_BRUTTO><WARTOSC_NETTO_WAL>12.29</WARTOSC_NETTO_WAL><WARTOSC_BRUTTO_WAL>15.12</WARTOSC_BRUTTO_WAL><ILOSC>6.0000</ILOSC><JM>szt</JM><JM_CALKOWITE>0.00</JM_CALKOWITE><JM_ZLOZONA><JMZ>szt</JMZ><JM_PRZELICZNIK_L>1.00</JM_PRZELICZNIK_L><JM_PRZELICZNIK_M>1</JM_PRZELICZNIK_M></JM_ZLOZONA></POZYCJA><POZYCJA><LP>7</LP><TOWAR><KOD>717571</KOD><NAZWA>GF16438 KOSZ WIKLINOWY</NAZWA><OPIS/><EAN>5901138266892</EAN><SWW/><NUMER_KATALOGOWY/><MPP>0</MPP></TOWAR><STAWKA_VAT><STAWKA>23.00</STAWKA><FLAGA>2</FLAGA><ZRODLOWA>0.00</ZRODLOWA></STAWKA_VAT><CENY><CENAZCZTEREMAMIEJSCAMI>0</CENAZCZTEREMAMIEJSCAMI><POCZATKOWA_WAL_CENNIKA>7.9000</POCZATKOWA_WAL_CENNIKA><POCZATKOWA_WAL_DOKUMENTU>7.9000</POCZATKOWA_WAL_DOKUMENTU><PO_RABACIE_WAL_CENNIKA>7.1100</PO_RABACIE_WAL_CENNIKA><PO_RABACIE_PLN>7.1100</PO_RABACIE_PLN><PO_RABACIE_WAL_DOKUMENTU>7.1100</PO_RABACIE_WAL_DOKUMENTU></CENY><WALUTA><SYMBOL>PLN</SYMBOL><KURS_L>1.00</KURS_L><KURS_M>1</KURS_M></WALUTA><RABAT>10.00</RABAT><WARTOSC_NETTO>144.51</WARTOSC_NETTO><WARTOSC_BRUTTO>177.75</WARTOSC_BRUTTO><WARTOSC_NETTO_WAL>144.51</WARTOSC_NETTO_WAL><WARTOSC_BRUTTO_WAL>177.75</WARTOSC_BRUTTO_WAL><ILOSC>25.0000</ILOSC><JM>szt</JM><JM_CALKOWITE>0.00</JM_CALKOWITE><JM_ZLOZONA><JMZ>szt</JMZ><JM_PRZELICZNIK_L>1.00</JM_PRZELICZNIK_L><JM_PRZELICZNIK_M>1</JM_PRZELICZNIK_M></JM_ZLOZONA></POZYCJA><POZYCJA><LP>8</LP><TOWAR><KOD>717372</KOD><NAZWA>KOSZ WIKLINOWY - GF16437</NAZWA><OPIS/><EAN>5901138266885</EAN><SWW/><NUMER_KATALOGOWY/><MPP>0</MPP></TOWAR><STAWKA_VAT><STAWKA>23.00</STAWKA><FLAGA>2</FLAGA><ZRODLOWA>0.00</ZRODLOWA></STAWKA_VAT><CENY><CENAZCZTEREMAMIEJSCAMI>0</CENAZCZTEREMAMIEJSCAMI><POCZATKOWA_WAL_CENNIKA>6.0000</POCZATKOWA_WAL_CENNIKA><POCZATKOWA_WAL_DOKUMENTU>6.0000</POCZATKOWA_WAL_DOKUMENTU><PO_RABACIE_WAL_CENNIKA>5.4000</PO_RABACIE_WAL_CENNIKA><PO_RABACIE_PLN>5.4000</PO_RABACIE_PLN><PO_RABACIE_WAL_DOKUMENTU>5.4000</PO_RABACIE_WAL_DOKUMENTU></CENY><WALUTA><SYMBOL>PLN</SYMBOL><KURS_L>1.00</KURS_L><KURS_M>1</KURS_M></WALUTA><RABAT>10.00</RABAT><WARTOSC_NETTO>79.02</WARTOSC_NETTO><WARTOSC_BRUTTO>97.20</WARTOSC_BRUTTO><WARTOSC_NETTO_WAL>79.02</WARTOSC_NETTO_WAL><WARTOSC_BRUTTO_WAL>97.20</WARTOSC_BRUTTO_WAL><ILOSC>18.0000</ILOSC><JM>szt.</JM><JM_CALKOWITE>0.00</JM_CALKOWITE><JM_ZLOZONA><JMZ>szt.</JMZ><JM_PRZELICZNIK_L>1.00</JM_PRZELICZNIK_L><JM_PRZELICZNIK_M>1</JM_PRZELICZNIK_M></JM_ZLOZONA></POZYCJA><POZYCJA><LP>9</LP><TOWAR><KOD>711350</KOD><NAZWA>WSTĄŻKA SATYNOWA 2,5 X 20Y KROPKI JUNGLE GREEN</NAZWA><OPIS/><EAN>5901720230164</EAN><SWW/><NUMER_KATALOGOWY/><MPP>0</MPP></TOWAR><STAWKA_VAT><STAWKA>23.00</STAWKA><FLAGA>2</FLAGA><ZRODLOWA>0.00</ZRODLOWA></STAWKA_VAT><CENY><CENAZCZTEREMAMIEJSCAMI>0</CENAZCZTEREMAMIEJSCAMI><POCZATKOWA_WAL_CENNIKA>5.8000</POCZATKOWA_WAL_CENNIKA><POCZATKOWA_WAL_DOKUMENTU>5.8000</POCZATKOWA_WAL_DOKUMENTU><PO_RABACIE_WAL_CENNIKA>5.2200</PO_RABACIE_WAL_CENNIKA><PO_RABACIE_PLN>5.2200</PO_RABACIE_PLN><PO_RABACIE_WAL_DOKUMENTU>5.2200</PO_RABACIE_WAL_DOKUMENTU></CENY><WALUTA><SYMBOL>PLN</SYMBOL><KURS_L>1.00</KURS_L><KURS_M>1</KURS_M></WALUTA><RABAT>10.00</RABAT><WARTOSC_NETTO>16.98</WARTOSC_NETTO><WARTOSC_BRUTTO>20.88</WARTOSC_BRUTTO><WARTOSC_NETTO_WAL>16.98</WARTOSC_NETTO_WAL><WARTOSC_BRUTTO_WAL>20.88</WARTOSC_BRUTTO_WAL><ILOSC>4.0000</ILOSC><JM>szt</JM><JM_CALKOWITE>0.00</JM_CALKOWITE><JM_ZLOZONA><JMZ>szt</JMZ><JM_PRZELICZNIK_L>1.00</JM_PRZELICZNIK_L><JM_PRZELICZNIK_M>1</JM_PRZELICZNIK_M></JM_ZLOZONA></POZYCJA><POZYCJA><LP>10</LP><TOWAR><KOD>717439</KOD><NAZWA>WSTĄŻKA RYPS 12MMx25Y</NAZWA><OPIS/><EAN>5902581034908</EAN><SWW/><NUMER_KATALOGOWY/><MPP>0</MPP></TOWAR><STAWKA_VAT><STAWKA>23.00</STAWKA><FLAGA>2</FLAGA><ZRODLOWA>0.00</ZRODLOWA></STAWKA_VAT><CENY><CENAZCZTEREMAMIEJSCAMI>0</CENAZCZTEREMAMIEJSCAMI><POCZATKOWA_WAL_CENNIKA>4.0000</POCZATKOWA_WAL_CENNIKA><POCZATKOWA_WAL_DOKUMENTU>4.0000</POCZATKOWA_WAL_DOKUMENTU><PO_RABACIE_WAL_CENNIKA>3.6000</PO_RABACIE_WAL_CENNIKA><PO_RABACIE_PLN>3.6000</PO_RABACIE_PLN><PO_RABACIE_WAL_DOKUMENTU>3.6000</PO_RABACIE_WAL_DOKUMENTU></CENY><WALUTA><SYMBOL>PLN</SYMBOL><KURS_L>1.00</KURS_L><KURS_M>1</KURS_M></WALUTA><RABAT>10.00</RABAT><WARTOSC_NETTO>11.71</WARTOSC_NETTO><WARTOSC_BRUTTO>14.40</WARTOSC_BRUTTO><WARTOSC_NETTO_WAL>11.71</WARTOSC_NETTO_WAL><WARTOSC_BRUTTO_WAL>14.40</WARTOSC_BRUTTO_WAL><ILOSC>4.0000</ILOSC><JM>szt</JM><JM_CALKOWITE>0.00</JM_CALKOWITE><JM_ZLOZONA><JMZ>szt</JMZ><JM_PRZELICZNIK_L>1.00</JM_PRZELICZNIK_L><JM_PRZELICZNIK_M>1</JM_PRZELICZNIK_M></JM_ZLOZONA></POZYCJA><POZYCJA><LP>11</LP><TOWAR><KOD>717468</KOD><NAZWA>WSTĄŻKA RYPS 25mmx25y</NAZWA><OPIS/><EAN>5902581034991</EAN><SWW/><NUMER_KATALOGOWY/><MPP>0</MPP></TOWAR><STAWKA_VAT><STAWKA>23.00</STAWKA><FLAGA>2</FLAGA><ZRODLOWA>0.00</ZRODLOWA></STAWKA_VAT><CENY><CENAZCZTEREMAMIEJSCAMI>0</CENAZCZTEREMAMIEJSCAMI><POCZATKOWA_WAL_CENNIKA>7.7000</POCZATKOWA_WAL_CENNIKA><POCZATKOWA_WAL_DOKUMENTU>7.7000</POCZATKOWA_WAL_DOKUMENTU><PO_RABACIE_WAL_CENNIKA>6.9300</PO_RABACIE_WAL_CENNIKA><PO_RABACIE_PLN>6.9300</PO_RABACIE_PLN><PO_RABACIE_WAL_DOKUMENTU>6.9300</PO_RABACIE_WAL_DOKUMENTU></CENY><WALUTA><SYMBOL>PLN</SYMBOL><KURS_L>1.00</KURS_L><KURS_M>1</KURS_M></WALUTA><RABAT>10.00</RABAT><WARTOSC_NETTO>16.90</WARTOSC_NETTO><WARTOSC_BRUTTO>20.79</WARTOSC_BRUTTO><WARTOSC_NETTO_WAL>16.90</WARTOSC_NETTO_WAL><WARTOSC_BRUTTO_WAL>20.79</WARTOSC_BRUTTO_WAL><ILOSC>3.0000</ILOSC><JM>szt</JM><JM_CALKOWITE>0.00</JM_CALKOWITE><JM_ZLOZONA><JMZ>szt</JMZ><JM_PRZELICZNIK_L>1.00</JM_PRZELICZNIK_L><JM_PRZELICZNIK_M>1</JM_PRZELICZNIK_M></JM_ZLOZONA></POZYCJA><POZYCJA><LP>12</LP><TOWAR><KOD>717251</KOD><NAZWA>WSTĄŻKA RYPS 12MMX25Y FX080</NAZWA><OPIS/><EAN>5902581006684</EAN><SWW/><NUMER_KATALOGOWY/><MPP>0</MPP></TOWAR><STAWKA_VAT><STAWKA>23.00</STAWKA><FLAGA>2</FLAGA><ZRODLOWA>0.00</ZRODLOWA></STAWKA_VAT><CENY><CENAZCZTEREMAMIEJSCAMI>0</CENAZCZTEREMAMIEJSCAMI><POCZATKOWA_WAL_CENNIKA>4.0000</POCZATKOWA_WAL_CENNIKA><POCZATKOWA_WAL_DOKUMENTU>4.0000</POCZATKOWA_WAL_DOKUMENTU><PO_RABACIE_WAL_CENNIKA>3.6000</PO_RABACIE_WAL_CENNIKA><PO_RABACIE_PLN>3.6000</PO_RABACIE_PLN><PO_RABACIE_WAL_DOKUMENTU>3.6000</PO_RABACIE_WAL_DOKUMENTU></CENY><WALUTA><SYMBOL>PLN</SYMBOL><KURS_L>1.00</KURS_L><KURS_M>1</KURS_M></WALUTA><RABAT>10.00</RABAT><WARTOSC_NETTO>8.78</WARTOSC_NETTO><WARTOSC_BRUTTO>10.80</WARTOSC_BRUTTO><WARTOSC_NETTO_WAL>8.78</WARTOSC_NETTO_WAL><WARTOSC_BRUTTO_WAL>10.80</WARTOSC_BRUTTO_WAL><ILOSC>3.0000</ILOSC><JM>szt.</JM><JM_CALKOWITE>0.00</JM_CALKOWITE><JM_ZLOZONA><JMZ>szt.</JMZ><JM_PRZELICZNIK_L>1.00</JM_PRZELICZNIK_L><JM_PRZELICZNIK_M>1</JM_PRZELICZNIK_M></JM_ZLOZONA></POZYCJA><POZYCJA><LP>13</LP><TOWAR><KOD>717146</KOD><NAZWA>WSTĄŻKA RYPS 2,5 X 25Y INDIAN PINK</NAZWA><OPIS/><EAN>5901720270436</EAN><SWW/><NUMER_KATALOGOWY/><MPP>0</MPP></TOWAR><STAWKA_VAT><STAWKA>23.00</STAWKA><FLAGA>2</FLAGA><ZRODLOWA>0.00</ZRODLOWA></STAWKA_VAT><CENY><CENAZCZTEREMAMIEJSCAMI>0</CENAZCZTEREMAMIEJSCAMI><POCZATKOWA_WAL_CENNIKA>7.7000</POCZATKOWA_WAL_CENNIKA><POCZATKOWA_WAL_DOKUMENTU>7.7000</POCZATKOWA_WAL_DOKUMENTU><PO_RABACIE_WAL_CENNIKA>6.9300</PO_RABACIE_WAL_CENNIKA><PO_RABACIE_PLN>6.9300</PO_RABACIE_PLN><PO_RABACIE_WAL_DOKUMENTU>6.9300</PO_RABACIE_WAL_DOKUMENTU></CENY><WALUTA><SYMBOL>PLN</SYMBOL><KURS_L>1.00</KURS_L><KURS_M>1</KURS_M></WALUTA><RABAT>10.00</RABAT><WARTOSC_NETTO>28.17</WARTOSC_NETTO><WARTOSC_BRUTTO>34.65</WARTOSC_BRUTTO><WARTOSC_NETTO_WAL>28.17</WARTOSC_NETTO_WAL><WARTOSC_BRUTTO_WAL>34.65</WARTOSC_BRUTTO_WAL><ILOSC>5.0000</ILOSC><JM>szt</JM><JM_CALKOWITE>0.00</JM_CALKOWITE><JM_ZLOZONA><JMZ>szt</JMZ><JM_PRZELICZNIK_L>1.00</JM_PRZELICZNIK_L><JM_PRZELICZNIK_M>1</JM_PRZELICZNIK_M></JM_ZLOZONA></POZYCJA><POZYCJA><LP>14</LP><TOWAR><KOD>717460</KOD><NAZWA>WSTĄŻKA RYPS 25mmx25Y</NAZWA><OPIS/><EAN>5902581035059</EAN><SWW/><NUMER_KATALOGOWY/><MPP>0</MPP></TOWAR><STAWKA_VAT><STAWKA>23.00</STAWKA><FLAGA>2</FLAGA><ZRODLOWA>0.00</ZRODLOWA></STAWKA_VAT><CENY><CENAZCZTEREMAMIEJSCAMI>0</CENAZCZTEREMAMIEJSCAMI><POCZATKOWA_WAL_CENNIKA>7.7000</POCZATKOWA_WAL_CENNIKA><POCZATKOWA_WAL_DOKUMENTU>7.7000</POCZATKOWA_WAL_DOKUMENTU><PO_RABACIE_WAL_CENNIKA>6.9300</PO_RABACIE_WAL_CENNIKA><PO_RABACIE_PLN>6.9300</PO_RABACIE_PLN><PO_RABACIE_WAL_DOKUMENTU>6.9300</PO_RABACIE_WAL_DOKUMENTU></CENY><WALUTA><SYMBOL>PLN</SYMBOL><KURS_L>1.00</KURS_L><KURS_M>1</KURS_M></WALUTA><RABAT>10.00</RABAT><WARTOSC_NETTO>22.54</WARTOSC_NETTO><WARTOSC_BRUTTO>27.72</WARTOSC_BRUTTO><WARTOSC_NETTO_WAL>22.54</WARTOSC_NETTO_WAL><WARTOSC_BRUTTO_WAL>27.72</WARTOSC_BRUTTO_WAL><ILOSC>4.0000</ILOSC><JM>szt</JM><JM_CALKOWITE>0.00</JM_CALKOWITE><JM_ZLOZONA><JMZ>szt</JMZ><JM_PRZELICZNIK_L>1.00</JM_PRZELICZNIK_L><JM_PRZELICZNIK_M>1</JM_PRZELICZNIK_M></JM_ZLOZONA></POZYCJA><POZYCJA><LP>15</LP><TOWAR><KOD>713102</KOD><NAZWA>WSTĄŻKA GROSGRAIN RIBBON YELLOW 1,2CMX22M</NAZWA><OPIS/><EAN>5901720246301</EAN><SWW/><NUMER_KATALOGOWY/><MPP>0</MPP></TOWAR><STAWKA_VAT><STAWKA>23.00</STAWKA><FLAGA>2</FLAGA><ZRODLOWA>0.00</ZRODLOWA></STAWKA_VAT><CENY><CENAZCZTEREMAMIEJSCAMI>0</CENAZCZTEREMAMIEJSCAMI><POCZATKOWA_WAL_CENNIKA>4.0000</POCZATKOWA_WAL_CENNIKA><POCZATKOWA_WAL_DOKUMENTU>4.0000</POCZATKOWA_WAL_DOKUMENTU><PO_RABACIE_WAL_CENNIKA>3.6000</PO_RABACIE_WAL_CENNIKA><PO_RABACIE_PLN>3.6000</PO_RABACIE_PLN><PO_RABACIE_WAL_DOKUMENTU>3.6000</PO_RABACIE_WAL_DOKUMENTU></CENY><WALUTA><SYMBOL>PLN</SYMBOL><KURS_L>1.00</KURS_L><KURS_M>1</KURS_M></WALUTA><RABAT>10.00</RABAT><WARTOSC_NETTO>2.93</WARTOSC_NETTO><WARTOSC_BRUTTO>3.60</WARTOSC_BRUTTO><WARTOSC_NETTO_WAL>2.93</WARTOSC_NETTO_WAL><WARTOSC_BRUTTO_WAL>3.60</WARTOSC_BRUTTO_WAL><ILOSC>1.0000</ILOSC><JM>szt.</JM><JM_CALKOWITE>0.00</JM_CALKOWITE><JM_ZLOZONA><JMZ>szt.</JMZ><JM_PRZELICZNIK_L>1.00</JM_PRZELICZNIK_L><JM_PRZELICZNIK_M>1</JM_PRZELICZNIK_M></JM_ZLOZONA></POZYCJA><POZYCJA><LP>16</LP><TOWAR><KOD>715795</KOD><NAZWA>WSTĄŻKA SATYNOWA 2,5CM X 20Y KROPKI AUTUMN ROSE</NAZWA><OPIS/><EAN>5901720268341</EAN><SWW/><NUMER_KATALOGOWY/><MPP>0</MPP></TOWAR><STAWKA_VAT><STAWKA>23.00</STAWKA><FLAGA>2</FLAGA><ZRODLOWA>0.00</ZRODLOWA></STAWKA_VAT><CENY><CENAZCZTEREMAMIEJSCAMI>0</CENAZCZTEREMAMIEJSCAMI><POCZATKOWA_WAL_CENNIKA>5.8000</POCZATKOWA_WAL_CENNIKA><POCZATKOWA_WAL_DOKUMENTU>5.8000</POCZATKOWA_WAL_DOKUMENTU><PO_RABACIE_WAL_CENNIKA>5.2200</PO_RABACIE_WAL_CENNIKA><PO_RABACIE_PLN>5.2200</PO_RABACIE_PLN><PO_RABACIE_WAL_DOKUMENTU>5.2200</PO_RABACIE_WAL_DOKUMENTU></CENY><WALUTA><SYMBOL>PLN</SYMBOL><KURS_L>1.00</KURS_L><KURS_M>1</KURS_M></WALUTA><RABAT>10.00</RABAT><WARTOSC_NETTO>12.73</WARTOSC_NETTO><WARTOSC_BRUTTO>15.66</WARTOSC_BRUTTO><WARTOSC_NETTO_WAL>12.73</WARTOSC_NETTO_WAL><WARTOSC_BRUTTO_WAL>15.66</WARTOSC_BRUTTO_WAL><ILOSC>3.0000</ILOSC><JM>szt</JM><JM_CALKOWITE>0.00</JM_CALKOWITE><JM_ZLOZONA><JMZ>szt</JMZ><JM_PRZELICZNIK_L>1.00</JM_PRZELICZNIK_L><JM_PRZELICZNIK_M>1</JM_PRZELICZNIK_M></JM_ZLOZONA></POZYCJA><POZYCJA><LP>17</LP><TOWAR><KOD>717449</KOD><NAZWA>WSTĄŻKA RYPS 12MMx25Y
</NAZWA><OPIS/><EAN>5902581034885</EAN><SWW/><NUMER_KATALOGOWY/><MPP>0</MPP></TOWAR><STAWKA_VAT><STAWKA>23.00</STAWKA><FLAGA>2</FLAGA><ZRODLOWA>0.00</ZRODLOWA></STAWKA_VAT><CENY><CENAZCZTEREMAMIEJSCAMI>0</CENAZCZTEREMAMIEJSCAMI><POCZATKOWA_WAL_CENNIKA>4.0000</POCZATKOWA_WAL_CENNIKA><POCZATKOWA_WAL_DOKUMENTU>4.0000</POCZATKOWA_WAL_DOKUMENTU><PO_RABACIE_WAL_CENNIKA>3.6000</PO_RABACIE_WAL_CENNIKA><PO_RABACIE_PLN>3.6000</PO_RABACIE_PLN><PO_RABACIE_WAL_DOKUMENTU>3.6000</PO_RABACIE_WAL_DOKUMENTU></CENY><WALUTA><SYMBOL>PLN</SYMBOL><KURS_L>1.00</KURS_L><KURS_M>1</KURS_M></WALUTA><RABAT>10.00</RABAT><WARTOSC_NETTO>2.93</WARTOSC_NETTO><WARTOSC_BRUTTO>3.60</WARTOSC_BRUTTO><WARTOSC_NETTO_WAL>2.93</WARTOSC_NETTO_WAL><WARTOSC_BRUTTO_WAL>3.60</WARTOSC_BRUTTO_WAL><ILOSC>1.0000</ILOSC><JM>szt</JM><JM_CALKOWITE>0.00</JM_CALKOWITE><JM_ZLOZONA><JMZ>szt</JMZ><JM_PRZELICZNIK_L>1.00</JM_PRZELICZNIK_L><JM_PRZELICZNIK_M>1</JM_PRZELICZNIK_M></JM_ZLOZONA></POZYCJA><POZYCJA><LP>18</LP><TOWAR><KOD>504382</KOD><NAZWA>ROWEREK KLEJ 8SZT/KPL HY-2843</NAZWA><OPIS/><EAN>5908257365284</EAN><SWW/><NUMER_KATALOGOWY/><MPP>0</MPP></TOWAR><STAWKA_VAT><STAWKA>23.00</STAWKA><FLAGA>2</FLAGA><ZRODLOWA>0.00</ZRODLOWA></STAWKA_VAT><CENY><CENAZCZTEREMAMIEJSCAMI>0</CENAZCZTEREMAMIEJSCAMI><POCZATKOWA_WAL_CENNIKA>3.5100</POCZATKOWA_WAL_CENNIKA><POCZATKOWA_WAL_DOKUMENTU>3.5100</POCZATKOWA_WAL_DOKUMENTU><PO_RABACIE_WAL_CENNIKA>3.1600</PO_RABACIE_WAL_CENNIKA><PO_RABACIE_PLN>3.1600</PO_RABACIE_PLN><PO_RABACIE_WAL_DOKUMENTU>3.1600</PO_RABACIE_WAL_DOKUMENTU></CENY><WALUTA><SYMBOL>PLN</SYMBOL><KURS_L>1.00</KURS_L><KURS_M>1</KURS_M></WALUTA><RABAT>10.00</RABAT><WARTOSC_NETTO>2.57</WARTOSC_NETTO><WARTOSC_BRUTTO>3.16</WARTOSC_BRUTTO><WARTOSC_NETTO_WAL>2.57</WARTOSC_NETTO_WAL><WARTOSC_BRUTTO_WAL>3.16</WARTOSC_BRUTTO_WAL><ILOSC>1.0000</ILOSC><JM>szt.</JM><JM_CALKOWITE>0.00</JM_CALKOWITE><JM_ZLOZONA><JMZ>szt.</JMZ><JM_PRZELICZNIK_L>1.00</JM_PRZELICZNIK_L><JM_PRZELICZNIK_M>1</JM_PRZELICZNIK_M></JM_ZLOZONA></POZYCJA><POZYCJA><LP>19</LP><TOWAR><KOD>504110</KOD><NAZWA>PRZYKLEJKA BIEDRONKA HY2175</NAZWA><OPIS/><EAN>5908257358194</EAN><SWW/><NUMER_KATALOGOWY/><MPP>0</MPP></TOWAR><STAWKA_VAT><STAWKA>23.00</STAWKA><FLAGA>2</FLAGA><ZRODLOWA>0.00</ZRODLOWA></STAWKA_VAT><CENY><CENAZCZTEREMAMIEJSCAMI>0</CENAZCZTEREMAMIEJSCAMI><POCZATKOWA_WAL_CENNIKA>5.2000</POCZATKOWA_WAL_CENNIKA><POCZATKOWA_WAL_DOKUMENTU>5.2000</POCZATKOWA_WAL_DOKUMENTU><PO_RABACIE_WAL_CENNIKA>4.6800</PO_RABACIE_WAL_CENNIKA><PO_RABACIE_PLN>4.6800</PO_RABACIE_PLN><PO_RABACIE_WAL_DOKUMENTU>4.6800</PO_RABACIE_WAL_DOKUMENTU></CENY><WALUTA><SYMBOL>PLN</SYMBOL><KURS_L>1.00</KURS_L><KURS_M>1</KURS_M></WALUTA><RABAT>10.00</RABAT><WARTOSC_NETTO>26.63</WARTOSC_NETTO><WARTOSC_BRUTTO>32.76</WARTOSC_BRUTTO><WARTOSC_NETTO_WAL>26.63</WARTOSC_NETTO_WAL><WARTOSC_BRUTTO_WAL>32.76</WARTOSC_BRUTTO_WAL><ILOSC>7.0000</ILOSC><JM>szt.</JM><JM_CALKOWITE>0.00</JM_CALKOWITE><JM_ZLOZONA><JMZ>szt.</JMZ><JM_PRZELICZNIK_L>1.00</JM_PRZELICZNIK_L><JM_PRZELICZNIK_M>1</JM_PRZELICZNIK_M></JM_ZLOZONA></POZYCJA><POZYCJA><LP>20</LP><TOWAR><KOD>504076</KOD><NAZWA>BIEDRONKI PRZYKLEJKI HY-2178 18SZT/KPL</NAZWA><OPIS/><EAN>5908257358224</EAN><SWW/><NUMER_KATALOGOWY/><MPP>0</MPP></TOWAR><STAWKA_VAT><STAWKA>23.00</STAWKA><FLAGA>2</FLAGA><ZRODLOWA>0.00</ZRODLOWA></STAWKA_VAT><CENY><CENAZCZTEREMAMIEJSCAMI>0</CENAZCZTEREMAMIEJSCAMI><POCZATKOWA_WAL_CENNIKA>5.5000</POCZATKOWA_WAL_CENNIKA><POCZATKOWA_WAL_DOKUMENTU>5.5000</POCZATKOWA_WAL_DOKUMENTU><PO_RABACIE_WAL_CENNIKA>4.9500</PO_RABACIE_WAL_CENNIKA><PO_RABACIE_PLN>4.9500</PO_RABACIE_PLN><PO_RABACIE_WAL_DOKUMENTU>4.9500</PO_RABACIE_WAL_DOKUMENTU></CENY><WALUTA><SYMBOL>PLN</SYMBOL><KURS_L>1.00</KURS_L><KURS_M>1</KURS_M></WALUTA><RABAT>10.00</RABAT><WARTOSC_NETTO>40.24</WARTOSC_NETTO><WARTOSC_BRUTTO>49.50</WARTOSC_BRUTTO><WARTOSC_NETTO_WAL>40.24</WARTOSC_NETTO_WAL><WARTOSC_BRUTTO_WAL>49.50</WARTOSC_BRUTTO_WAL><ILOSC>10.0000</ILOSC><JM>op.</JM><JM_CALKOWITE>0.00</JM_CALKOWITE><JM_ZLOZONA><JMZ>op.</JMZ><JM_PRZELICZNIK_L>1.00</JM_PRZELICZNIK_L><JM_PRZELICZNIK_M>1</JM_PRZELICZNIK_M></JM_ZLOZONA></POZYCJA><POZYCJA><LP>21</LP><TOWAR><KOD>663923</KOD><NAZWA>OSŁONKA WY20-15 MIX</NAZWA><OPIS/><EAN>5903288153510</EAN><SWW/><NUMER_KATALOGOWY/><MPP>0</MPP></TOWAR><STAWKA_VAT><STAWKA>23.00</STAWKA><FLAGA>2</FLAGA><ZRODLOWA>0.00</ZRODLOWA></STAWKA_VAT><CENY><CENAZCZTEREMAMIEJSCAMI>0</CENAZCZTEREMAMIEJSCAMI><POCZATKOWA_WAL_CENNIKA>8.9000</POCZATKOWA_WAL_CENNIKA><POCZATKOWA_WAL_DOKUMENTU>8.9000</POCZATKOWA_WAL_DOKUMENTU><PO_RABACIE_WAL_CENNIKA>8.0100</PO_RABACIE_WAL_CENNIKA><PO_RABACIE_PLN>8.0100</PO_RABACIE_PLN><PO_RABACIE_WAL_DOKUMENTU>8.0100</PO_RABACIE_WAL_DOKUMENTU></CENY><WALUTA><SYMBOL>PLN</SYMBOL><KURS_L>1.00</KURS_L><KURS_M>1</KURS_M></WALUTA><RABAT>10.00</RABAT><WARTOSC_NETTO>84.66</WARTOSC_NETTO><WARTOSC_BRUTTO>104.13</WARTOSC_BRUTTO><WARTOSC_NETTO_WAL>84.66</WARTOSC_NETTO_WAL><WARTOSC_BRUTTO_WAL>104.13</WARTOSC_BRUTTO_WAL><ILOSC>13.0000</ILOSC><JM>szt</JM><JM_CALKOWITE>0.00</JM_CALKOWITE><JM_ZLOZONA><JMZ>szt</JMZ><JM_PRZELICZNIK_L>1.00</JM_PRZELICZNIK_L><JM_PRZELICZNIK_M>1</JM_PRZELICZNIK_M></JM_ZLOZONA></POZYCJA><POZYCJA><LP>22</LP><TOWAR><KOD>717486</KOD><NAZWA>OSŁONKA OS-KOR 2SZT.</NAZWA><OPIS/><EAN>5908275946731</EAN><SWW/><NUMER_KATALOGOWY/><MPP>0</MPP></TOWAR><STAWKA_VAT><STAWKA>23.00</STAWKA><FLAGA>2</FLAGA><ZRODLOWA>0.00</ZRODLOWA></STAWKA_VAT><CENY><CENAZCZTEREMAMIEJSCAMI>0</CENAZCZTEREMAMIEJSCAMI><POCZATKOWA_WAL_CENNIKA>49.0000</POCZATKOWA_WAL_CENNIKA><POCZATKOWA_WAL_DOKUMENTU>49.0000</POCZATKOWA_WAL_DOKUMENTU><PO_RABACIE_WAL_CENNIKA>44.1000</PO_RABACIE_WAL_CENNIKA><PO_RABACIE_PLN>44.1000</PO_RABACIE_PLN><PO_RABACIE_WAL_DOKUMENTU>44.1000</PO_RABACIE_WAL_DOKUMENTU></CENY><WALUTA><SYMBOL>PLN</SYMBOL><KURS_L>1.00</KURS_L><KURS_M>1</KURS_M></WALUTA><RABAT>10.00</RABAT><WARTOSC_NETTO>71.71</WARTOSC_NETTO><WARTOSC_BRUTTO>88.20</WARTOSC_BRUTTO><WARTOSC_NETTO_WAL>71.71</WARTOSC_NETTO_WAL><WARTOSC_BRUTTO_WAL>88.20</WARTOSC_BRUTTO_WAL><ILOSC>2.0000</ILOSC><JM>KPL</JM><JM_CALKOWITE>0.00</JM_CALKOWITE><JM_ZLOZONA><JMZ>KPL</JMZ><JM_PRZELICZNIK_L>1.00</JM_PRZELICZNIK_L><JM_PRZELICZNIK_M>1</JM_PRZELICZNIK_M></JM_ZLOZONA></POZYCJA><POZYCJA><LP>23</LP><TOWAR><KOD>666321</KOD><NAZWA>KPL.PUDEŁEK OZDOBNYCH W3047</NAZWA><OPIS/><EAN>5903288218639</EAN><SWW/><NUMER_KATALOGOWY/><MPP>0</MPP></TOWAR><STAWKA_VAT><STAWKA>23.00</STAWKA><FLAGA>2</FLAGA><ZRODLOWA>0.00</ZRODLOWA></STAWKA_VAT><CENY><CENAZCZTEREMAMIEJSCAMI>0</CENAZCZTEREMAMIEJSCAMI><POCZATKOWA_WAL_CENNIKA>53.5000</POCZATKOWA_WAL_CENNIKA><POCZATKOWA_WAL_DOKUMENTU>53.5000</POCZATKOWA_WAL_DOKUMENTU><PO_RABACIE_WAL_CENNIKA>48.1500</PO_RABACIE_WAL_CENNIKA><PO_RABACIE_PLN>48.1500</PO_RABACIE_PLN><PO_RABACIE_WAL_DOKUMENTU>48.1500</PO_RABACIE_WAL_DOKUMENTU></CENY><WALUTA><SYMBOL>PLN</SYMBOL><KURS_L>1.00</KURS_L><KURS_M>1</KURS_M></WALUTA><RABAT>10.00</RABAT><WARTOSC_NETTO>78.29</WARTOSC_NETTO><WARTOSC_BRUTTO>96.30</WARTOSC_BRUTTO><WARTOSC_NETTO_WAL>78.29</WARTOSC_NETTO_WAL><WARTOSC_BRUTTO_WAL>96.30</WARTOSC_BRUTTO_WAL><ILOSC>2.0000</ILOSC><JM>szt.</JM><JM_CALKOWITE>0.00</JM_CALKOWITE><JM_ZLOZONA><JMZ>szt.</JMZ><JM_PRZELICZNIK_L>1.00</JM_PRZELICZNIK_L><JM_PRZELICZNIK_M>1</JM_PRZELICZNIK_M></JM_ZLOZONA></POZYCJA><POZYCJA><LP>24</LP><TOWAR><KOD>619139</KOD><NAZWA>PUDEŁKO OZDOBNE W9641</NAZWA><OPIS/><EAN>5900054990546</EAN><SWW/><NUMER_KATALOGOWY/><MPP>0</MPP></TOWAR><STAWKA_VAT><STAWKA>23.00</STAWKA><FLAGA>2</FLAGA><ZRODLOWA>0.00</ZRODLOWA></STAWKA_VAT><CENY><CENAZCZTEREMAMIEJSCAMI>0</CENAZCZTEREMAMIEJSCAMI><POCZATKOWA_WAL_CENNIKA>11.0000</POCZATKOWA_WAL_CENNIKA><POCZATKOWA_WAL_DOKUMENTU>11.0000</POCZATKOWA_WAL_DOKUMENTU><PO_RABACIE_WAL_CENNIKA>9.9000</PO_RABACIE_WAL_CENNIKA><PO_RABACIE_PLN>9.9000</PO_RABACIE_PLN><PO_RABACIE_WAL_DOKUMENTU>9.9000</PO_RABACIE_WAL_DOKUMENTU></CENY><WALUTA><SYMBOL>PLN</SYMBOL><KURS_L>1.00</KURS_L><KURS_M>1</KURS_M></WALUTA><RABAT>10.00</RABAT><WARTOSC_NETTO>64.39</WARTOSC_NETTO><WARTOSC_BRUTTO>79.20</WARTOSC_BRUTTO><WARTOSC_NETTO_WAL>64.39</WARTOSC_NETTO_WAL><WARTOSC_BRUTTO_WAL>79.20</WARTOSC_BRUTTO_WAL><ILOSC>8.0000</ILOSC><JM>szt</JM><JM_CALKOWITE>0.00</JM_CALKOWITE><JM_ZLOZONA><JMZ>szt</JMZ><JM_PRZELICZNIK_L>1.00</JM_PRZELICZNIK_L><JM_PRZELICZNIK_M>1</JM_PRZELICZNIK_M></JM_ZLOZONA></POZYCJA><POZYCJA><LP>25</LP><TOWAR><KOD>618363</KOD><NAZWA>PUDEŁKO OZDOBNE W9639</NAZWA><OPIS/><EAN>5900054915051</EAN><SWW/><NUMER_KATALOGOWY/><MPP>0</MPP></TOWAR><STAWKA_VAT><STAWKA>23.00</STAWKA><FLAGA>2</FLAGA><ZRODLOWA>0.00</ZRODLOWA></STAWKA_VAT><CENY><CENAZCZTEREMAMIEJSCAMI>0</CENAZCZTEREMAMIEJSCAMI><POCZATKOWA_WAL_CENNIKA>11.0000</POCZATKOWA_WAL_CENNIKA><POCZATKOWA_WAL_DOKUMENTU>11.0000</POCZATKOWA_WAL_DOKUMENTU><PO_RABACIE_WAL_CENNIKA>9.9000</PO_RABACIE_WAL_CENNIKA><PO_RABACIE_PLN>9.9000</PO_RABACIE_PLN><PO_RABACIE_WAL_DOKUMENTU>9.9000</PO_RABACIE_WAL_DOKUMENTU></CENY><WALUTA><SYMBOL>PLN</SYMBOL><KURS_L>1.00</KURS_L><KURS_M>1</KURS_M></WALUTA><RABAT>10.00</RABAT><WARTOSC_NETTO>64.39</WARTOSC_NETTO><WARTOSC_BRUTTO>79.20</WARTOSC_BRUTTO><WARTOSC_NETTO_WAL>64.39</WARTOSC_NETTO_WAL><WARTOSC_BRUTTO_WAL>79.20</WARTOSC_BRUTTO_WAL><ILOSC>8.0000</ILOSC><JM>szt</JM><JM_CALKOWITE>0.00</JM_CALKOWITE><JM_ZLOZONA><JMZ>szt</JMZ><JM_PRZELICZNIK_L>1.00</JM_PRZELICZNIK_L><JM_PRZELICZNIK_M>1</JM_PRZELICZNIK_M></JM_ZLOZONA></POZYCJA><POZYCJA><LP>26</LP><TOWAR><KOD>615216</KOD><NAZWA>PUDEŁKA KPL  W5070/2 RED</NAZWA><OPIS/><EAN>5900054883985</EAN><SWW/><NUMER_KATALOGOWY/><MPP>0</MPP></TOWAR><STAWKA_VAT><STAWKA>23.00</STAWKA><FLAGA>2</FLAGA><ZRODLOWA>0.00</ZRODLOWA></STAWKA_VAT><CENY><CENAZCZTEREMAMIEJSCAMI>0</CENAZCZTEREMAMIEJSCAMI><POCZATKOWA_WAL_CENNIKA>14.2000</POCZATKOWA_WAL_CENNIKA><POCZATKOWA_WAL_DOKUMENTU>14.2000</POCZATKOWA_WAL_DOKUMENTU><PO_RABACIE_WAL_CENNIKA>12.7800</PO_RABACIE_WAL_CENNIKA><PO_RABACIE_PLN>12.7800</PO_RABACIE_PLN><PO_RABACIE_WAL_DOKUMENTU>12.7800</PO_RABACIE_WAL_DOKUMENTU></CENY><WALUTA><SYMBOL>PLN</SYMBOL><KURS_L>1.00</KURS_L><KURS_M>1</KURS_M></WALUTA><RABAT>10.00</RABAT><WARTOSC_NETTO>31.17</WARTOSC_NETTO><WARTOSC_BRUTTO>38.34</WARTOSC_BRUTTO><WARTOSC_NETTO_WAL>31.17</WARTOSC_NETTO_WAL><WARTOSC_BRUTTO_WAL>38.34</WARTOSC_BRUTTO_WAL><ILOSC>3.0000</ILOSC><JM>KPL</JM><JM_CALKOWITE>0.00</JM_CALKOWITE><JM_ZLOZONA><JMZ>KPL</JMZ><JM_PRZELICZNIK_L>1.00</JM_PRZELICZNIK_L><JM_PRZELICZNIK_M>1</JM_PRZELICZNIK_M></JM_ZLOZONA></POZYCJA><POZYCJA><LP>27</LP><TOWAR><KOD>614528</KOD><NAZWA>PUDEŁKO OZDOBNE W5083-A</NAZWA><OPIS/><EAN>5900054849769</EAN><SWW/><NUMER_KATALOGOWY/><MPP>0</MPP></TOWAR><STAWKA_VAT><STAWKA>23.00</STAWKA><FLAGA>2</FLAGA><ZRODLOWA>0.00</ZRODLOWA></STAWKA_VAT><CENY><CENAZCZTEREMAMIEJSCAMI>0</CENAZCZTEREMAMIEJSCAMI><POCZATKOWA_WAL_CENNIKA>32.0000</POCZATKOWA_WAL_CENNIKA><POCZATKOWA_WAL_DOKUMENTU>32.0000</POCZATKOWA_WAL_DOKUMENTU><PO_RABACIE_WAL_CENNIKA>28.8000</PO_RABACIE_WAL_CENNIKA><PO_RABACIE_PLN>28.8000</PO_RABACIE_PLN><PO_RABACIE_WAL_DOKUMENTU>28.8000</PO_RABACIE_WAL_DOKUMENTU></CENY><WALUTA><SYMBOL>PLN</SYMBOL><KURS_L>1.00</KURS_L><KURS_M>1</KURS_M></WALUTA><RABAT>10.00</RABAT><WARTOSC_NETTO>70.24</WARTOSC_NETTO><WARTOSC_BRUTTO>86.40</WARTOSC_BRUTTO><WARTOSC_NETTO_WAL>70.24</WARTOSC_NETTO_WAL><WARTOSC_BRUTTO_WAL>86.40</WARTOSC_BRUTTO_WAL><ILOSC>3.0000</ILOSC><JM>KPL</JM><JM_CALKOWITE>0.00</JM_CALKOWITE><JM_ZLOZONA><JMZ>KPL</JMZ><JM_PRZELICZNIK_L>1.00</JM_PRZELICZNIK_L><JM_PRZELICZNIK_M>1</JM_PRZELICZNIK_M></JM_ZLOZONA></POZYCJA><POZYCJA><LP>28</LP><TOWAR><KOD>503860</KOD><NAZWA>PUDEŁKO OZDOBNE W5070/1 WHITE</NAZWA><OPIS/><EAN>5900054884036</EAN><SWW/><NUMER_KATALOGOWY/><MPP>0</MPP></TOWAR><STAWKA_VAT><STAWKA>23.00</STAWKA><FLAGA>2</FLAGA><ZRODLOWA>0.00</ZRODLOWA></STAWKA_VAT><CENY><CENAZCZTEREMAMIEJSCAMI>0</CENAZCZTEREMAMIEJSCAMI><POCZATKOWA_WAL_CENNIKA>6.8000</POCZATKOWA_WAL_CENNIKA><POCZATKOWA_WAL_DOKUMENTU>6.8000</POCZATKOWA_WAL_DOKUMENTU><PO_RABACIE_WAL_CENNIKA>6.1200</PO_RABACIE_WAL_CENNIKA><PO_RABACIE_PLN>6.1200</PO_RABACIE_PLN><PO_RABACIE_WAL_DOKUMENTU>6.1200</PO_RABACIE_WAL_DOKUMENTU></CENY><WALUTA><SYMBOL>PLN</SYMBOL><KURS_L>1.00</KURS_L><KURS_M>1</KURS_M></WALUTA><RABAT>10.00</RABAT><WARTOSC_NETTO>34.83</WARTOSC_NETTO><WARTOSC_BRUTTO>42.84</WARTOSC_BRUTTO><WARTOSC_NETTO_WAL>34.83</WARTOSC_NETTO_WAL><WARTOSC_BRUTTO_WAL>42.84</WARTOSC_BRUTTO_WAL><ILOSC>7.0000</ILOSC><JM>szt.</JM><JM_CALKOWITE>0.00</JM_CALKOWITE><JM_ZLOZONA><JMZ>szt.</JMZ><JM_PRZELICZNIK_L>1.00</JM_PRZELICZNIK_L><JM_PRZELICZNIK_M>1</JM_PRZELICZNIK_M></JM_ZLOZONA></POZYCJA><POZYCJA><LP>29</LP><TOWAR><KOD>666132</KOD><NAZWA>OSŁONKA WY20-49/MIX</NAZWA><OPIS/><EAN>5903288153558</EAN><SWW/><NUMER_KATALOGOWY/><MPP>0</MPP></TOWAR><STAWKA_VAT><STAWKA>23.00</STAWKA><FLAGA>2</FLAGA><ZRODLOWA>0.00</ZRODLOWA></STAWKA_VAT><CENY><CENAZCZTEREMAMIEJSCAMI>0</CENAZCZTEREMAMIEJSCAMI><POCZATKOWA_WAL_CENNIKA>12.0000</POCZATKOWA_WAL_CENNIKA><POCZATKOWA_WAL_DOKUMENTU>12.0000</POCZATKOWA_WAL_DOKUMENTU><PO_RABACIE_WAL_CENNIKA>10.8000</PO_RABACIE_WAL_CENNIKA><PO_RABACIE_PLN>10.8000</PO_RABACIE_PLN><PO_RABACIE_WAL_DOKUMENTU>10.8000</PO_RABACIE_WAL_DOKUMENTU></CENY><WALUTA><SYMBOL>PLN</SYMBOL><KURS_L>1.00</KURS_L><KURS_M>1</KURS_M></WALUTA><RABAT>10.00</RABAT><WARTOSC_NETTO>245.85</WARTOSC_NETTO><WARTOSC_BRUTTO>302.40</WARTOSC_BRUTTO><WARTOSC_NETTO_WAL>245.85</WARTOSC_NETTO_WAL><WARTOSC_BRUTTO_WAL>302.40</WARTOSC_BRUTTO_WAL><ILOSC>28.0000</ILOSC><JM>szt</JM><JM_CALKOWITE>0.00</JM_CALKOWITE><JM_ZLOZONA><JMZ>szt</JMZ><JM_PRZELICZNIK_L>1.00</JM_PRZELICZNIK_L><JM_PRZELICZNIK_M>1</JM_PRZELICZNIK_M></JM_ZLOZONA></POZYCJA><POZYCJA><LP>30</LP><TOWAR><KOD>717411</KOD><NAZWA>WDF-168 OSŁONKA Z KORY</NAZWA><OPIS/><EAN>5901138261019</EAN><SWW/><NUMER_KATALOGOWY/><MPP>0</MPP></TOWAR><STAWKA_VAT><STAWKA>23.00</STAWKA><FLAGA>2</FLAGA><ZRODLOWA>0.00</ZRODLOWA></STAWKA_VAT><CENY><CENAZCZTEREMAMIEJSCAMI>0</CENAZCZTEREMAMIEJSCAMI><POCZATKOWA_WAL_CENNIKA>24.9000</POCZATKOWA_WAL_CENNIKA><POCZATKOWA_WAL_DOKUMENTU>24.9000</POCZATKOWA_WAL_DOKUMENTU><PO_RABACIE_WAL_CENNIKA>22.4100</PO_RABACIE_WAL_CENNIKA><PO_RABACIE_PLN>22.4100</PO_RABACIE_PLN><PO_RABACIE_WAL_DOKUMENTU>22.4100</PO_RABACIE_WAL_DOKUMENTU></CENY><WALUTA><SYMBOL>PLN</SYMBOL><KURS_L>1.00</KURS_L><KURS_M>1</KURS_M></WALUTA><RABAT>10.00</RABAT><WARTOSC_NETTO>36.44</WARTOSC_NETTO><WARTOSC_BRUTTO>44.82</WARTOSC_BRUTTO><WARTOSC_NETTO_WAL>36.44</WARTOSC_NETTO_WAL><WARTOSC_BRUTTO_WAL>44.82</WARTOSC_BRUTTO_WAL><ILOSC>2.0000</ILOSC><JM>szt</JM><JM_CALKOWITE>0.00</JM_CALKOWITE><JM_ZLOZONA><JMZ>szt</JMZ><JM_PRZELICZNIK_L>1.00</JM_PRZELICZNIK_L><JM_PRZELICZNIK_M>1</JM_PRZELICZNIK_M></JM_ZLOZONA></POZYCJA><POZYCJA><LP>31</LP><TOWAR><KOD>504054</KOD><NAZWA>DRUT OZDOBNY KILOGRAMOWY (grubość 0,5 - 1,8)</NAZWA><OPIS/><EAN>504054</EAN><SWW/><NUMER_KATALOGOWY/><MPP>0</MPP></TOWAR><STAWKA_VAT><STAWKA>23.00</STAWKA><FLAGA>2</FLAGA><ZRODLOWA>0.00</ZRODLOWA></STAWKA_VAT><CENY><CENAZCZTEREMAMIEJSCAMI>0</CENAZCZTEREMAMIEJSCAMI><POCZATKOWA_WAL_CENNIKA>18.5000</POCZATKOWA_WAL_CENNIKA><POCZATKOWA_WAL_DOKUMENTU>18.5000</POCZATKOWA_WAL_DOKUMENTU><PO_RABACIE_WAL_CENNIKA>16.6500</PO_RABACIE_WAL_CENNIKA><PO_RABACIE_PLN>16.6500</PO_RABACIE_PLN><PO_RABACIE_WAL_DOKUMENTU>16.6500</PO_RABACIE_WAL_DOKUMENTU></CENY><WALUTA><SYMBOL>PLN</SYMBOL><KURS_L>1.00</KURS_L><KURS_M>1</KURS_M></WALUTA><RABAT>10.00</RABAT><WARTOSC_NETTO>54.15</WARTOSC_NETTO><WARTOSC_BRUTTO>66.60</WARTOSC_BRUTTO><WARTOSC_NETTO_WAL>54.15</WARTOSC_NETTO_WAL><WARTOSC_BRUTTO_WAL>66.60</WARTOSC_BRUTTO_WAL><ILOSC>4.0000</ILOSC><JM>kg</JM><JM_CALKOWITE>0.00</JM_CALKOWITE><JM_ZLOZONA><JMZ>kg</JMZ><JM_PRZELICZNIK_L>1.00</JM_PRZELICZNIK_L><JM_PRZELICZNIK_M>1</JM_PRZELICZNIK_M></JM_ZLOZONA></POZYCJA><POZYCJA><LP>32</LP><TOWAR><KOD>203095</KOD><NAZWA>płatki róż</NAZWA><OPIS/><EAN>203095</EAN><SWW/><NUMER_KATALOGOWY/><MPP>0</MPP></TOWAR><STAWKA_VAT><STAWKA>23.00</STAWKA><FLAGA>2</FLAGA><ZRODLOWA>0.00</ZRODLOWA></STAWKA_VAT><CENY><CENAZCZTEREMAMIEJSCAMI>0</CENAZCZTEREMAMIEJSCAMI><POCZATKOWA_WAL_CENNIKA>7.3000</POCZATKOWA_WAL_CENNIKA><POCZATKOWA_WAL_DOKUMENTU>7.3000</POCZATKOWA_WAL_DOKUMENTU><PO_RABACIE_WAL_CENNIKA>6.5700</PO_RABACIE_WAL_CENNIKA><PO_RABACIE_PLN>6.5700</PO_RABACIE_PLN><PO_RABACIE_WAL_DOKUMENTU>6.5700</PO_RABACIE_WAL_DOKUMENTU></CENY><WALUTA><SYMBOL>PLN</SYMBOL><KURS_L>1.00</KURS_L><KURS_M>1</KURS_M></WALUTA><RABAT>10.00</RABAT><WARTOSC_NETTO>5.34</WARTOSC_NETTO><WARTOSC_BRUTTO>6.57</WARTOSC_BRUTTO><WARTOSC_NETTO_WAL>5.34</WARTOSC_NETTO_WAL><WARTOSC_BRUTTO_WAL>6.57</WARTOSC_BRUTTO_WAL><ILOSC>1.0000</ILOSC><JM>szt</JM><JM_CALKOWITE>0.00</JM_CALKOWITE><JM_ZLOZONA><JMZ>szt</JMZ><JM_PRZELICZNIK_L>1.00</JM_PRZELICZNIK_L><JM_PRZELICZNIK_M>1</JM_PRZELICZNIK_M></JM_ZLOZONA></POZYCJA><POZYCJA><LP>33</LP><TOWAR><KOD>702694</KOD><NAZWA>LISTKI SUSZONE MIX KOLORÓW</NAZWA><OPIS/><EAN>702694</EAN><SWW/><NUMER_KATALOGOWY/><MPP>0</MPP></TOWAR><STAWKA_VAT><STAWKA>23.00</STAWKA><FLAGA>2</FLAGA><ZRODLOWA>0.00</ZRODLOWA></STAWKA_VAT><CENY><CENAZCZTEREMAMIEJSCAMI>0</CENAZCZTEREMAMIEJSCAMI><POCZATKOWA_WAL_CENNIKA>8.4000</POCZATKOWA_WAL_CENNIKA><POCZATKOWA_WAL_DOKUMENTU>8.4000</POCZATKOWA_WAL_DOKUMENTU><PO_RABACIE_WAL_CENNIKA>7.5600</PO_RABACIE_WAL_CENNIKA><PO_RABACIE_PLN>7.5600</PO_RABACIE_PLN><PO_RABACIE_WAL_DOKUMENTU>7.5600</PO_RABACIE_WAL_DOKUMENTU></CENY><WALUTA><SYMBOL>PLN</SYMBOL><KURS_L>1.00</KURS_L><KURS_M>1</KURS_M></WALUTA><RABAT>10.00</RABAT><WARTOSC_NETTO>12.29</WARTOSC_NETTO><WARTOSC_BRUTTO>15.12</WARTOSC_BRUTTO><WARTOSC_NETTO_WAL>12.29</WARTOSC_NETTO_WAL><WARTOSC_BRUTTO_WAL>15.12</WARTOSC_BRUTTO_WAL><ILOSC>2.0000</ILOSC><JM>szt</JM><JM_CALKOWITE>0.00</JM_CALKOWITE><JM_ZLOZONA><JMZ>szt</JMZ><JM_PRZELICZNIK_L>1.00</JM_PRZELICZNIK_L><JM_PRZELICZNIK_M>1</JM_PRZELICZNIK_M></JM_ZLOZONA></POZYCJA><POZYCJA><LP>34</LP><TOWAR><KOD>712895</KOD><NAZWA>taśma kwiatki 10y</NAZWA><OPIS/><EAN>712895</EAN><SWW/><NUMER_KATALOGOWY/><MPP>0</MPP></TOWAR><STAWKA_VAT><STAWKA>23.00</STAWKA><FLAGA>2</FLAGA><ZRODLOWA>0.00</ZRODLOWA></STAWKA_VAT><CENY><CENAZCZTEREMAMIEJSCAMI>0</CENAZCZTEREMAMIEJSCAMI><POCZATKOWA_WAL_CENNIKA>10.5000</POCZATKOWA_WAL_CENNIKA><POCZATKOWA_WAL_DOKUMENTU>10.5000</POCZATKOWA_WAL_DOKUMENTU><PO_RABACIE_WAL_CENNIKA>9.4500</PO_RABACIE_WAL_CENNIKA><PO_RABACIE_PLN>9.4500</PO_RABACIE_PLN><PO_RABACIE_WAL_DOKUMENTU>9.4500</PO_RABACIE_WAL_DOKUMENTU></CENY><WALUTA><SYMBOL>PLN</SYMBOL><KURS_L>1.00</KURS_L><KURS_M>1</KURS_M></WALUTA><RABAT>10.00</RABAT><WARTOSC_NETTO>15.37</WARTOSC_NETTO><WARTOSC_BRUTTO>18.90</WARTOSC_BRUTTO><WARTOSC_NETTO_WAL>15.37</WARTOSC_NETTO_WAL><WARTOSC_BRUTTO_WAL>18.90</WARTOSC_BRUTTO_WAL><ILOSC>2.0000</ILOSC><JM>szt</JM><JM_CALKOWITE>0.00</JM_CALKOWITE><JM_ZLOZONA><JMZ>szt</JMZ><JM_PRZELICZNIK_L>1.00</JM_PRZELICZNIK_L><JM_PRZELICZNIK_M>1</JM_PRZELICZNIK_M></JM_ZLOZONA></POZYCJA><POZYCJA><LP>35</LP><TOWAR><KOD>503872</KOD><NAZWA>PUDEŁKO OZDOBNE W5070/1 PINK</NAZWA><OPIS/><EAN>5900054884067</EAN><SWW/><NUMER_KATALOGOWY/><MPP>0</MPP></TOWAR><STAWKA_VAT><STAWKA>23.00</STAWKA><FLAGA>2</FLAGA><ZRODLOWA>0.00</ZRODLOWA></STAWKA_VAT><CENY><CENAZCZTEREMAMIEJSCAMI>0</CENAZCZTEREMAMIEJSCAMI><POCZATKOWA_WAL_CENNIKA>6.8000</POCZATKOWA_WAL_CENNIKA><POCZATKOWA_WAL_DOKUMENTU>6.8000</POCZATKOWA_WAL_DOKUMENTU><PO_RABACIE_WAL_CENNIKA>6.1200</PO_RABACIE_WAL_CENNIKA><PO_RABACIE_PLN>6.1200</PO_RABACIE_PLN><PO_RABACIE_WAL_DOKUMENTU>6.1200</PO_RABACIE_WAL_DOKUMENTU></CENY><WALUTA><SYMBOL>PLN</SYMBOL><KURS_L>1.00</KURS_L><KURS_M>1</KURS_M></WALUTA><RABAT>10.00</RABAT><WARTOSC_NETTO>179.12</WARTOSC_NETTO><WARTOSC_BRUTTO>220.32</WARTOSC_BRUTTO><WARTOSC_NETTO_WAL>179.12</WARTOSC_NETTO_WAL><WARTOSC_BRUTTO_WAL>220.32</WARTOSC_BRUTTO_WAL><ILOSC>36.0000</ILOSC><JM>szt.</JM><JM_CALKOWITE>0.00</JM_CALKOWITE><JM_ZLOZONA><JMZ>szt.</JMZ><JM_PRZELICZNIK_L>1.00</JM_PRZELICZNIK_L><JM_PRZELICZNIK_M>1</JM_PRZELICZNIK_M></JM_ZLOZONA></POZYCJA><POZYCJA><LP>36</LP><TOWAR><KOD>503868</KOD><NAZWA>PUDEŁKO OZDOBNE W5070/1 RED</NAZWA><OPIS/><EAN>5900054884050</EAN><SWW/><NUMER_KATALOGOWY/><MPP>0</MPP></TOWAR><STAWKA_VAT><STAWKA>23.00</STAWKA><FLAGA>2</FLAGA><ZRODLOWA>0.00</ZRODLOWA></STAWKA_VAT><CENY><CENAZCZTEREMAMIEJSCAMI>0</CENAZCZTEREMAMIEJSCAMI><POCZATKOWA_WAL_CENNIKA>6.8000</POCZATKOWA_WAL_CENNIKA><POCZATKOWA_WAL_DOKUMENTU>6.8000</POCZATKOWA_WAL_DOKUMENTU><PO_RABACIE_WAL_CENNIKA>6.1200</PO_RABACIE_WAL_CENNIKA><PO_RABACIE_PLN>6.1200</PO_RABACIE_PLN><PO_RABACIE_WAL_DOKUMENTU>6.1200</PO_RABACIE_WAL_DOKUMENTU></CENY><WALUTA><SYMBOL>PLN</SYMBOL><KURS_L>1.00</KURS_L><KURS_M>1</KURS_M></WALUTA><RABAT>10.00</RABAT><WARTOSC_NETTO>89.56</WARTOSC_NETTO><WARTOSC_BRUTTO>110.16</WARTOSC_BRUTTO><WARTOSC_NETTO_WAL>89.56</WARTOSC_NETTO_WAL><WARTOSC_BRUTTO_WAL>110.16</WARTOSC_BRUTTO_WAL><ILOSC>18.0000</ILOSC><JM>szt.</JM><JM_CALKOWITE>0.00</JM_CALKOWITE><JM_ZLOZONA><JMZ>szt.</JMZ><JM_PRZELICZNIK_L>1.00</JM_PRZELICZNIK_L><JM_PRZELICZNIK_M>1</JM_PRZELICZNIK_M></JM_ZLOZONA></POZYCJA><POZYCJA><LP>37</LP><TOWAR><KOD>713474</KOD><NAZWA>PIKI, SKLEJKI</NAZWA><OPIS/><EAN>5902360301306</EAN><SWW/><NUMER_KATALOGOWY/><MPP>0</MPP></TOWAR><STAWKA_VAT><STAWKA>23.00</STAWKA><FLAGA>2</FLAGA><ZRODLOWA>0.00</ZRODLOWA></STAWKA_VAT><CENY><CENAZCZTEREMAMIEJSCAMI>0</CENAZCZTEREMAMIEJSCAMI><POCZATKOWA_WAL_CENNIKA>7.8000</POCZATKOWA_WAL_CENNIKA><POCZATKOWA_WAL_DOKUMENTU>7.8000</POCZATKOWA_WAL_DOKUMENTU><PO_RABACIE_WAL_CENNIKA>7.0200</PO_RABACIE_WAL_CENNIKA><PO_RABACIE_PLN>7.0200</PO_RABACIE_PLN><PO_RABACIE_WAL_DOKUMENTU>7.0200</PO_RABACIE_WAL_DOKUMENTU></CENY><WALUTA><SYMBOL>PLN</SYMBOL><KURS_L>1.00</KURS_L><KURS_M>1</KURS_M></WALUTA><RABAT>10.00</RABAT><WARTOSC_NETTO>39.95</WARTOSC_NETTO><WARTOSC_BRUTTO>49.14</WARTOSC_BRUTTO><WARTOSC_NETTO_WAL>39.95</WARTOSC_NETTO_WAL><WARTOSC_BRUTTO_WAL>49.14</WARTOSC_BRUTTO_WAL><ILOSC>7.0000</ILOSC><JM>szt</JM><JM_CALKOWITE>0.00</JM_CALKOWITE><JM_ZLOZONA><JMZ>szt</JMZ><JM_PRZELICZNIK_L>1.00</JM_PRZELICZNIK_L><JM_PRZELICZNIK_M>1</JM_PRZELICZNIK_M></JM_ZLOZONA></POZYCJA><POZYCJA><LP>38</LP><TOWAR><KOD>507257</KOD><NAZWA>PIK DEKORACYJNY</NAZWA><OPIS/><EAN/><SWW/><NUMER_KATALOGOWY/><MPP>0</MPP></TOWAR><STAWKA_VAT><STAWKA>23.00</STAWKA><FLAGA>2</FLAGA><ZRODLOWA>0.00</ZRODLOWA></STAWKA_VAT><CENY><CENAZCZTEREMAMIEJSCAMI>0</CENAZCZTEREMAMIEJSCAMI><POCZATKOWA_WAL_CENNIKA>6.3000</POCZATKOWA_WAL_CENNIKA><POCZATKOWA_WAL_DOKUMENTU>6.3000</POCZATKOWA_WAL_DOKUMENTU><PO_RABACIE_WAL_CENNIKA>5.6700</PO_RABACIE_WAL_CENNIKA><PO_RABACIE_PLN>5.6700</PO_RABACIE_PLN><PO_RABACIE_WAL_DOKUMENTU>5.6700</PO_RABACIE_WAL_DOKUMENTU></CENY><WALUTA><SYMBOL>PLN</SYMBOL><KURS_L>1.00</KURS_L><KURS_M>1</KURS_M></WALUTA><RABAT>10.00</RABAT><WARTOSC_NETTO>119.85</WARTOSC_NETTO><WARTOSC_BRUTTO>147.42</WARTOSC_BRUTTO><WARTOSC_NETTO_WAL>119.85</WARTOSC_NETTO_WAL><WARTOSC_BRUTTO_WAL>147.42</WARTOSC_BRUTTO_WAL><ILOSC>26.0000</ILOSC><JM>op.</JM><JM_CALKOWITE>0.00</JM_CALKOWITE><JM_ZLOZONA><JMZ>op.</JMZ><JM_PRZELICZNIK_L>1.00</JM_PRZELICZNIK_L><JM_PRZELICZNIK_M>1</JM_PRZELICZNIK_M></JM_ZLOZONA></POZYCJA><POZYCJA><LP>39</LP><TOWAR><KOD>507288</KOD><NAZWA>MIŚ Z SERCEM TG48335</NAZWA><OPIS/><EAN>5900290990690</EAN><SWW/><NUMER_KATALOGOWY/><MPP>0</MPP></TOWAR><STAWKA_VAT><STAWKA>23.00</STAWKA><FLAGA>2</FLAGA><ZRODLOWA>0.00</ZRODLOWA></STAWKA_VAT><CENY><CENAZCZTEREMAMIEJSCAMI>0</CENAZCZTEREMAMIEJSCAMI><POCZATKOWA_WAL_CENNIKA>6.7000</POCZATKOWA_WAL_CENNIKA><POCZATKOWA_WAL_DOKUMENTU>6.7000</POCZATKOWA_WAL_DOKUMENTU><PO_RABACIE_WAL_CENNIKA>6.0300</PO_RABACIE_WAL_CENNIKA><PO_RABACIE_PLN>6.0300</PO_RABACIE_PLN><PO_RABACIE_WAL_DOKUMENTU>6.0300</PO_RABACIE_WAL_DOKUMENTU></CENY><WALUTA><SYMBOL>PLN</SYMBOL><KURS_L>1.00</KURS_L><KURS_M>1</KURS_M></WALUTA><RABAT>10.00</RABAT><WARTOSC_NETTO>117.66</WARTOSC_NETTO><WARTOSC_BRUTTO>144.72</WARTOSC_BRUTTO><WARTOSC_NETTO_WAL>117.66</WARTOSC_NETTO_WAL><WARTOSC_BRUTTO_WAL>144.72</WARTOSC_BRUTTO_WAL><ILOSC>24.0000</ILOSC><JM>szt</JM><JM_CALKOWITE>0.00</JM_CALKOWITE><JM_ZLOZONA><JMZ>szt</JMZ><JM_PRZELICZNIK_L>1.00</JM_PRZELICZNIK_L><JM_PRZELICZNIK_M>1</JM_PRZELICZNIK_M></JM_ZLOZONA></POZYCJA><POZYCJA><LP>40</LP><TOWAR><KOD>616629</KOD><NAZWA>MASKOTKA TG39265</NAZWA><OPIS/><EAN>5900290743456</EAN><SWW/><NUMER_KATALOGOWY/><MPP>0</MPP></TOWAR><STAWKA_VAT><STAWKA>23.00</STAWKA><FLAGA>2</FLAGA><ZRODLOWA>0.00</ZRODLOWA></STAWKA_VAT><CENY><CENAZCZTEREMAMIEJSCAMI>0</CENAZCZTEREMAMIEJSCAMI><POCZATKOWA_WAL_CENNIKA>3.6500</POCZATKOWA_WAL_CENNIKA><POCZATKOWA_WAL_DOKUMENTU>3.6500</POCZATKOWA_WAL_DOKUMENTU><PO_RABACIE_WAL_CENNIKA>3.2900</PO_RABACIE_WAL_CENNIKA><PO_RABACIE_PLN>3.2900</PO_RABACIE_PLN><PO_RABACIE_WAL_DOKUMENTU>3.2900</PO_RABACIE_WAL_DOKUMENTU></CENY><WALUTA><SYMBOL>PLN</SYMBOL><KURS_L>1.00</KURS_L><KURS_M>1</KURS_M></WALUTA><RABAT>10.00</RABAT><WARTOSC_NETTO>320.98</WARTOSC_NETTO><WARTOSC_BRUTTO>394.80</WARTOSC_BRUTTO><WARTOSC_NETTO_WAL>320.98</WARTOSC_NETTO_WAL><WARTOSC_BRUTTO_WAL>394.80</WARTOSC_BRUTTO_WAL><ILOSC>120.0000</ILOSC><JM>szt</JM><JM_CALKOWITE>0.00</JM_CALKOWITE><JM_ZLOZONA><JMZ>szt</JMZ><JM_PRZELICZNIK_L>1.00</JM_PRZELICZNIK_L><JM_PRZELICZNIK_M>1</JM_PRZELICZNIK_M></JM_ZLOZONA></POZYCJA><POZYCJA><LP>41</LP><TOWAR><KOD>1000098</KOD><NAZWA>SPATHYPHILIUM</NAZWA><OPIS/><EAN/><SWW/><NUMER_KATALOGOWY/><MPP>0</MPP></TOWAR><STAWKA_VAT><STAWKA>8.00</STAWKA><FLAGA>2</FLAGA><ZRODLOWA>0.00</ZRODLOWA></STAWKA_VAT><CENY><CENAZCZTEREMAMIEJSCAMI>0</CENAZCZTEREMAMIEJSCAMI><POCZATKOWA_WAL_CENNIKA>49.0000</POCZATKOWA_WAL_CENNIKA><POCZATKOWA_WAL_DOKUMENTU>49.0000</POCZATKOWA_WAL_DOKUMENTU><PO_RABACIE_WAL_CENNIKA>44.1000</PO_RABACIE_WAL_CENNIKA><PO_RABACIE_PLN>44.1000</PO_RABACIE_PLN><PO_RABACIE_WAL_DOKUMENTU>44.1000</PO_RABACIE_WAL_DOKUMENTU></CENY><WALUTA><SYMBOL>PLN</SYMBOL><KURS_L>1.00</KURS_L><KURS_M>1</KURS_M></WALUTA><RABAT>10.00</RABAT><WARTOSC_NETTO>245.00</WARTOSC_NETTO><WARTOSC_BRUTTO>264.60</WARTOSC_BRUTTO><WARTOSC_NETTO_WAL>245.00</WARTOSC_NETTO_WAL><WARTOSC_BRUTTO_WAL>264.60</WARTOSC_BRUTTO_WAL><ILOSC>6.0000</ILOSC><JM>szt</JM><JM_CALKOWITE>0.00</JM_CALKOWITE><JM_ZLOZONA><JMZ>szt</JMZ><JM_PRZELICZNIK_L>1.00</JM_PRZELICZNIK_L><JM_PRZELICZNIK_M>1</JM_PRZELICZNIK_M></JM_ZLOZONA></POZYCJA><POZYCJA><LP>42</LP><TOWAR><KOD>1000075</KOD><NAZWA>MEDINILLA</NAZWA><OPIS/><EAN/><SWW/><NUMER_KATALOGOWY/><MPP>0</MPP></TOWAR><STAWKA_VAT><STAWKA>8.00</STAWKA><FLAGA>2</FLAGA><ZRODLOWA>0.00</ZRODLOWA></STAWKA_VAT><CENY><CENAZCZTEREMAMIEJSCAMI>0</CENAZCZTEREMAMIEJSCAMI><POCZATKOWA_WAL_CENNIKA>45.0000</POCZATKOWA_WAL_CENNIKA><POCZATKOWA_WAL_DOKUMENTU>45.0000</POCZATKOWA_WAL_DOKUMENTU><PO_RABACIE_WAL_CENNIKA>40.5000</PO_RABACIE_WAL_CENNIKA><PO_RABACIE_PLN>40.5000</PO_RABACIE_PLN><PO_RABACIE_WAL_DOKUMENTU>40.5000</PO_RABACIE_WAL_DOKUMENTU></CENY><WALUTA><SYMBOL>PLN</SYMBOL><KURS_L>1.00</KURS_L><KURS_M>1</KURS_M></WALUTA><RABAT>10.00</RABAT><WARTOSC_NETTO>37.50</WARTOSC_NETTO><WARTOSC_BRUTTO>40.50</WARTOSC_BRUTTO><WARTOSC_NETTO_WAL>37.50</WARTOSC_NETTO_WAL><WARTOSC_BRUTTO_WAL>40.50</WARTOSC_BRUTTO_WAL><ILOSC>1.0000</ILOSC><JM>szt.</JM><JM_CALKOWITE>0.00</JM_CALKOWITE><JM_ZLOZONA><JMZ>szt.</JMZ><JM_PRZELICZNIK_L>1.00</JM_PRZELICZNIK_L><JM_PRZELICZNIK_M>1</JM_PRZELICZNIK_M></JM_ZLOZONA></POZYCJA><POZYCJA><LP>43</LP><TOWAR><KOD>252200</KOD><NAZWA>KWIATY SZTUCZNE BUKIET 2229014</NAZWA><OPIS/><EAN/><SWW/><NUMER_KATALOGOWY/><MPP>0</MPP></TOWAR><STAWKA_VAT><STAWKA>23.00</STAWKA><FLAGA>2</FLAGA><ZRODLOWA>0.00</ZRODLOWA></STAWKA_VAT><CENY><CENAZCZTEREMAMIEJSCAMI>0</CENAZCZTEREMAMIEJSCAMI><POCZATKOWA_WAL_CENNIKA>14.6000</POCZATKOWA_WAL_CENNIKA><POCZATKOWA_WAL_DOKUMENTU>14.6000</POCZATKOWA_WAL_DOKUMENTU><PO_RABACIE_WAL_CENNIKA>13.1400</PO_RABACIE_WAL_CENNIKA><PO_RABACIE_PLN>13.1400</PO_RABACIE_PLN><PO_RABACIE_WAL_DOKUMENTU>13.1400</PO_RABACIE_WAL_DOKUMENTU></CENY><WALUTA><SYMBOL>PLN</SYMBOL><KURS_L>1.00</KURS_L><KURS_M>1</KURS_M></WALUTA><RABAT>10.00</RABAT><WARTOSC_NETTO>512.78</WARTOSC_NETTO><WARTOSC_BRUTTO>630.72</WARTOSC_BRUTTO><WARTOSC_NETTO_WAL>512.78</WARTOSC_NETTO_WAL><WARTOSC_BRUTTO_WAL>630.72</WARTOSC_BRUTTO_WAL><ILOSC>48.0000</ILOSC><JM>szt</JM><JM_CALKOWITE>0.00</JM_CALKOWITE><JM_ZLOZONA><JMZ>szt</JMZ><JM_PRZELICZNIK_L>1.00</JM_PRZELICZNIK_L><JM_PRZELICZNIK_M>1</JM_PRZELICZNIK_M></JM_ZLOZONA></POZYCJA><POZYCJA><LP>44</LP><TOWAR><KOD>251251</KOD><NAZWA>KWIATY SZTUCZNE J033</NAZWA><OPIS/><EAN/><SWW/><NUMER_KATALOGOWY/><MPP>0</MPP></TOWAR><STAWKA_VAT><STAWKA>23.00</STAWKA><FLAGA>2</FLAGA><ZRODLOWA>0.00</ZRODLOWA></STAWKA_VAT><CENY><CENAZCZTEREMAMIEJSCAMI>0</CENAZCZTEREMAMIEJSCAMI><POCZATKOWA_WAL_CENNIKA>0.9000</POCZATKOWA_WAL_CENNIKA><POCZATKOWA_WAL_DOKUMENTU>0.9000</POCZATKOWA_WAL_DOKUMENTU><PO_RABACIE_WAL_CENNIKA>0.8100</PO_RABACIE_WAL_CENNIKA><PO_RABACIE_PLN>0.8100</PO_RABACIE_PLN><PO_RABACIE_WAL_DOKUMENTU>0.8100</PO_RABACIE_WAL_DOKUMENTU></CENY><WALUTA><SYMBOL>PLN</SYMBOL><KURS_L>1.00</KURS_L><KURS_M>1</KURS_M></WALUTA><RABAT>10.00</RABAT><WARTOSC_NETTO>94.83</WARTOSC_NETTO><WARTOSC_BRUTTO>116.64</WARTOSC_BRUTTO><WARTOSC_NETTO_WAL>94.83</WARTOSC_NETTO_WAL><WARTOSC_BRUTTO_WAL>116.64</WARTOSC_BRUTTO_WAL><ILOSC>144.0000</ILOSC><JM>szt</JM><JM_CALKOWITE>0.00</JM_CALKOWITE><JM_ZLOZONA><JMZ>szt</JMZ><JM_PRZELICZNIK_L>1.00</JM_PRZELICZNIK_L><JM_PRZELICZNIK_M>1</JM_PRZELICZNIK_M></JM_ZLOZONA></POZYCJA><POZYCJA><LP>45</LP><TOWAR><KOD>250217</KOD><NAZWA>LIŚĆ RÓŻANY -KWIAT SZTUCZNY L127 A</NAZWA><OPIS>12</OPIS><EAN>5903657709980</EAN><SWW/><NUMER_KATALOGOWY/><MPP>0</MPP></TOWAR><STAWKA_VAT><STAWKA>23.00</STAWKA><FLAGA>2</FLAGA><ZRODLOWA>0.00</ZRODLOWA></STAWKA_VAT><CENY><CENAZCZTEREMAMIEJSCAMI>0</CENAZCZTEREMAMIEJSCAMI><POCZATKOWA_WAL_CENNIKA>3.8000</POCZATKOWA_WAL_CENNIKA><POCZATKOWA_WAL_DOKUMENTU>3.8000</POCZATKOWA_WAL_DOKUMENTU><PO_RABACIE_WAL_CENNIKA>3.4200</PO_RABACIE_WAL_CENNIKA><PO_RABACIE_PLN>3.4200</PO_RABACIE_PLN><PO_RABACIE_WAL_DOKUMENTU>3.4200</PO_RABACIE_WAL_DOKUMENTU></CENY><WALUTA><SYMBOL>PLN</SYMBOL><KURS_L>1.00</KURS_L><KURS_M>1</KURS_M></WALUTA><RABAT>10.00</RABAT><WARTOSC_NETTO>100.10</WARTOSC_NETTO><WARTOSC_BRUTTO>123.12</WARTOSC_BRUTTO><WARTOSC_NETTO_WAL>100.10</WARTOSC_NETTO_WAL><WARTOSC_BRUTTO_WAL>123.12</WARTOSC_BRUTTO_WAL><ILOSC>36.0000</ILOSC><JM>szt</JM><JM_CALKOWITE>0.00</JM_CALKOWITE><JM_ZLOZONA><JMZ>szt</JMZ><JM_PRZELICZNIK_L>1.00</JM_PRZELICZNIK_L><JM_PRZELICZNIK_M>1</JM_PRZELICZNIK_M></JM_ZLOZONA></POZYCJA><POZYCJA><LP>46</LP><TOWAR><KOD>250216</KOD><NAZWA>LIŚĆ - KWIATY SZTUCZNE L106</NAZWA><OPIS>12</OPIS><EAN>5903657709942</EAN><SWW/><NUMER_KATALOGOWY/><MPP>0</MPP></TOWAR><STAWKA_VAT><STAWKA>23.00</STAWKA><FLAGA>2</FLAGA><ZRODLOWA>0.00</ZRODLOWA></STAWKA_VAT><CENY><CENAZCZTEREMAMIEJSCAMI>0</CENAZCZTEREMAMIEJSCAMI><POCZATKOWA_WAL_CENNIKA>1.3000</POCZATKOWA_WAL_CENNIKA><POCZATKOWA_WAL_DOKUMENTU>1.3000</POCZATKOWA_WAL_DOKUMENTU><PO_RABACIE_WAL_CENNIKA>1.1700</PO_RABACIE_WAL_CENNIKA><PO_RABACIE_PLN>1.1700</PO_RABACIE_PLN><PO_RABACIE_WAL_DOKUMENTU>1.1700</PO_RABACIE_WAL_DOKUMENTU></CENY><WALUTA><SYMBOL>PLN</SYMBOL><KURS_L>1.00</KURS_L><KURS_M>1</KURS_M></WALUTA><RABAT>10.00</RABAT><WARTOSC_NETTO>57.07</WARTOSC_NETTO><WARTOSC_BRUTTO>70.20</WARTOSC_BRUTTO><WARTOSC_NETTO_WAL>57.07</WARTOSC_NETTO_WAL><WARTOSC_BRUTTO_WAL>70.20</WARTOSC_BRUTTO_WAL><ILOSC>60.0000</ILOSC><JM>szt</JM><JM_CALKOWITE>0.00</JM_CALKOWITE><JM_ZLOZONA><JMZ>szt</JMZ><JM_PRZELICZNIK_L>1.00</JM_PRZELICZNIK_L><JM_PRZELICZNIK_M>1</JM_PRZELICZNIK_M></JM_ZLOZONA></POZYCJA><POZYCJA><LP>47</LP><TOWAR><KOD>251814</KOD><NAZWA>KWIAT SZTUCZNY - ANTURIUM 1-008</NAZWA><OPIS/><EAN/><SWW/><NUMER_KATALOGOWY/><MPP>0</MPP></TOWAR><STAWKA_VAT><STAWKA>23.00</STAWKA><FLAGA>2</FLAGA><ZRODLOWA>0.00</ZRODLOWA></STAWKA_VAT><CENY><CENAZCZTEREMAMIEJSCAMI>0</CENAZCZTEREMAMIEJSCAMI><POCZATKOWA_WAL_CENNIKA>1.7500</POCZATKOWA_WAL_CENNIKA><POCZATKOWA_WAL_DOKUMENTU>1.7500</POCZATKOWA_WAL_DOKUMENTU><PO_RABACIE_WAL_CENNIKA>1.5800</PO_RABACIE_WAL_CENNIKA><PO_RABACIE_PLN>1.5800</PO_RABACIE_PLN><PO_RABACIE_WAL_DOKUMENTU>1.5800</PO_RABACIE_WAL_DOKUMENTU></CENY><WALUTA><SYMBOL>PLN</SYMBOL><KURS_L>1.00</KURS_L><KURS_M>1</KURS_M></WALUTA><RABAT>10.00</RABAT><WARTOSC_NETTO>61.66</WARTOSC_NETTO><WARTOSC_BRUTTO>75.84</WARTOSC_BRUTTO><WARTOSC_NETTO_WAL>61.66</WARTOSC_NETTO_WAL><WARTOSC_BRUTTO_WAL>75.84</WARTOSC_BRUTTO_WAL><ILOSC>48.0000</ILOSC><JM>szt.</JM><JM_CALKOWITE>0.00</JM_CALKOWITE><JM_ZLOZONA><JMZ>szt.</JMZ><JM_PRZELICZNIK_L>1.00</JM_PRZELICZNIK_L><JM_PRZELICZNIK_M>1</JM_PRZELICZNIK_M></JM_ZLOZONA></POZYCJA><POZYCJA><LP>48</LP><TOWAR><KOD>251836</KOD><NAZWA>MARGARETKA G306</NAZWA><OPIS/><EAN/><SWW/><NUMER_KATALOGOWY/><MPP>0</MPP></TOWAR><STAWKA_VAT><STAWKA>23.00</STAWKA><FLAGA>2</FLAGA><ZRODLOWA>0.00</ZRODLOWA></STAWKA_VAT><CENY><CENAZCZTEREMAMIEJSCAMI>0</CENAZCZTEREMAMIEJSCAMI><POCZATKOWA_WAL_CENNIKA>0.6800</POCZATKOWA_WAL_CENNIKA><POCZATKOWA_WAL_DOKUMENTU>0.6800</POCZATKOWA_WAL_DOKUMENTU><PO_RABACIE_WAL_CENNIKA>0.6100</PO_RABACIE_WAL_CENNIKA><PO_RABACIE_PLN>0.6100</PO_RABACIE_PLN><PO_RABACIE_WAL_DOKUMENTU>0.6100</PO_RABACIE_WAL_DOKUMENTU></CENY><WALUTA><SYMBOL>PLN</SYMBOL><KURS_L>1.00</KURS_L><KURS_M>1</KURS_M></WALUTA><RABAT>10.00</RABAT><WARTOSC_NETTO>17.85</WARTOSC_NETTO><WARTOSC_BRUTTO>21.96</WARTOSC_BRUTTO><WARTOSC_NETTO_WAL>17.85</WARTOSC_NETTO_WAL><WARTOSC_BRUTTO_WAL>21.96</WARTOSC_BRUTTO_WAL><ILOSC>36.0000</ILOSC><JM>szt.</JM><JM_CALKOWITE>0.00</JM_CALKOWITE><JM_ZLOZONA><JMZ>szt.</JMZ><JM_PRZELICZNIK_L>1.00</JM_PRZELICZNIK_L><JM_PRZELICZNIK_M>1</JM_PRZELICZNIK_M></JM_ZLOZONA></POZYCJA><POZYCJA><LP>49</LP><TOWAR><KOD>251088</KOD><NAZWA>KWIAT SZTUCZNY P002</NAZWA><OPIS/><EAN/><SWW/><NUMER_KATALOGOWY/><MPP>0</MPP></TOWAR><STAWKA_VAT><STAWKA>23.00</STAWKA><FLAGA>2</FLAGA><ZRODLOWA>0.00</ZRODLOWA></STAWKA_VAT><CENY><CENAZCZTEREMAMIEJSCAMI>0</CENAZCZTEREMAMIEJSCAMI><POCZATKOWA_WAL_CENNIKA>1.6000</POCZATKOWA_WAL_CENNIKA><POCZATKOWA_WAL_DOKUMENTU>1.6000</POCZATKOWA_WAL_DOKUMENTU><PO_RABACIE_WAL_CENNIKA>1.4400</PO_RABACIE_WAL_CENNIKA><PO_RABACIE_PLN>1.4400</PO_RABACIE_PLN><PO_RABACIE_WAL_DOKUMENTU>1.4400</PO_RABACIE_WAL_DOKUMENTU></CENY><WALUTA><SYMBOL>PLN</SYMBOL><KURS_L>1.00</KURS_L><KURS_M>1</KURS_M></WALUTA><RABAT>10.00</RABAT><WARTOSC_NETTO>56.20</WARTOSC_NETTO><WARTOSC_BRUTTO>69.12</WARTOSC_BRUTTO><WARTOSC_NETTO_WAL>56.20</WARTOSC_NETTO_WAL><WARTOSC_BRUTTO_WAL>69.12</WARTOSC_BRUTTO_WAL><ILOSC>48.0000</ILOSC><JM>szt.</JM><JM_CALKOWITE>0.00</JM_CALKOWITE><JM_ZLOZONA><JMZ>szt.</JMZ><JM_PRZELICZNIK_L>1.00</JM_PRZELICZNIK_L><JM_PRZELICZNIK_M>1</JM_PRZELICZNIK_M></JM_ZLOZONA></POZYCJA><POZYCJA><LP>50</LP><TOWAR><KOD>251808</KOD><NAZWA>KWIAT SZTUCZNY - LIŚĆ WINOGRONA MECH</NAZWA><OPIS/><EAN/><SWW/><NUMER_KATALOGOWY/><MPP>0</MPP></TOWAR><STAWKA_VAT><STAWKA>23.00</STAWKA><FLAGA>2</FLAGA><ZRODLOWA>0.00</ZRODLOWA></STAWKA_VAT><CENY><CENAZCZTEREMAMIEJSCAMI>0</CENAZCZTEREMAMIEJSCAMI><POCZATKOWA_WAL_CENNIKA>5.0000</POCZATKOWA_WAL_CENNIKA><POCZATKOWA_WAL_DOKUMENTU>5.0000</POCZATKOWA_WAL_DOKUMENTU><PO_RABACIE_WAL_CENNIKA>4.5000</PO_RABACIE_WAL_CENNIKA><PO_RABACIE_PLN>4.5000</PO_RABACIE_PLN><PO_RABACIE_WAL_DOKUMENTU>4.5000</PO_RABACIE_WAL_DOKUMENTU></CENY><WALUTA><SYMBOL>PLN</SYMBOL><KURS_L>1.00</KURS_L><KURS_M>1</KURS_M></WALUTA><RABAT>10.00</RABAT><WARTOSC_NETTO>131.71</WARTOSC_NETTO><WARTOSC_BRUTTO>162.00</WARTOSC_BRUTTO><WARTOSC_NETTO_WAL>131.71</WARTOSC_NETTO_WAL><WARTOSC_BRUTTO_WAL>162.00</WARTOSC_BRUTTO_WAL><ILOSC>36.0000</ILOSC><JM>szt.</JM><JM_CALKOWITE>0.00</JM_CALKOWITE><JM_ZLOZONA><JMZ>szt.</JMZ><JM_PRZELICZNIK_L>1.00</JM_PRZELICZNIK_L><JM_PRZELICZNIK_M>1</JM_PRZELICZNIK_M></JM_ZLOZONA></POZYCJA><POZYCJA><LP>51</LP><TOWAR><KOD>251927</KOD><NAZWA>KWIATY SZTUCZNE H253</NAZWA><OPIS/><EAN/><SWW/><NUMER_KATALOGOWY/><MPP>0</MPP></TOWAR><STAWKA_VAT><STAWKA>23.00</STAWKA><FLAGA>2</FLAGA><ZRODLOWA>0.00</ZRODLOWA></STAWKA_VAT><CENY><CENAZCZTEREMAMIEJSCAMI>0</CENAZCZTEREMAMIEJSCAMI><POCZATKOWA_WAL_CENNIKA>1.3000</POCZATKOWA_WAL_CENNIKA><POCZATKOWA_WAL_DOKUMENTU>1.3000</POCZATKOWA_WAL_DOKUMENTU><PO_RABACIE_WAL_CENNIKA>1.1700</PO_RABACIE_WAL_CENNIKA><PO_RABACIE_PLN>1.1700</PO_RABACIE_PLN><PO_RABACIE_WAL_DOKUMENTU>1.1700</PO_RABACIE_WAL_DOKUMENTU></CENY><WALUTA><SYMBOL>PLN</SYMBOL><KURS_L>1.00</KURS_L><KURS_M>1</KURS_M></WALUTA><RABAT>10.00</RABAT><WARTOSC_NETTO>34.24</WARTOSC_NETTO><WARTOSC_BRUTTO>42.12</WARTOSC_BRUTTO><WARTOSC_NETTO_WAL>34.24</WARTOSC_NETTO_WAL><WARTOSC_BRUTTO_WAL>42.12</WARTOSC_BRUTTO_WAL><ILOSC>36.0000</ILOSC><JM>szt</JM><JM_CALKOWITE>0.00</JM_CALKOWITE><JM_ZLOZONA><JMZ>szt</JMZ><JM_PRZELICZNIK_L>1.00</JM_PRZELICZNIK_L><JM_PRZELICZNIK_M>1</JM_PRZELICZNIK_M></JM_ZLOZONA></POZYCJA><POZYCJA><LP>52</LP><TOWAR><KOD>250133</KOD><NAZWA>RÓŻA WYR. - VIVALDI N/3202</NAZWA><OPIS/><EAN>5901292471583</EAN><SWW/><NUMER_KATALOGOWY/><MPP>0</MPP></TOWAR><STAWKA_VAT><STAWKA>23.00</STAWKA><FLAGA>2</FLAGA><ZRODLOWA>0.00</ZRODLOWA></STAWKA_VAT><CENY><CENAZCZTEREMAMIEJSCAMI>0</CENAZCZTEREMAMIEJSCAMI><POCZATKOWA_WAL_CENNIKA>1.7500</POCZATKOWA_WAL_CENNIKA><POCZATKOWA_WAL_DOKUMENTU>1.7500</POCZATKOWA_WAL_DOKUMENTU><PO_RABACIE_WAL_CENNIKA>1.5800</PO_RABACIE_WAL_CENNIKA><PO_RABACIE_PLN>1.5800</PO_RABACIE_PLN><PO_RABACIE_WAL_DOKUMENTU>1.5800</PO_RABACIE_WAL_DOKUMENTU></CENY><WALUTA><SYMBOL>PLN</SYMBOL><KURS_L>1.00</KURS_L><KURS_M>1</KURS_M></WALUTA><RABAT>10.00</RABAT><WARTOSC_NETTO>184.98</WARTOSC_NETTO><WARTOSC_BRUTTO>227.52</WARTOSC_BRUTTO><WARTOSC_NETTO_WAL>184.98</WARTOSC_NETTO_WAL><WARTOSC_BRUTTO_WAL>227.52</WARTOSC_BRUTTO_WAL><ILOSC>144.0000</ILOSC><JM>szt.</JM><JM_CALKOWITE>0.00</JM_CALKOWITE><JM_ZLOZONA><JMZ>szt.</JMZ><JM_PRZELICZNIK_L>1.00</JM_PRZELICZNIK_L><JM_PRZELICZNIK_M>1</JM_PRZELICZNIK_M></JM_ZLOZONA></POZYCJA><POZYCJA><LP>53</LP><TOWAR><KOD>250236</KOD><NAZWA>KWIATY SZTUCZNE T53</NAZWA><OPIS/><EAN/><SWW/><NUMER_KATALOGOWY/><MPP>0</MPP></TOWAR><STAWKA_VAT><STAWKA>23.00</STAWKA><FLAGA>2</FLAGA><ZRODLOWA>0.00</ZRODLOWA></STAWKA_VAT><CENY><CENAZCZTEREMAMIEJSCAMI>0</CENAZCZTEREMAMIEJSCAMI><POCZATKOWA_WAL_CENNIKA>1.1000</POCZATKOWA_WAL_CENNIKA><POCZATKOWA_WAL_DOKUMENTU>1.1000</POCZATKOWA_WAL_DOKUMENTU><PO_RABACIE_WAL_CENNIKA>0.9900</PO_RABACIE_WAL_CENNIKA><PO_RABACIE_PLN>0.9900</PO_RABACIE_PLN><PO_RABACIE_WAL_DOKUMENTU>0.9900</PO_RABACIE_WAL_DOKUMENTU></CENY><WALUTA><SYMBOL>PLN</SYMBOL><KURS_L>1.00</KURS_L><KURS_M>1</KURS_M></WALUTA><RABAT>10.00</RABAT><WARTOSC_NETTO>193.17</WARTOSC_NETTO><WARTOSC_BRUTTO>237.60</WARTOSC_BRUTTO><WARTOSC_NETTO_WAL>193.17</WARTOSC_NETTO_WAL><WARTOSC_BRUTTO_WAL>237.60</WARTOSC_BRUTTO_WAL><ILOSC>240.0000</ILOSC><JM>szt</JM><JM_CALKOWITE>0.00</JM_CALKOWITE><JM_ZLOZONA><JMZ>szt</JMZ><JM_PRZELICZNIK_L>1.00</JM_PRZELICZNIK_L><JM_PRZELICZNIK_M>1</JM_PRZELICZNIK_M></JM_ZLOZONA></POZYCJA></POZYCJE><KAUCJE/><PLATNOSCI><PLATNOSC><FORMA>przelew</FORMA><TERMIN>2023-01-26</TERMIN><KWOTA>5220.85</KWOTA><KWOTA_W_WAL_SYSTEMOWEJ>5220.85</KWOTA_W_WAL_SYSTEMOWEJ><WALUTA><SYMBOL/><KURS_L>1.00</KURS_L><KURS_M>1</KURS_M></WALUTA></PLATNOSC></PLATNOSCI><PLATNOSCI_KAUCJE/><TABELKA_VAT><LINIA_VAT><STAWKA_VAT><STAWKA>8.00</STAWKA><FLAGA>2</FLAGA><ZRODLOWA>0.00</ZRODLOWA></STAWKA_VAT><NETTO>282.50</NETTO><VAT>22.60</VAT><BRUTTO>305.10</BRUTTO><NETTO_WAL>282.50</NETTO_WAL><VAT_WAL>22.60</VAT_WAL><BRUTTO_WAL>305.10</BRUTTO_WAL></LINIA_VAT><LINIA_VAT><STAWKA_VAT><STAWKA>23.00</STAWKA><FLAGA>2</FLAGA><ZRODLOWA>0.00</ZRODLOWA></STAWKA_VAT><NETTO>3996.54</NETTO><VAT>919.21</VAT><BRUTTO>4915.75</BRUTTO><NETTO_WAL>3996.54</NETTO_WAL><VAT_WAL>919.21</VAT_WAL><BRUTTO_WAL>4915.75</BRUTTO_WAL></LINIA_VAT></TABELKA_VAT><ATRYBUTY/></DOKUMENT></ROOT>
