<?xml version="1.0" encoding="UTF-8"?>
<ROOT xmlns="http://www.cdn.com.pl/optima/dokument"><DOKUMENT><NAGLOWEK><GENERATOR>Comarch Opt!ma</GENERATOR><TYP_DOKUMENTU>302</TYP_DOKUMENTU><RODZAJ_DOKUMENTU>302004</RODZAJ_DOKUMENTU><FV_MARZA>0</FV_MARZA><FV_MARZA_RODZAJ>0</FV_MARZA_RODZAJ><NUMER_PELNY>FA/206/2023</NUMER_PELNY><DATA_DOKUMENTU>2023-01-12</DATA_DOKUMENTU><DATA_WYSTAWIENIA>2023-01-12</DATA_WYSTAWIENIA><DATA_OPERACJI>2023-01-12</DATA_OPERACJI><TERMIN_ZWROTU_KAUCJI>2023-03-13</TERMIN_ZWROTU_KAUCJI><KOREKTA>0</KOREKTA><DETAL>0</DETAL><TYP_NETTO_BRUTTO>2</TYP_NETTO_BRUTTO><RABAT>8.00</RABAT><OPIS>Dok.: FA/206/2023 (Faktura sprzedaży z wygenerowanym WZ)</OPIS><PLATNIK><KOD>PSS</KOD><NIP_KRAJ>PL</NIP_KRAJ><NIP>5420000771</NIP><GLN/><NAZWA>P.S.S."SPOŁEM" W BIAŁYMSTOKU</NAZWA><MPP>0</MPP><ADRES><KOD_POCZTOWY>15-950</KOD_POCZTOWY><MIASTO>BIAŁYSTOK</MIASTO><ULICA>ul.RYNEK KOŚCIUSZKI 15</ULICA><KRAJ>Polska</KRAJ></ADRES></PLATNIK><ODBIORCA><KOD>PSS 24 TĘCZA</KOD><NIP_KRAJ>PL</NIP_KRAJ><NIP>5420000771</NIP><GLN/><NAZWA>PSS SPOŁEM W BIAŁYMSTOKU SKLEP NR 24 TĘCZA</NAZWA><ADRES><KOD_POCZTOWY>15-950</KOD_POCZTOWY><MIASTO>BIAŁYSTOK</MIASTO><ULICA>ul.RYNEK KOŚCIUSZKI 15</ULICA><KRAJ>Polska</KRAJ></ADRES></ODBIORCA><SPRZEDAWCA><NIP_KRAJ>PL</NIP_KRAJ><NIP>546-000-03-17</NIP><GLN>0000000000000</GLN><NAZWA>P.H.U. "KROKUS" HURTOWNIA KWIATÓW LESZEK WOŁKOWICZ</NAZWA><ADRES><KOD_POCZTOWY>15-257</KOD_POCZTOWY><MIASTO>BIAŁYSTOK</MIASTO><ULICA>ul. A. MICKIEWICZA 95</ULICA><KRAJ>Polska</KRAJ></ADRES><NUMER_KONTA_BANKOWEGO>22-12405211-1111000049289196</NUMER_KONTA_BANKOWEGO><NAZWA_BANKU>BANK PEKAO SA</NAZWA_BANKU></SPRZEDAWCA><KATEGORIA><KOD/><OPIS/></KATEGORIA><PLATNOSC><FORMA>przelew</FORMA><TERMIN>2023-02-26</TERMIN><MPP>0</MPP></PLATNOSC><WALUTA><SYMBOL>PLN</SYMBOL><KURS_L>1.00</KURS_L><KURS_M>1</KURS_M><PLAT_WAL_OD_PLN>0</PLAT_WAL_OD_PLN><KURS_NUMER>3</KURS_NUMER><KURS_DATA>2023-01-12</KURS_DATA></WALUTA><KWOTY><RAZEM_NETTO_WAL>594.22</RAZEM_NETTO_WAL><RAZEM_NETTO>594.22</RAZEM_NETTO><RAZEM_BRUTTO>730.89</RAZEM_BRUTTO><RAZEM_VAT>136.67</RAZEM_VAT></KWOTY><MAGAZYN_ZRODLOWY>MAGAZYN</MAGAZYN_ZRODLOWY><MAGAZYN_DOCELOWY/><KAUCJE_PLATNOSCI>0</KAUCJE_PLATNOSCI><BLOKADA_PLATNOSCI>0</BLOKADA_PLATNOSCI><VAT_DLA_DOK_WAL>0</VAT_DLA_DOK_WAL><TRYB_NETTO_VAT>0</TRYB_NETTO_VAT><STATUS_PLATNIKA>0</STATUS_PLATNIKA><ROZLICZAM_PODATEK_W_OSS>0</ROZLICZAM_PODATEK_W_OSS></NAGLOWEK><POZYCJE><POZYCJA><LP>1</LP><TOWAR><KOD>903658</KOD><NAZWA>KUBEK PREMIUM</NAZWA><OPIS/><EAN>5901924432289</EAN><SWW/><NUMER_KATALOGOWY/><MPP>0</MPP></TOWAR><STAWKA_VAT><STAWKA>23.00</STAWKA><FLAGA>2</FLAGA><ZRODLOWA>0.00</ZRODLOWA></STAWKA_VAT><CENY><CENAZCZTEREMAMIEJSCAMI>0</CENAZCZTEREMAMIEJSCAMI><POCZATKOWA_WAL_CENNIKA>18.1000</POCZATKOWA_WAL_CENNIKA><POCZATKOWA_WAL_DOKUMENTU>18.1000</POCZATKOWA_WAL_DOKUMENTU><PO_RABACIE_WAL_CENNIKA>16.6500</PO_RABACIE_WAL_CENNIKA><PO_RABACIE_PLN>16.6500</PO_RABACIE_PLN><PO_RABACIE_WAL_DOKUMENTU>16.6500</PO_RABACIE_WAL_DOKUMENTU></CENY><WALUTA><SYMBOL>PLN</SYMBOL><KURS_L>1.00</KURS_L><KURS_M>1</KURS_M></WALUTA><RABAT>8.00</RABAT><WARTOSC_NETTO>54.15</WARTOSC_NETTO><WARTOSC_BRUTTO>66.60</WARTOSC_BRUTTO><WARTOSC_NETTO_WAL>54.15</WARTOSC_NETTO_WAL><WARTOSC_BRUTTO_WAL>66.60</WARTOSC_BRUTTO_WAL><ILOSC>4.0000</ILOSC><JM>szt</JM><JM_CALKOWITE>0.00</JM_CALKOWITE><JM_ZLOZONA><JMZ>szt</JMZ><JM_PRZELICZNIK_L>1.00</JM_PRZELICZNIK_L><JM_PRZELICZNIK_M>1</JM_PRZELICZNIK_M></JM_ZLOZONA></POZYCJA><POZYCJA><LP>2</LP><TOWAR><KOD>665189</KOD><NAZWA>KUBEK BOSS 300ML.SENIOR RODU</NAZWA><OPIS/><EAN>5908276497980</EAN><SWW/><NUMER_KATALOGOWY/><MPP>0</MPP></TOWAR><STAWKA_VAT><STAWKA>23.00</STAWKA><FLAGA>2</FLAGA><ZRODLOWA>0.00</ZRODLOWA></STAWKA_VAT><CENY><CENAZCZTEREMAMIEJSCAMI>0</CENAZCZTEREMAMIEJSCAMI><POCZATKOWA_WAL_CENNIKA>15.5000</POCZATKOWA_WAL_CENNIKA><POCZATKOWA_WAL_DOKUMENTU>15.5000</POCZATKOWA_WAL_DOKUMENTU><PO_RABACIE_WAL_CENNIKA>14.2600</PO_RABACIE_WAL_CENNIKA><PO_RABACIE_PLN>14.2600</PO_RABACIE_PLN><PO_RABACIE_WAL_DOKUMENTU>14.2600</PO_RABACIE_WAL_DOKUMENTU></CENY><WALUTA><SYMBOL>PLN</SYMBOL><KURS_L>1.00</KURS_L><KURS_M>1</KURS_M></WALUTA><RABAT>8.00</RABAT><WARTOSC_NETTO>23.19</WARTOSC_NETTO><WARTOSC_BRUTTO>28.52</WARTOSC_BRUTTO><WARTOSC_NETTO_WAL>23.19</WARTOSC_NETTO_WAL><WARTOSC_BRUTTO_WAL>28.52</WARTOSC_BRUTTO_WAL><ILOSC>2.0000</ILOSC><JM>szt</JM><JM_CALKOWITE>0.00</JM_CALKOWITE><JM_ZLOZONA><JMZ>szt</JMZ><JM_PRZELICZNIK_L>1.00</JM_PRZELICZNIK_L><JM_PRZELICZNIK_M>1</JM_PRZELICZNIK_M></JM_ZLOZONA></POZYCJA><POZYCJA><LP>3</LP><TOWAR><KOD>666300</KOD><NAZWA>DZIEŃ BABCI I DZIADKA 2023 - ZESTAW 2 KUBKÓW BARYŁKA 300ML - BABCIA JEDYNA TAKA NA MILION, DZIADEK JEDYNA NA MILION</NAZWA><OPIS/><EAN>5904405111093</EAN><SWW/><NUMER_KATALOGOWY/><MPP>0</MPP></TOWAR><STAWKA_VAT><STAWKA>23.00</STAWKA><FLAGA>2</FLAGA><ZRODLOWA>0.00</ZRODLOWA></STAWKA_VAT><CENY><CENAZCZTEREMAMIEJSCAMI>0</CENAZCZTEREMAMIEJSCAMI><POCZATKOWA_WAL_CENNIKA>36.2000</POCZATKOWA_WAL_CENNIKA><POCZATKOWA_WAL_DOKUMENTU>36.2000</POCZATKOWA_WAL_DOKUMENTU><PO_RABACIE_WAL_CENNIKA>33.3000</PO_RABACIE_WAL_CENNIKA><PO_RABACIE_PLN>33.3000</PO_RABACIE_PLN><PO_RABACIE_WAL_DOKUMENTU>33.3000</PO_RABACIE_WAL_DOKUMENTU></CENY><WALUTA><SYMBOL>PLN</SYMBOL><KURS_L>1.00</KURS_L><KURS_M>1</KURS_M></WALUTA><RABAT>8.00</RABAT><WARTOSC_NETTO>27.07</WARTOSC_NETTO><WARTOSC_BRUTTO>33.30</WARTOSC_BRUTTO><WARTOSC_NETTO_WAL>27.07</WARTOSC_NETTO_WAL><WARTOSC_BRUTTO_WAL>33.30</WARTOSC_BRUTTO_WAL><ILOSC>1.0000</ILOSC><JM>szt.</JM><JM_CALKOWITE>0.00</JM_CALKOWITE><JM_ZLOZONA><JMZ>szt.</JMZ><JM_PRZELICZNIK_L>1.00</JM_PRZELICZNIK_L><JM_PRZELICZNIK_M>1</JM_PRZELICZNIK_M></JM_ZLOZONA></POZYCJA><POZYCJA><LP>4</LP><TOWAR><KOD>602071</KOD><NAZWA>ZESTAW 2 KUBKÓW</NAZWA><OPIS/><EAN>5907511304618</EAN><SWW/><NUMER_KATALOGOWY/><MPP>0</MPP></TOWAR><STAWKA_VAT><STAWKA>23.00</STAWKA><FLAGA>2</FLAGA><ZRODLOWA>0.00</ZRODLOWA></STAWKA_VAT><CENY><CENAZCZTEREMAMIEJSCAMI>0</CENAZCZTEREMAMIEJSCAMI><POCZATKOWA_WAL_CENNIKA>36.4000</POCZATKOWA_WAL_CENNIKA><POCZATKOWA_WAL_DOKUMENTU>36.4000</POCZATKOWA_WAL_DOKUMENTU><PO_RABACIE_WAL_CENNIKA>33.4900</PO_RABACIE_WAL_CENNIKA><PO_RABACIE_PLN>33.4900</PO_RABACIE_PLN><PO_RABACIE_WAL_DOKUMENTU>33.4900</PO_RABACIE_WAL_DOKUMENTU></CENY><WALUTA><SYMBOL>PLN</SYMBOL><KURS_L>1.00</KURS_L><KURS_M>1</KURS_M></WALUTA><RABAT>8.00</RABAT><WARTOSC_NETTO>54.46</WARTOSC_NETTO><WARTOSC_BRUTTO>66.98</WARTOSC_BRUTTO><WARTOSC_NETTO_WAL>54.46</WARTOSC_NETTO_WAL><WARTOSC_BRUTTO_WAL>66.98</WARTOSC_BRUTTO_WAL><ILOSC>2.0000</ILOSC><JM>szt</JM><JM_CALKOWITE>0.00</JM_CALKOWITE><JM_ZLOZONA><JMZ>szt</JMZ><JM_PRZELICZNIK_L>1.00</JM_PRZELICZNIK_L><JM_PRZELICZNIK_M>1</JM_PRZELICZNIK_M></JM_ZLOZONA></POZYCJA><POZYCJA><LP>5</LP><TOWAR><KOD>666301</KOD><NAZWA>DZIEŃ BABCI I DZIADKA 2023 - ZESTAW 2 KUBKÓW BARYŁKA 300ML - SUPER BABCIA, SUPER DZIADEK</NAZWA><OPIS/><EAN>5904405111109</EAN><SWW/><NUMER_KATALOGOWY/><MPP>0</MPP></TOWAR><STAWKA_VAT><STAWKA>23.00</STAWKA><FLAGA>2</FLAGA><ZRODLOWA>0.00</ZRODLOWA></STAWKA_VAT><CENY><CENAZCZTEREMAMIEJSCAMI>0</CENAZCZTEREMAMIEJSCAMI><POCZATKOWA_WAL_CENNIKA>36.2000</POCZATKOWA_WAL_CENNIKA><POCZATKOWA_WAL_DOKUMENTU>36.2000</POCZATKOWA_WAL_DOKUMENTU><PO_RABACIE_WAL_CENNIKA>33.3000</PO_RABACIE_WAL_CENNIKA><PO_RABACIE_PLN>33.3000</PO_RABACIE_PLN><PO_RABACIE_WAL_DOKUMENTU>33.3000</PO_RABACIE_WAL_DOKUMENTU></CENY><WALUTA><SYMBOL>PLN</SYMBOL><KURS_L>1.00</KURS_L><KURS_M>1</KURS_M></WALUTA><RABAT>8.00</RABAT><WARTOSC_NETTO>27.07</WARTOSC_NETTO><WARTOSC_BRUTTO>33.30</WARTOSC_BRUTTO><WARTOSC_NETTO_WAL>27.07</WARTOSC_NETTO_WAL><WARTOSC_BRUTTO_WAL>33.30</WARTOSC_BRUTTO_WAL><ILOSC>1.0000</ILOSC><JM>szt.</JM><JM_CALKOWITE>0.00</JM_CALKOWITE><JM_ZLOZONA><JMZ>szt.</JMZ><JM_PRZELICZNIK_L>1.00</JM_PRZELICZNIK_L><JM_PRZELICZNIK_M>1</JM_PRZELICZNIK_M></JM_ZLOZONA></POZYCJA><POZYCJA><LP>6</LP><TOWAR><KOD>901460</KOD><NAZWA>HERBATY - 50 gr</NAZWA><OPIS/><EAN>5907511305158</EAN><SWW/><NUMER_KATALOGOWY/><MPP>0</MPP></TOWAR><STAWKA_VAT><STAWKA>23.00</STAWKA><FLAGA>2</FLAGA><ZRODLOWA>0.00</ZRODLOWA></STAWKA_VAT><CENY><CENAZCZTEREMAMIEJSCAMI>0</CENAZCZTEREMAMIEJSCAMI><POCZATKOWA_WAL_CENNIKA>11.6000</POCZATKOWA_WAL_CENNIKA><POCZATKOWA_WAL_DOKUMENTU>11.6000</POCZATKOWA_WAL_DOKUMENTU><PO_RABACIE_WAL_CENNIKA>10.6700</PO_RABACIE_WAL_CENNIKA><PO_RABACIE_PLN>10.6700</PO_RABACIE_PLN><PO_RABACIE_WAL_DOKUMENTU>10.6700</PO_RABACIE_WAL_DOKUMENTU></CENY><WALUTA><SYMBOL>PLN</SYMBOL><KURS_L>1.00</KURS_L><KURS_M>1</KURS_M></WALUTA><RABAT>8.00</RABAT><WARTOSC_NETTO>86.75</WARTOSC_NETTO><WARTOSC_BRUTTO>106.70</WARTOSC_BRUTTO><WARTOSC_NETTO_WAL>86.75</WARTOSC_NETTO_WAL><WARTOSC_BRUTTO_WAL>106.70</WARTOSC_BRUTTO_WAL><ILOSC>10.0000</ILOSC><JM>op.</JM><JM_CALKOWITE>0.00</JM_CALKOWITE><JM_ZLOZONA><JMZ>op.</JMZ><JM_PRZELICZNIK_L>1.00</JM_PRZELICZNIK_L><JM_PRZELICZNIK_M>1</JM_PRZELICZNIK_M></JM_ZLOZONA></POZYCJA><POZYCJA><LP>7</LP><TOWAR><KOD>903909</KOD><NAZWA>KARNET PR</NAZWA><OPIS/><EAN>5901924435662</EAN><SWW/><NUMER_KATALOGOWY/><MPP>0</MPP></TOWAR><STAWKA_VAT><STAWKA>23.00</STAWKA><FLAGA>2</FLAGA><ZRODLOWA>0.00</ZRODLOWA></STAWKA_VAT><CENY><CENAZCZTEREMAMIEJSCAMI>0</CENAZCZTEREMAMIEJSCAMI><POCZATKOWA_WAL_CENNIKA>3.9000</POCZATKOWA_WAL_CENNIKA><POCZATKOWA_WAL_DOKUMENTU>3.9000</POCZATKOWA_WAL_DOKUMENTU><PO_RABACIE_WAL_CENNIKA>3.5900</PO_RABACIE_WAL_CENNIKA><PO_RABACIE_PLN>3.5900</PO_RABACIE_PLN><PO_RABACIE_WAL_DOKUMENTU>3.5900</PO_RABACIE_WAL_DOKUMENTU></CENY><WALUTA><SYMBOL>PLN</SYMBOL><KURS_L>1.00</KURS_L><KURS_M>1</KURS_M></WALUTA><RABAT>8.00</RABAT><WARTOSC_NETTO>14.59</WARTOSC_NETTO><WARTOSC_BRUTTO>17.95</WARTOSC_BRUTTO><WARTOSC_NETTO_WAL>14.59</WARTOSC_NETTO_WAL><WARTOSC_BRUTTO_WAL>17.95</WARTOSC_BRUTTO_WAL><ILOSC>5.0000</ILOSC><JM>szt</JM><JM_CALKOWITE>0.00</JM_CALKOWITE><JM_ZLOZONA><JMZ>szt</JMZ><JM_PRZELICZNIK_L>1.00</JM_PRZELICZNIK_L><JM_PRZELICZNIK_M>1</JM_PRZELICZNIK_M></JM_ZLOZONA></POZYCJA><POZYCJA><LP>8</LP><TOWAR><KOD>901037</KOD><NAZWA>KARNET DK</NAZWA><OPIS/><EAN>5907511304717</EAN><SWW/><NUMER_KATALOGOWY/><MPP>0</MPP></TOWAR><STAWKA_VAT><STAWKA>23.00</STAWKA><FLAGA>2</FLAGA><ZRODLOWA>0.00</ZRODLOWA></STAWKA_VAT><CENY><CENAZCZTEREMAMIEJSCAMI>0</CENAZCZTEREMAMIEJSCAMI><POCZATKOWA_WAL_CENNIKA>4.8000</POCZATKOWA_WAL_CENNIKA><POCZATKOWA_WAL_DOKUMENTU>4.8000</POCZATKOWA_WAL_DOKUMENTU><PO_RABACIE_WAL_CENNIKA>4.4200</PO_RABACIE_WAL_CENNIKA><PO_RABACIE_PLN>4.4200</PO_RABACIE_PLN><PO_RABACIE_WAL_DOKUMENTU>4.4200</PO_RABACIE_WAL_DOKUMENTU></CENY><WALUTA><SYMBOL>PLN</SYMBOL><KURS_L>1.00</KURS_L><KURS_M>1</KURS_M></WALUTA><RABAT>8.00</RABAT><WARTOSC_NETTO>57.50</WARTOSC_NETTO><WARTOSC_BRUTTO>70.72</WARTOSC_BRUTTO><WARTOSC_NETTO_WAL>57.50</WARTOSC_NETTO_WAL><WARTOSC_BRUTTO_WAL>70.72</WARTOSC_BRUTTO_WAL><ILOSC>16.0000</ILOSC><JM>szt</JM><JM_CALKOWITE>0.00</JM_CALKOWITE><JM_ZLOZONA><JMZ>szt</JMZ><JM_PRZELICZNIK_L>1.00</JM_PRZELICZNIK_L><JM_PRZELICZNIK_M>1</JM_PRZELICZNIK_M></JM_ZLOZONA></POZYCJA><POZYCJA><LP>9</LP><TOWAR><KOD>802546</KOD><NAZWA>DYFUZOR ZAPACHOWY RÓŻA</NAZWA><OPIS/><EAN>5906927022178</EAN><SWW/><NUMER_KATALOGOWY/><MPP>0</MPP></TOWAR><STAWKA_VAT><STAWKA>23.00</STAWKA><FLAGA>2</FLAGA><ZRODLOWA>0.00</ZRODLOWA></STAWKA_VAT><CENY><CENAZCZTEREMAMIEJSCAMI>0</CENAZCZTEREMAMIEJSCAMI><POCZATKOWA_WAL_CENNIKA>8.9000</POCZATKOWA_WAL_CENNIKA><POCZATKOWA_WAL_DOKUMENTU>8.9000</POCZATKOWA_WAL_DOKUMENTU><PO_RABACIE_WAL_CENNIKA>8.1900</PO_RABACIE_WAL_CENNIKA><PO_RABACIE_PLN>8.1900</PO_RABACIE_PLN><PO_RABACIE_WAL_DOKUMENTU>8.1900</PO_RABACIE_WAL_DOKUMENTU></CENY><WALUTA><SYMBOL>PLN</SYMBOL><KURS_L>1.00</KURS_L><KURS_M>1</KURS_M></WALUTA><RABAT>8.00</RABAT><WARTOSC_NETTO>6.66</WARTOSC_NETTO><WARTOSC_BRUTTO>8.19</WARTOSC_BRUTTO><WARTOSC_NETTO_WAL>6.66</WARTOSC_NETTO_WAL><WARTOSC_BRUTTO_WAL>8.19</WARTOSC_BRUTTO_WAL><ILOSC>1.0000</ILOSC><JM>szt</JM><JM_CALKOWITE>0.00</JM_CALKOWITE><JM_ZLOZONA><JMZ>szt</JMZ><JM_PRZELICZNIK_L>1.00</JM_PRZELICZNIK_L><JM_PRZELICZNIK_M>1</JM_PRZELICZNIK_M></JM_ZLOZONA></POZYCJA><POZYCJA><LP>10</LP><TOWAR><KOD>802703</KOD><NAZWA>DYFUZOR ZAPACHOWY JABŁKO-CYNAMON</NAZWA><OPIS/><EAN>5906927022130</EAN><SWW/><NUMER_KATALOGOWY/><MPP>0</MPP></TOWAR><STAWKA_VAT><STAWKA>23.00</STAWKA><FLAGA>2</FLAGA><ZRODLOWA>0.00</ZRODLOWA></STAWKA_VAT><CENY><CENAZCZTEREMAMIEJSCAMI>0</CENAZCZTEREMAMIEJSCAMI><POCZATKOWA_WAL_CENNIKA>8.9000</POCZATKOWA_WAL_CENNIKA><POCZATKOWA_WAL_DOKUMENTU>8.9000</POCZATKOWA_WAL_DOKUMENTU><PO_RABACIE_WAL_CENNIKA>8.1900</PO_RABACIE_WAL_CENNIKA><PO_RABACIE_PLN>8.1900</PO_RABACIE_PLN><PO_RABACIE_WAL_DOKUMENTU>8.1900</PO_RABACIE_WAL_DOKUMENTU></CENY><WALUTA><SYMBOL>PLN</SYMBOL><KURS_L>1.00</KURS_L><KURS_M>1</KURS_M></WALUTA><RABAT>8.00</RABAT><WARTOSC_NETTO>6.66</WARTOSC_NETTO><WARTOSC_BRUTTO>8.19</WARTOSC_BRUTTO><WARTOSC_NETTO_WAL>6.66</WARTOSC_NETTO_WAL><WARTOSC_BRUTTO_WAL>8.19</WARTOSC_BRUTTO_WAL><ILOSC>1.0000</ILOSC><JM>szt</JM><JM_CALKOWITE>0.00</JM_CALKOWITE><JM_ZLOZONA><JMZ>szt</JMZ><JM_PRZELICZNIK_L>1.00</JM_PRZELICZNIK_L><JM_PRZELICZNIK_M>1</JM_PRZELICZNIK_M></JM_ZLOZONA></POZYCJA><POZYCJA><LP>11</LP><TOWAR><KOD>803669</KOD><NAZWA>DYFUZOR ZAPACHOWY SŁONECZNIKI</NAZWA><OPIS/><EAN>5906927039893</EAN><SWW/><NUMER_KATALOGOWY/><MPP>0</MPP></TOWAR><STAWKA_VAT><STAWKA>23.00</STAWKA><FLAGA>2</FLAGA><ZRODLOWA>0.00</ZRODLOWA></STAWKA_VAT><CENY><CENAZCZTEREMAMIEJSCAMI>0</CENAZCZTEREMAMIEJSCAMI><POCZATKOWA_WAL_CENNIKA>8.9000</POCZATKOWA_WAL_CENNIKA><POCZATKOWA_WAL_DOKUMENTU>8.9000</POCZATKOWA_WAL_DOKUMENTU><PO_RABACIE_WAL_CENNIKA>8.1900</PO_RABACIE_WAL_CENNIKA><PO_RABACIE_PLN>8.1900</PO_RABACIE_PLN><PO_RABACIE_WAL_DOKUMENTU>8.1900</PO_RABACIE_WAL_DOKUMENTU></CENY><WALUTA><SYMBOL>PLN</SYMBOL><KURS_L>1.00</KURS_L><KURS_M>1</KURS_M></WALUTA><RABAT>8.00</RABAT><WARTOSC_NETTO>6.66</WARTOSC_NETTO><WARTOSC_BRUTTO>8.19</WARTOSC_BRUTTO><WARTOSC_NETTO_WAL>6.66</WARTOSC_NETTO_WAL><WARTOSC_BRUTTO_WAL>8.19</WARTOSC_BRUTTO_WAL><ILOSC>1.0000</ILOSC><JM>szt</JM><JM_CALKOWITE>0.00</JM_CALKOWITE><JM_ZLOZONA><JMZ>szt</JMZ><JM_PRZELICZNIK_L>1.00</JM_PRZELICZNIK_L><JM_PRZELICZNIK_M>1</JM_PRZELICZNIK_M></JM_ZLOZONA></POZYCJA><POZYCJA><LP>12</LP><TOWAR><KOD>802547</KOD><NAZWA>DYFUZOR ZAPACHOWY LAWENDA</NAZWA><OPIS/><EAN>5906927022116</EAN><SWW/><NUMER_KATALOGOWY/><MPP>0</MPP></TOWAR><STAWKA_VAT><STAWKA>23.00</STAWKA><FLAGA>2</FLAGA><ZRODLOWA>0.00</ZRODLOWA></STAWKA_VAT><CENY><CENAZCZTEREMAMIEJSCAMI>0</CENAZCZTEREMAMIEJSCAMI><POCZATKOWA_WAL_CENNIKA>8.9000</POCZATKOWA_WAL_CENNIKA><POCZATKOWA_WAL_DOKUMENTU>8.9000</POCZATKOWA_WAL_DOKUMENTU><PO_RABACIE_WAL_CENNIKA>8.1900</PO_RABACIE_WAL_CENNIKA><PO_RABACIE_PLN>8.1900</PO_RABACIE_PLN><PO_RABACIE_WAL_DOKUMENTU>8.1900</PO_RABACIE_WAL_DOKUMENTU></CENY><WALUTA><SYMBOL>PLN</SYMBOL><KURS_L>1.00</KURS_L><KURS_M>1</KURS_M></WALUTA><RABAT>8.00</RABAT><WARTOSC_NETTO>6.66</WARTOSC_NETTO><WARTOSC_BRUTTO>8.19</WARTOSC_BRUTTO><WARTOSC_NETTO_WAL>6.66</WARTOSC_NETTO_WAL><WARTOSC_BRUTTO_WAL>8.19</WARTOSC_BRUTTO_WAL><ILOSC>1.0000</ILOSC><JM>szt</JM><JM_CALKOWITE>0.00</JM_CALKOWITE><JM_ZLOZONA><JMZ>szt</JMZ><JM_PRZELICZNIK_L>1.00</JM_PRZELICZNIK_L><JM_PRZELICZNIK_M>1</JM_PRZELICZNIK_M></JM_ZLOZONA></POZYCJA><POZYCJA><LP>13</LP><TOWAR><KOD>801497</KOD><NAZWA>PODGRZEWACZE KLASYCZNE - 10szt.</NAZWA><OPIS/><EAN>5906927010151</EAN><SWW/><NUMER_KATALOGOWY/><MPP>0</MPP></TOWAR><STAWKA_VAT><STAWKA>23.00</STAWKA><FLAGA>2</FLAGA><ZRODLOWA>0.00</ZRODLOWA></STAWKA_VAT><CENY><CENAZCZTEREMAMIEJSCAMI>0</CENAZCZTEREMAMIEJSCAMI><POCZATKOWA_WAL_CENNIKA>2.2000</POCZATKOWA_WAL_CENNIKA><POCZATKOWA_WAL_DOKUMENTU>2.2000</POCZATKOWA_WAL_DOKUMENTU><PO_RABACIE_WAL_CENNIKA>2.0200</PO_RABACIE_WAL_CENNIKA><PO_RABACIE_PLN>2.0200</PO_RABACIE_PLN><PO_RABACIE_WAL_DOKUMENTU>2.0200</PO_RABACIE_WAL_DOKUMENTU></CENY><WALUTA><SYMBOL>PLN</SYMBOL><KURS_L>1.00</KURS_L><KURS_M>1</KURS_M></WALUTA><RABAT>8.00</RABAT><WARTOSC_NETTO>6.57</WARTOSC_NETTO><WARTOSC_BRUTTO>8.08</WARTOSC_BRUTTO><WARTOSC_NETTO_WAL>6.57</WARTOSC_NETTO_WAL><WARTOSC_BRUTTO_WAL>8.08</WARTOSC_BRUTTO_WAL><ILOSC>4.0000</ILOSC><JM>op.</JM><JM_CALKOWITE>0.00</JM_CALKOWITE><JM_ZLOZONA><JMZ>op.</JMZ><JM_PRZELICZNIK_L>1.00</JM_PRZELICZNIK_L><JM_PRZELICZNIK_M>1</JM_PRZELICZNIK_M></JM_ZLOZONA></POZYCJA><POZYCJA><LP>14</LP><TOWAR><KOD>506885</KOD><NAZWA>SERCE MAŁE </NAZWA><OPIS/><EAN>5901500232258</EAN><SWW/><NUMER_KATALOGOWY/><MPP>0</MPP></TOWAR><STAWKA_VAT><STAWKA>23.00</STAWKA><FLAGA>2</FLAGA><ZRODLOWA>0.00</ZRODLOWA></STAWKA_VAT><CENY><CENAZCZTEREMAMIEJSCAMI>0</CENAZCZTEREMAMIEJSCAMI><POCZATKOWA_WAL_CENNIKA>8.2000</POCZATKOWA_WAL_CENNIKA><POCZATKOWA_WAL_DOKUMENTU>8.2000</POCZATKOWA_WAL_DOKUMENTU><PO_RABACIE_WAL_CENNIKA>7.5400</PO_RABACIE_WAL_CENNIKA><PO_RABACIE_PLN>7.5400</PO_RABACIE_PLN><PO_RABACIE_WAL_DOKUMENTU>7.5400</PO_RABACIE_WAL_DOKUMENTU></CENY><WALUTA><SYMBOL>PLN</SYMBOL><KURS_L>1.00</KURS_L><KURS_M>1</KURS_M></WALUTA><RABAT>8.00</RABAT><WARTOSC_NETTO>12.26</WARTOSC_NETTO><WARTOSC_BRUTTO>15.08</WARTOSC_BRUTTO><WARTOSC_NETTO_WAL>12.26</WARTOSC_NETTO_WAL><WARTOSC_BRUTTO_WAL>15.08</WARTOSC_BRUTTO_WAL><ILOSC>2.0000</ILOSC><JM>szt.</JM><JM_CALKOWITE>0.00</JM_CALKOWITE><JM_ZLOZONA><JMZ>szt.</JMZ><JM_PRZELICZNIK_L>1.00</JM_PRZELICZNIK_L><JM_PRZELICZNIK_M>1</JM_PRZELICZNIK_M></JM_ZLOZONA></POZYCJA><POZYCJA><LP>15</LP><TOWAR><KOD>507364</KOD><NAZWA>BIAŁY MISIACZEK Z SERCEM</NAZWA><OPIS/><EAN>5901500238052</EAN><SWW/><NUMER_KATALOGOWY/><MPP>0</MPP></TOWAR><STAWKA_VAT><STAWKA>23.00</STAWKA><FLAGA>2</FLAGA><ZRODLOWA>0.00</ZRODLOWA></STAWKA_VAT><CENY><CENAZCZTEREMAMIEJSCAMI>0</CENAZCZTEREMAMIEJSCAMI><POCZATKOWA_WAL_CENNIKA>15.5000</POCZATKOWA_WAL_CENNIKA><POCZATKOWA_WAL_DOKUMENTU>15.5000</POCZATKOWA_WAL_DOKUMENTU><PO_RABACIE_WAL_CENNIKA>14.2600</PO_RABACIE_WAL_CENNIKA><PO_RABACIE_PLN>14.2600</PO_RABACIE_PLN><PO_RABACIE_WAL_DOKUMENTU>14.2600</PO_RABACIE_WAL_DOKUMENTU></CENY><WALUTA><SYMBOL>PLN</SYMBOL><KURS_L>1.00</KURS_L><KURS_M>1</KURS_M></WALUTA><RABAT>8.00</RABAT><WARTOSC_NETTO>23.19</WARTOSC_NETTO><WARTOSC_BRUTTO>28.52</WARTOSC_BRUTTO><WARTOSC_NETTO_WAL>23.19</WARTOSC_NETTO_WAL><WARTOSC_BRUTTO_WAL>28.52</WARTOSC_BRUTTO_WAL><ILOSC>2.0000</ILOSC><JM>szt</JM><JM_CALKOWITE>0.00</JM_CALKOWITE><JM_ZLOZONA><JMZ>szt</JMZ><JM_PRZELICZNIK_L>1.00</JM_PRZELICZNIK_L><JM_PRZELICZNIK_M>1</JM_PRZELICZNIK_M></JM_ZLOZONA></POZYCJA><POZYCJA><LP>16</LP><TOWAR><KOD>506884</KOD><NAZWA>SERCE MINI </NAZWA><OPIS/><EAN>5901500232241</EAN><SWW/><NUMER_KATALOGOWY/><MPP>0</MPP></TOWAR><STAWKA_VAT><STAWKA>23.00</STAWKA><FLAGA>2</FLAGA><ZRODLOWA>0.00</ZRODLOWA></STAWKA_VAT><CENY><CENAZCZTEREMAMIEJSCAMI>0</CENAZCZTEREMAMIEJSCAMI><POCZATKOWA_WAL_CENNIKA>5.0000</POCZATKOWA_WAL_CENNIKA><POCZATKOWA_WAL_DOKUMENTU>5.0000</POCZATKOWA_WAL_DOKUMENTU><PO_RABACIE_WAL_CENNIKA>4.6000</PO_RABACIE_WAL_CENNIKA><PO_RABACIE_PLN>4.6000</PO_RABACIE_PLN><PO_RABACIE_WAL_DOKUMENTU>4.6000</PO_RABACIE_WAL_DOKUMENTU></CENY><WALUTA><SYMBOL>PLN</SYMBOL><KURS_L>1.00</KURS_L><KURS_M>1</KURS_M></WALUTA><RABAT>8.00</RABAT><WARTOSC_NETTO>22.44</WARTOSC_NETTO><WARTOSC_BRUTTO>27.60</WARTOSC_BRUTTO><WARTOSC_NETTO_WAL>22.44</WARTOSC_NETTO_WAL><WARTOSC_BRUTTO_WAL>27.60</WARTOSC_BRUTTO_WAL><ILOSC>6.0000</ILOSC><JM>szt.</JM><JM_CALKOWITE>0.00</JM_CALKOWITE><JM_ZLOZONA><JMZ>szt.</JMZ><JM_PRZELICZNIK_L>1.00</JM_PRZELICZNIK_L><JM_PRZELICZNIK_M>1</JM_PRZELICZNIK_M></JM_ZLOZONA></POZYCJA><POZYCJA><LP>17</LP><TOWAR><KOD>507288</KOD><NAZWA>MIŚ Z SERCEM TG48335</NAZWA><OPIS/><EAN>5900290990690</EAN><SWW/><NUMER_KATALOGOWY/><MPP>0</MPP></TOWAR><STAWKA_VAT><STAWKA>23.00</STAWKA><FLAGA>2</FLAGA><ZRODLOWA>0.00</ZRODLOWA></STAWKA_VAT><CENY><CENAZCZTEREMAMIEJSCAMI>0</CENAZCZTEREMAMIEJSCAMI><POCZATKOWA_WAL_CENNIKA>6.7000</POCZATKOWA_WAL_CENNIKA><POCZATKOWA_WAL_DOKUMENTU>6.7000</POCZATKOWA_WAL_DOKUMENTU><PO_RABACIE_WAL_CENNIKA>6.1600</PO_RABACIE_WAL_CENNIKA><PO_RABACIE_PLN>6.1600</PO_RABACIE_PLN><PO_RABACIE_WAL_DOKUMENTU>6.1600</PO_RABACIE_WAL_DOKUMENTU></CENY><WALUTA><SYMBOL>PLN</SYMBOL><KURS_L>1.00</KURS_L><KURS_M>1</KURS_M></WALUTA><RABAT>8.00</RABAT><WARTOSC_NETTO>30.05</WARTOSC_NETTO><WARTOSC_BRUTTO>36.96</WARTOSC_BRUTTO><WARTOSC_NETTO_WAL>30.05</WARTOSC_NETTO_WAL><WARTOSC_BRUTTO_WAL>36.96</WARTOSC_BRUTTO_WAL><ILOSC>6.0000</ILOSC><JM>szt</JM><JM_CALKOWITE>0.00</JM_CALKOWITE><JM_ZLOZONA><JMZ>szt</JMZ><JM_PRZELICZNIK_L>1.00</JM_PRZELICZNIK_L><JM_PRZELICZNIK_M>1</JM_PRZELICZNIK_M></JM_ZLOZONA></POZYCJA><POZYCJA><LP>18</LP><TOWAR><KOD>616629</KOD><NAZWA>MASKOTKA TG39265</NAZWA><OPIS/><EAN>5900290743456</EAN><SWW/><NUMER_KATALOGOWY/><MPP>0</MPP></TOWAR><STAWKA_VAT><STAWKA>23.00</STAWKA><FLAGA>2</FLAGA><ZRODLOWA>0.00</ZRODLOWA></STAWKA_VAT><CENY><CENAZCZTEREMAMIEJSCAMI>0</CENAZCZTEREMAMIEJSCAMI><POCZATKOWA_WAL_CENNIKA>3.6500</POCZATKOWA_WAL_CENNIKA><POCZATKOWA_WAL_DOKUMENTU>3.6500</POCZATKOWA_WAL_DOKUMENTU><PO_RABACIE_WAL_CENNIKA>3.3600</PO_RABACIE_WAL_CENNIKA><PO_RABACIE_PLN>3.3600</PO_RABACIE_PLN><PO_RABACIE_WAL_DOKUMENTU>3.3600</PO_RABACIE_WAL_DOKUMENTU></CENY><WALUTA><SYMBOL>PLN</SYMBOL><KURS_L>1.00</KURS_L><KURS_M>1</KURS_M></WALUTA><RABAT>8.00</RABAT><WARTOSC_NETTO>16.39</WARTOSC_NETTO><WARTOSC_BRUTTO>20.16</WARTOSC_BRUTTO><WARTOSC_NETTO_WAL>16.39</WARTOSC_NETTO_WAL><WARTOSC_BRUTTO_WAL>20.16</WARTOSC_BRUTTO_WAL><ILOSC>6.0000</ILOSC><JM>szt</JM><JM_CALKOWITE>0.00</JM_CALKOWITE><JM_ZLOZONA><JMZ>szt</JMZ><JM_PRZELICZNIK_L>1.00</JM_PRZELICZNIK_L><JM_PRZELICZNIK_M>1</JM_PRZELICZNIK_M></JM_ZLOZONA></POZYCJA><POZYCJA><LP>19</LP><TOWAR><KOD>716975</KOD><NAZWA>KOSZ Z ŁUBY MAŁY PASTELOWY </NAZWA><OPIS/><EAN/><SWW/><NUMER_KATALOGOWY/><MPP>0</MPP></TOWAR><STAWKA_VAT><STAWKA>23.00</STAWKA><FLAGA>2</FLAGA><ZRODLOWA>0.00</ZRODLOWA></STAWKA_VAT><CENY><CENAZCZTEREMAMIEJSCAMI>0</CENAZCZTEREMAMIEJSCAMI><POCZATKOWA_WAL_CENNIKA>5.2000</POCZATKOWA_WAL_CENNIKA><POCZATKOWA_WAL_DOKUMENTU>5.2000</POCZATKOWA_WAL_DOKUMENTU><PO_RABACIE_WAL_CENNIKA>4.7800</PO_RABACIE_WAL_CENNIKA><PO_RABACIE_PLN>4.7800</PO_RABACIE_PLN><PO_RABACIE_WAL_DOKUMENTU>4.7800</PO_RABACIE_WAL_DOKUMENTU></CENY><WALUTA><SYMBOL>PLN</SYMBOL><KURS_L>1.00</KURS_L><KURS_M>1</KURS_M></WALUTA><RABAT>8.00</RABAT><WARTOSC_NETTO>11.66</WARTOSC_NETTO><WARTOSC_BRUTTO>14.34</WARTOSC_BRUTTO><WARTOSC_NETTO_WAL>11.66</WARTOSC_NETTO_WAL><WARTOSC_BRUTTO_WAL>14.34</WARTOSC_BRUTTO_WAL><ILOSC>3.0000</ILOSC><JM>szt.</JM><JM_CALKOWITE>0.00</JM_CALKOWITE><JM_ZLOZONA><JMZ>szt.</JMZ><JM_PRZELICZNIK_L>1.00</JM_PRZELICZNIK_L><JM_PRZELICZNIK_M>1</JM_PRZELICZNIK_M></JM_ZLOZONA></POZYCJA><POZYCJA><LP>20</LP><TOWAR><KOD>717572</KOD><NAZWA>YF019115 KOSZ WIKLINOWY</NAZWA><OPIS/><EAN>5901138263716</EAN><SWW/><NUMER_KATALOGOWY/><MPP>0</MPP></TOWAR><STAWKA_VAT><STAWKA>23.00</STAWKA><FLAGA>2</FLAGA><ZRODLOWA>0.00</ZRODLOWA></STAWKA_VAT><CENY><CENAZCZTEREMAMIEJSCAMI>0</CENAZCZTEREMAMIEJSCAMI><POCZATKOWA_WAL_CENNIKA>8.9000</POCZATKOWA_WAL_CENNIKA><POCZATKOWA_WAL_DOKUMENTU>8.9000</POCZATKOWA_WAL_DOKUMENTU><PO_RABACIE_WAL_CENNIKA>8.1900</PO_RABACIE_WAL_CENNIKA><PO_RABACIE_PLN>8.1900</PO_RABACIE_PLN><PO_RABACIE_WAL_DOKUMENTU>8.1900</PO_RABACIE_WAL_DOKUMENTU></CENY><WALUTA><SYMBOL>PLN</SYMBOL><KURS_L>1.00</KURS_L><KURS_M>1</KURS_M></WALUTA><RABAT>8.00</RABAT><WARTOSC_NETTO>66.59</WARTOSC_NETTO><WARTOSC_BRUTTO>81.90</WARTOSC_BRUTTO><WARTOSC_NETTO_WAL>66.59</WARTOSC_NETTO_WAL><WARTOSC_BRUTTO_WAL>81.90</WARTOSC_BRUTTO_WAL><ILOSC>10.0000</ILOSC><JM>szt</JM><JM_CALKOWITE>0.00</JM_CALKOWITE><JM_ZLOZONA><JMZ>szt</JMZ><JM_PRZELICZNIK_L>1.00</JM_PRZELICZNIK_L><JM_PRZELICZNIK_M>1</JM_PRZELICZNIK_M></JM_ZLOZONA></POZYCJA><POZYCJA><LP>21</LP><TOWAR><KOD>711649</KOD><NAZWA>KOSZ Z ŁUBY DUŻY</NAZWA><OPIS/><EAN>711649</EAN><SWW/><NUMER_KATALOGOWY/><MPP>0</MPP></TOWAR><STAWKA_VAT><STAWKA>23.00</STAWKA><FLAGA>2</FLAGA><ZRODLOWA>0.00</ZRODLOWA></STAWKA_VAT><CENY><CENAZCZTEREMAMIEJSCAMI>0</CENAZCZTEREMAMIEJSCAMI><POCZATKOWA_WAL_CENNIKA>6.9000</POCZATKOWA_WAL_CENNIKA><POCZATKOWA_WAL_DOKUMENTU>6.9000</POCZATKOWA_WAL_DOKUMENTU><PO_RABACIE_WAL_CENNIKA>6.3500</PO_RABACIE_WAL_CENNIKA><PO_RABACIE_PLN>6.3500</PO_RABACIE_PLN><PO_RABACIE_WAL_DOKUMENTU>6.3500</PO_RABACIE_WAL_DOKUMENTU></CENY><WALUTA><SYMBOL>PLN</SYMBOL><KURS_L>1.00</KURS_L><KURS_M>1</KURS_M></WALUTA><RABAT>8.00</RABAT><WARTOSC_NETTO>10.33</WARTOSC_NETTO><WARTOSC_BRUTTO>12.70</WARTOSC_BRUTTO><WARTOSC_NETTO_WAL>10.33</WARTOSC_NETTO_WAL><WARTOSC_BRUTTO_WAL>12.70</WARTOSC_BRUTTO_WAL><ILOSC>2.0000</ILOSC><JM>szt</JM><JM_CALKOWITE>0.00</JM_CALKOWITE><JM_ZLOZONA><JMZ>szt</JMZ><JM_PRZELICZNIK_L>1.00</JM_PRZELICZNIK_L><JM_PRZELICZNIK_M>1</JM_PRZELICZNIK_M></JM_ZLOZONA></POZYCJA><POZYCJA><LP>22</LP><TOWAR><KOD>717414</KOD><NAZWA>KOSZ Z ŁUBY DUŻY PASTELOWY</NAZWA><OPIS/><EAN/><SWW/><NUMER_KATALOGOWY/><MPP>0</MPP></TOWAR><STAWKA_VAT><STAWKA>23.00</STAWKA><FLAGA>2</FLAGA><ZRODLOWA>0.00</ZRODLOWA></STAWKA_VAT><CENY><CENAZCZTEREMAMIEJSCAMI>0</CENAZCZTEREMAMIEJSCAMI><POCZATKOWA_WAL_CENNIKA>7.8000</POCZATKOWA_WAL_CENNIKA><POCZATKOWA_WAL_DOKUMENTU>7.8000</POCZATKOWA_WAL_DOKUMENTU><PO_RABACIE_WAL_CENNIKA>7.1800</PO_RABACIE_WAL_CENNIKA><PO_RABACIE_PLN>7.1800</PO_RABACIE_PLN><PO_RABACIE_WAL_DOKUMENTU>7.1800</PO_RABACIE_WAL_DOKUMENTU></CENY><WALUTA><SYMBOL>PLN</SYMBOL><KURS_L>1.00</KURS_L><KURS_M>1</KURS_M></WALUTA><RABAT>8.00</RABAT><WARTOSC_NETTO>23.35</WARTOSC_NETTO><WARTOSC_BRUTTO>28.72</WARTOSC_BRUTTO><WARTOSC_NETTO_WAL>23.35</WARTOSC_NETTO_WAL><WARTOSC_BRUTTO_WAL>28.72</WARTOSC_BRUTTO_WAL><ILOSC>4.0000</ILOSC><JM>szt</JM><JM_CALKOWITE>0.00</JM_CALKOWITE><JM_ZLOZONA><JMZ>szt</JMZ><JM_PRZELICZNIK_L>1.00</JM_PRZELICZNIK_L><JM_PRZELICZNIK_M>1</JM_PRZELICZNIK_M></JM_ZLOZONA></POZYCJA></POZYCJE><KAUCJE/><PLATNOSCI><PLATNOSC><FORMA>przelew</FORMA><TERMIN>2023-02-26</TERMIN><KWOTA>730.89</KWOTA><KWOTA_W_WAL_SYSTEMOWEJ>730.89</KWOTA_W_WAL_SYSTEMOWEJ><WALUTA><SYMBOL/><KURS_L>1.00</KURS_L><KURS_M>1</KURS_M></WALUTA></PLATNOSC></PLATNOSCI><PLATNOSCI_KAUCJE/><TABELKA_VAT><LINIA_VAT><STAWKA_VAT><STAWKA>23.00</STAWKA><FLAGA>2</FLAGA><ZRODLOWA>0.00</ZRODLOWA></STAWKA_VAT><NETTO>594.22</NETTO><VAT>136.67</VAT><BRUTTO>730.89</BRUTTO><NETTO_WAL>594.22</NETTO_WAL><VAT_WAL>136.67</VAT_WAL><BRUTTO_WAL>730.89</BRUTTO_WAL></LINIA_VAT></TABELKA_VAT><ATRYBUTY/></DOKUMENT></ROOT>
