<?xml version="1.0" encoding="UTF-8"?>
<ROOT xmlns="http://www.cdn.com.pl/optima/dokument"><DOKUMENT><NAGLOWEK><GENERATOR>Comarch Opt!ma</GENERATOR><TYP_DOKUMENTU>302</TYP_DOKUMENTU><RODZAJ_DOKUMENTU>302004</RODZAJ_DOKUMENTU><FV_MARZA>0</FV_MARZA><FV_MARZA_RODZAJ>0</FV_MARZA_RODZAJ><NUMER_PELNY>FA/319/2023</NUMER_PELNY><DATA_DOKUMENTU>2023-01-17</DATA_DOKUMENTU><DATA_WYSTAWIENIA>2023-01-17</DATA_WYSTAWIENIA><DATA_OPERACJI>2023-01-17</DATA_OPERACJI><TERMIN_ZWROTU_KAUCJI>2023-03-18</TERMIN_ZWROTU_KAUCJI><KOREKTA>0</KOREKTA><DETAL>0</DETAL><TYP_NETTO_BRUTTO>2</TYP_NETTO_BRUTTO><RABAT>5.00</RABAT><OPIS>Dok.: FA/319/2023 (Faktura sprzedaży z wygenerowanym WZ)</OPIS><PLATNIK><KOD>BUKIETY JANA</KOD><NIP_KRAJ>PL</NIP_KRAJ><NIP>5421049354</NIP><GLN/><NAZWA>KWIACIARNIA  "BUKIETY JANA"  JAN STANKIEWICZ</NAZWA><MPP>0</MPP><ADRES><KOD_POCZTOWY>15-446</KOD_POCZTOWY><MIASTO>BIAŁYSTOK</MIASTO><ULICA>AL.PIŁSUDSKIEGO  2/A</ULICA><KRAJ>Polska</KRAJ></ADRES></PLATNIK><ODBIORCA><KOD>BUKIETY JANA</KOD><NIP_KRAJ>PL</NIP_KRAJ><NIP>5421049354</NIP><GLN/><NAZWA>KWIACIARNIA  "BUKIETY JANA"  JAN STANKIEWICZ</NAZWA><ADRES><KOD_POCZTOWY>15-446</KOD_POCZTOWY><MIASTO>BIAŁYSTOK</MIASTO><ULICA>AL.PIŁSUDSKIEGO  2/A</ULICA><KRAJ>Polska</KRAJ></ADRES></ODBIORCA><SPRZEDAWCA><NIP_KRAJ>PL</NIP_KRAJ><NIP>546-000-03-17</NIP><GLN>0000000000000</GLN><NAZWA>P.H.U. "KROKUS" HURTOWNIA KWIATÓW LESZEK WOŁKOWICZ</NAZWA><ADRES><KOD_POCZTOWY>15-257</KOD_POCZTOWY><MIASTO>BIAŁYSTOK</MIASTO><ULICA>ul. A. MICKIEWICZA 95</ULICA><KRAJ>Polska</KRAJ></ADRES><NUMER_KONTA_BANKOWEGO>22-12405211-1111000049289196</NUMER_KONTA_BANKOWEGO><NAZWA_BANKU>BANK PEKAO SA</NAZWA_BANKU></SPRZEDAWCA><KATEGORIA><KOD/><OPIS/></KATEGORIA><PLATNOSC><FORMA>przelew</FORMA><TERMIN>2023-01-31</TERMIN><MPP>0</MPP></PLATNOSC><WALUTA><SYMBOL>PLN</SYMBOL><KURS_L>1.00</KURS_L><KURS_M>1</KURS_M><PLAT_WAL_OD_PLN>0</PLAT_WAL_OD_PLN><KURS_NUMER>3</KURS_NUMER><KURS_DATA>2023-01-17</KURS_DATA></WALUTA><KWOTY><RAZEM_NETTO_WAL>191.48</RAZEM_NETTO_WAL><RAZEM_NETTO>191.48</RAZEM_NETTO><RAZEM_BRUTTO>235.52</RAZEM_BRUTTO><RAZEM_VAT>44.04</RAZEM_VAT></KWOTY><MAGAZYN_ZRODLOWY>MAGAZYN</MAGAZYN_ZRODLOWY><MAGAZYN_DOCELOWY/><KAUCJE_PLATNOSCI>0</KAUCJE_PLATNOSCI><BLOKADA_PLATNOSCI>0</BLOKADA_PLATNOSCI><VAT_DLA_DOK_WAL>0</VAT_DLA_DOK_WAL><TRYB_NETTO_VAT>0</TRYB_NETTO_VAT><STATUS_PLATNIKA>0</STATUS_PLATNIKA><ROZLICZAM_PODATEK_W_OSS>0</ROZLICZAM_PODATEK_W_OSS></NAGLOWEK><POZYCJE><POZYCJA><LP>1</LP><TOWAR><KOD>504054</KOD><NAZWA>DRUT OZDOBNY KILOGRAMOWY (grubość 0,5 - 1,8)</NAZWA><OPIS/><EAN>504054</EAN><SWW/><NUMER_KATALOGOWY/><MPP>0</MPP></TOWAR><STAWKA_VAT><STAWKA>23.00</STAWKA><FLAGA>2</FLAGA><ZRODLOWA>0.00</ZRODLOWA></STAWKA_VAT><CENY><CENAZCZTEREMAMIEJSCAMI>0</CENAZCZTEREMAMIEJSCAMI><POCZATKOWA_WAL_CENNIKA>18.5000</POCZATKOWA_WAL_CENNIKA><POCZATKOWA_WAL_DOKUMENTU>18.5000</POCZATKOWA_WAL_DOKUMENTU><PO_RABACIE_WAL_CENNIKA>17.5800</PO_RABACIE_WAL_CENNIKA><PO_RABACIE_PLN>17.5800</PO_RABACIE_PLN><PO_RABACIE_WAL_DOKUMENTU>17.5800</PO_RABACIE_WAL_DOKUMENTU></CENY><WALUTA><SYMBOL>PLN</SYMBOL><KURS_L>1.00</KURS_L><KURS_M>1</KURS_M></WALUTA><RABAT>5.00</RABAT><WARTOSC_NETTO>142.93</WARTOSC_NETTO><WARTOSC_BRUTTO>175.80</WARTOSC_BRUTTO><WARTOSC_NETTO_WAL>142.93</WARTOSC_NETTO_WAL><WARTOSC_BRUTTO_WAL>175.80</WARTOSC_BRUTTO_WAL><ILOSC>10.0000</ILOSC><JM>kg</JM><JM_CALKOWITE>0.00</JM_CALKOWITE><JM_ZLOZONA><JMZ>kg</JMZ><JM_PRZELICZNIK_L>1.00</JM_PRZELICZNIK_L><JM_PRZELICZNIK_M>1</JM_PRZELICZNIK_M></JM_ZLOZONA></POZYCJA><POZYCJA><LP>2</LP><TOWAR><KOD>402099</KOD><NAZWA>TAŚMA FLORYSTYCZNA BRĄZOWA 13MM</NAZWA><OPIS/><EAN>4000510997131</EAN><SWW/><NUMER_KATALOGOWY/><MPP>0</MPP></TOWAR><STAWKA_VAT><STAWKA>23.00</STAWKA><FLAGA>2</FLAGA><ZRODLOWA>0.00</ZRODLOWA></STAWKA_VAT><CENY><CENAZCZTEREMAMIEJSCAMI>0</CENAZCZTEREMAMIEJSCAMI><POCZATKOWA_WAL_CENNIKA>16.0000</POCZATKOWA_WAL_CENNIKA><POCZATKOWA_WAL_DOKUMENTU>16.0000</POCZATKOWA_WAL_DOKUMENTU><PO_RABACIE_WAL_CENNIKA>15.2000</PO_RABACIE_WAL_CENNIKA><PO_RABACIE_PLN>15.2000</PO_RABACIE_PLN><PO_RABACIE_WAL_DOKUMENTU>15.2000</PO_RABACIE_WAL_DOKUMENTU></CENY><WALUTA><SYMBOL>PLN</SYMBOL><KURS_L>1.00</KURS_L><KURS_M>1</KURS_M></WALUTA><RABAT>5.00</RABAT><WARTOSC_NETTO>12.36</WARTOSC_NETTO><WARTOSC_BRUTTO>15.20</WARTOSC_BRUTTO><WARTOSC_NETTO_WAL>12.36</WARTOSC_NETTO_WAL><WARTOSC_BRUTTO_WAL>15.20</WARTOSC_BRUTTO_WAL><ILOSC>1.0000</ILOSC><JM>op.</JM><JM_CALKOWITE>0.00</JM_CALKOWITE><JM_ZLOZONA><JMZ>op.</JMZ><JM_PRZELICZNIK_L>1.00</JM_PRZELICZNIK_L><JM_PRZELICZNIK_M>1</JM_PRZELICZNIK_M></JM_ZLOZONA></POZYCJA><POZYCJA><LP>3</LP><TOWAR><KOD>501389</KOD><NAZWA>DRUT NA  KOŁECZKU ŻARZONY - 100g (0,7mm x 70m)</NAZWA><OPIS/><EAN>501389</EAN><SWW/><NUMER_KATALOGOWY/><MPP>0</MPP></TOWAR><STAWKA_VAT><STAWKA>23.00</STAWKA><FLAGA>2</FLAGA><ZRODLOWA>0.00</ZRODLOWA></STAWKA_VAT><CENY><CENAZCZTEREMAMIEJSCAMI>0</CENAZCZTEREMAMIEJSCAMI><POCZATKOWA_WAL_CENNIKA>1.9000</POCZATKOWA_WAL_CENNIKA><POCZATKOWA_WAL_DOKUMENTU>1.9000</POCZATKOWA_WAL_DOKUMENTU><PO_RABACIE_WAL_CENNIKA>1.8100</PO_RABACIE_WAL_CENNIKA><PO_RABACIE_PLN>1.8100</PO_RABACIE_PLN><PO_RABACIE_WAL_DOKUMENTU>1.8100</PO_RABACIE_WAL_DOKUMENTU></CENY><WALUTA><SYMBOL>PLN</SYMBOL><KURS_L>1.00</KURS_L><KURS_M>1</KURS_M></WALUTA><RABAT>5.00</RABAT><WARTOSC_NETTO>17.66</WARTOSC_NETTO><WARTOSC_BRUTTO>21.72</WARTOSC_BRUTTO><WARTOSC_NETTO_WAL>17.66</WARTOSC_NETTO_WAL><WARTOSC_BRUTTO_WAL>21.72</WARTOSC_BRUTTO_WAL><ILOSC>12.0000</ILOSC><JM>szt.</JM><JM_CALKOWITE>0.00</JM_CALKOWITE><JM_ZLOZONA><JMZ>szt.</JMZ><JM_PRZELICZNIK_L>1.00</JM_PRZELICZNIK_L><JM_PRZELICZNIK_M>1</JM_PRZELICZNIK_M></JM_ZLOZONA></POZYCJA><POZYCJA><LP>4</LP><TOWAR><KOD>501528</KOD><NAZWA>DRUT NA KOŁECZKU ZIELONY - 100g (0,7mm x 70m)</NAZWA><OPIS/><EAN>501528</EAN><SWW/><NUMER_KATALOGOWY/><MPP>0</MPP></TOWAR><STAWKA_VAT><STAWKA>23.00</STAWKA><FLAGA>2</FLAGA><ZRODLOWA>0.00</ZRODLOWA></STAWKA_VAT><CENY><CENAZCZTEREMAMIEJSCAMI>0</CENAZCZTEREMAMIEJSCAMI><POCZATKOWA_WAL_CENNIKA>2.0000</POCZATKOWA_WAL_CENNIKA><POCZATKOWA_WAL_DOKUMENTU>2.0000</POCZATKOWA_WAL_DOKUMENTU><PO_RABACIE_WAL_CENNIKA>1.9000</PO_RABACIE_WAL_CENNIKA><PO_RABACIE_PLN>1.9000</PO_RABACIE_PLN><PO_RABACIE_WAL_DOKUMENTU>1.9000</PO_RABACIE_WAL_DOKUMENTU></CENY><WALUTA><SYMBOL>PLN</SYMBOL><KURS_L>1.00</KURS_L><KURS_M>1</KURS_M></WALUTA><RABAT>5.00</RABAT><WARTOSC_NETTO>18.54</WARTOSC_NETTO><WARTOSC_BRUTTO>22.80</WARTOSC_BRUTTO><WARTOSC_NETTO_WAL>18.54</WARTOSC_NETTO_WAL><WARTOSC_BRUTTO_WAL>22.80</WARTOSC_BRUTTO_WAL><ILOSC>12.0000</ILOSC><JM>szt.</JM><JM_CALKOWITE>0.00</JM_CALKOWITE><JM_ZLOZONA><JMZ>szt.</JMZ><JM_PRZELICZNIK_L>1.00</JM_PRZELICZNIK_L><JM_PRZELICZNIK_M>1</JM_PRZELICZNIK_M></JM_ZLOZONA></POZYCJA></POZYCJE><KAUCJE/><PLATNOSCI><PLATNOSC><FORMA>przelew</FORMA><TERMIN>2023-01-31</TERMIN><KWOTA>235.52</KWOTA><KWOTA_W_WAL_SYSTEMOWEJ>235.52</KWOTA_W_WAL_SYSTEMOWEJ><WALUTA><SYMBOL/><KURS_L>1.00</KURS_L><KURS_M>1</KURS_M></WALUTA></PLATNOSC></PLATNOSCI><PLATNOSCI_KAUCJE/><TABELKA_VAT><LINIA_VAT><STAWKA_VAT><STAWKA>23.00</STAWKA><FLAGA>2</FLAGA><ZRODLOWA>0.00</ZRODLOWA></STAWKA_VAT><NETTO>191.48</NETTO><VAT>44.04</VAT><BRUTTO>235.52</BRUTTO><NETTO_WAL>191.48</NETTO_WAL><VAT_WAL>44.04</VAT_WAL><BRUTTO_WAL>235.52</BRUTTO_WAL></LINIA_VAT></TABELKA_VAT><ATRYBUTY/></DOKUMENT></ROOT>
