<?xml version="1.0" encoding="UTF-8"?>
<ROOT xmlns="http://www.cdn.com.pl/optima/dokument"><DOKUMENT><NAGLOWEK><GENERATOR>Comarch Opt!ma</GENERATOR><TYP_DOKUMENTU>302</TYP_DOKUMENTU><RODZAJ_DOKUMENTU>302004</RODZAJ_DOKUMENTU><FV_MARZA>0</FV_MARZA><FV_MARZA_RODZAJ>0</FV_MARZA_RODZAJ><NUMER_PELNY>FA/361/2023</NUMER_PELNY><DATA_DOKUMENTU>2023-01-18</DATA_DOKUMENTU><DATA_WYSTAWIENIA>2023-01-18</DATA_WYSTAWIENIA><DATA_OPERACJI>2023-01-18</DATA_OPERACJI><TERMIN_ZWROTU_KAUCJI>2023-03-19</TERMIN_ZWROTU_KAUCJI><KOREKTA>0</KOREKTA><DETAL>0</DETAL><TYP_NETTO_BRUTTO>2</TYP_NETTO_BRUTTO><RABAT>5.00</RABAT><OPIS>Dok.: FA/361/2023 (Faktura sprzedaży z wygenerowanym WZ)</OPIS><PLATNIK><KOD>IWA BIAŁOWIEŻA</KOD><NIP_KRAJ>PL</NIP_KRAJ><NIP>5431848708</NIP><GLN/><NAZWA>IWA SP.Z O.O.</NAZWA><MPP>0</MPP><ADRES><KOD_POCZTOWY>17-230</KOD_POCZTOWY><MIASTO>BIAŁOWIEŻA</MIASTO><ULICA>ul.PAŁACOWA 6</ULICA><KRAJ>Polska</KRAJ></ADRES></PLATNIK><ODBIORCA><KOD>IWA BIAŁOWIEŻA</KOD><NIP_KRAJ>PL</NIP_KRAJ><NIP>5431848708</NIP><GLN/><NAZWA>IWA SP.Z O.O.</NAZWA><ADRES><KOD_POCZTOWY>17-230</KOD_POCZTOWY><MIASTO>BIAŁOWIEŻA</MIASTO><ULICA>ul.PAŁACOWA 6</ULICA><KRAJ>Polska</KRAJ></ADRES></ODBIORCA><SPRZEDAWCA><NIP_KRAJ>PL</NIP_KRAJ><NIP>546-000-03-17</NIP><GLN>0000000000000</GLN><NAZWA>P.H.U. "KROKUS" HURTOWNIA KWIATÓW LESZEK WOŁKOWICZ</NAZWA><ADRES><KOD_POCZTOWY>15-257</KOD_POCZTOWY><MIASTO>BIAŁYSTOK</MIASTO><ULICA>ul. A. MICKIEWICZA 95</ULICA><KRAJ>Polska</KRAJ></ADRES><NUMER_KONTA_BANKOWEGO>22-12405211-1111000049289196</NUMER_KONTA_BANKOWEGO><NAZWA_BANKU>BANK PEKAO SA</NAZWA_BANKU></SPRZEDAWCA><KATEGORIA><KOD/><OPIS/></KATEGORIA><PLATNOSC><FORMA>przelew</FORMA><TERMIN>2023-02-01</TERMIN><MPP>0</MPP></PLATNOSC><WALUTA><SYMBOL>PLN</SYMBOL><KURS_L>1.00</KURS_L><KURS_M>1</KURS_M><PLAT_WAL_OD_PLN>0</PLAT_WAL_OD_PLN><KURS_NUMER>3</KURS_NUMER><KURS_DATA>2023-01-18</KURS_DATA></WALUTA><KWOTY><RAZEM_NETTO_WAL>172.08</RAZEM_NETTO_WAL><RAZEM_NETTO>172.08</RAZEM_NETTO><RAZEM_BRUTTO>211.66</RAZEM_BRUTTO><RAZEM_VAT>39.58</RAZEM_VAT></KWOTY><MAGAZYN_ZRODLOWY>MAGAZYN</MAGAZYN_ZRODLOWY><MAGAZYN_DOCELOWY/><KAUCJE_PLATNOSCI>0</KAUCJE_PLATNOSCI><BLOKADA_PLATNOSCI>0</BLOKADA_PLATNOSCI><VAT_DLA_DOK_WAL>0</VAT_DLA_DOK_WAL><TRYB_NETTO_VAT>0</TRYB_NETTO_VAT><STATUS_PLATNIKA>0</STATUS_PLATNIKA><ROZLICZAM_PODATEK_W_OSS>0</ROZLICZAM_PODATEK_W_OSS></NAGLOWEK><POZYCJE><POZYCJA><LP>1</LP><TOWAR><KOD>401084</KOD><NAZWA>CYLINDER VICTORIA - SUCHY - 8cm</NAZWA><OPIS/><EAN>401084</EAN><SWW/><NUMER_KATALOGOWY/><MPP>0</MPP></TOWAR><STAWKA_VAT><STAWKA>23.00</STAWKA><FLAGA>2</FLAGA><ZRODLOWA>0.00</ZRODLOWA></STAWKA_VAT><CENY><CENAZCZTEREMAMIEJSCAMI>0</CENAZCZTEREMAMIEJSCAMI><POCZATKOWA_WAL_CENNIKA>1.4000</POCZATKOWA_WAL_CENNIKA><POCZATKOWA_WAL_DOKUMENTU>1.4000</POCZATKOWA_WAL_DOKUMENTU><PO_RABACIE_WAL_CENNIKA>1.3300</PO_RABACIE_WAL_CENNIKA><PO_RABACIE_PLN>1.3300</PO_RABACIE_PLN><PO_RABACIE_WAL_DOKUMENTU>1.3300</PO_RABACIE_WAL_DOKUMENTU></CENY><WALUTA><SYMBOL>PLN</SYMBOL><KURS_L>1.00</KURS_L><KURS_M>1</KURS_M></WALUTA><RABAT>5.00</RABAT><WARTOSC_NETTO>35.68</WARTOSC_NETTO><WARTOSC_BRUTTO>43.89</WARTOSC_BRUTTO><WARTOSC_NETTO_WAL>35.68</WARTOSC_NETTO_WAL><WARTOSC_BRUTTO_WAL>43.89</WARTOSC_BRUTTO_WAL><ILOSC>33.0000</ILOSC><JM>szt</JM><JM_CALKOWITE>0.00</JM_CALKOWITE><JM_ZLOZONA><JMZ>szt</JMZ><JM_PRZELICZNIK_L>1.00</JM_PRZELICZNIK_L><JM_PRZELICZNIK_M>1</JM_PRZELICZNIK_M></JM_ZLOZONA></POZYCJA><POZYCJA><LP>2</LP><TOWAR><KOD>401014</KOD><NAZWA>GĄBKA NORMAL - SUCHA - 23cm x 11cm x 7cm</NAZWA><OPIS/><EAN>5906031123068</EAN><SWW/><NUMER_KATALOGOWY/><MPP>0</MPP></TOWAR><STAWKA_VAT><STAWKA>23.00</STAWKA><FLAGA>2</FLAGA><ZRODLOWA>0.00</ZRODLOWA></STAWKA_VAT><CENY><CENAZCZTEREMAMIEJSCAMI>0</CENAZCZTEREMAMIEJSCAMI><POCZATKOWA_WAL_CENNIKA>3.4000</POCZATKOWA_WAL_CENNIKA><POCZATKOWA_WAL_DOKUMENTU>3.4000</POCZATKOWA_WAL_DOKUMENTU><PO_RABACIE_WAL_CENNIKA>3.2300</PO_RABACIE_WAL_CENNIKA><PO_RABACIE_PLN>3.2300</PO_RABACIE_PLN><PO_RABACIE_WAL_DOKUMENTU>3.2300</PO_RABACIE_WAL_DOKUMENTU></CENY><WALUTA><SYMBOL>PLN</SYMBOL><KURS_L>1.00</KURS_L><KURS_M>1</KURS_M></WALUTA><RABAT>5.00</RABAT><WARTOSC_NETTO>28.89</WARTOSC_NETTO><WARTOSC_BRUTTO>35.53</WARTOSC_BRUTTO><WARTOSC_NETTO_WAL>28.89</WARTOSC_NETTO_WAL><WARTOSC_BRUTTO_WAL>35.53</WARTOSC_BRUTTO_WAL><ILOSC>11.0000</ILOSC><JM>szt</JM><JM_CALKOWITE>0.00</JM_CALKOWITE><JM_ZLOZONA><JMZ>szt</JMZ><JM_PRZELICZNIK_L>1.00</JM_PRZELICZNIK_L><JM_PRZELICZNIK_M>1</JM_PRZELICZNIK_M></JM_ZLOZONA></POZYCJA><POZYCJA><LP>3</LP><TOWAR><KOD>801619</KOD><NAZWA>ŚWIECA PODGRZEWACZ MAXI 20SZ/OP</NAZWA><OPIS/><EAN>5906927016030</EAN><SWW/><NUMER_KATALOGOWY/><MPP>0</MPP></TOWAR><STAWKA_VAT><STAWKA>23.00</STAWKA><FLAGA>2</FLAGA><ZRODLOWA>0.00</ZRODLOWA></STAWKA_VAT><CENY><CENAZCZTEREMAMIEJSCAMI>0</CENAZCZTEREMAMIEJSCAMI><POCZATKOWA_WAL_CENNIKA>23.2000</POCZATKOWA_WAL_CENNIKA><POCZATKOWA_WAL_DOKUMENTU>23.2000</POCZATKOWA_WAL_DOKUMENTU><PO_RABACIE_WAL_CENNIKA>22.0400</PO_RABACIE_WAL_CENNIKA><PO_RABACIE_PLN>22.0400</PO_RABACIE_PLN><PO_RABACIE_WAL_DOKUMENTU>22.0400</PO_RABACIE_WAL_DOKUMENTU></CENY><WALUTA><SYMBOL>PLN</SYMBOL><KURS_L>1.00</KURS_L><KURS_M>1</KURS_M></WALUTA><RABAT>5.00</RABAT><WARTOSC_NETTO>107.51</WARTOSC_NETTO><WARTOSC_BRUTTO>132.24</WARTOSC_BRUTTO><WARTOSC_NETTO_WAL>107.51</WARTOSC_NETTO_WAL><WARTOSC_BRUTTO_WAL>132.24</WARTOSC_BRUTTO_WAL><ILOSC>6.0000</ILOSC><JM>op.</JM><JM_CALKOWITE>0.00</JM_CALKOWITE><JM_ZLOZONA><JMZ>op.</JMZ><JM_PRZELICZNIK_L>1.00</JM_PRZELICZNIK_L><JM_PRZELICZNIK_M>1</JM_PRZELICZNIK_M></JM_ZLOZONA></POZYCJA></POZYCJE><KAUCJE/><PLATNOSCI><PLATNOSC><FORMA>przelew</FORMA><TERMIN>2023-02-01</TERMIN><KWOTA>211.66</KWOTA><KWOTA_W_WAL_SYSTEMOWEJ>211.66</KWOTA_W_WAL_SYSTEMOWEJ><WALUTA><SYMBOL/><KURS_L>1.00</KURS_L><KURS_M>1</KURS_M></WALUTA></PLATNOSC></PLATNOSCI><PLATNOSCI_KAUCJE/><TABELKA_VAT><LINIA_VAT><STAWKA_VAT><STAWKA>23.00</STAWKA><FLAGA>2</FLAGA><ZRODLOWA>0.00</ZRODLOWA></STAWKA_VAT><NETTO>172.08</NETTO><VAT>39.58</VAT><BRUTTO>211.66</BRUTTO><NETTO_WAL>172.08</NETTO_WAL><VAT_WAL>39.58</VAT_WAL><BRUTTO_WAL>211.66</BRUTTO_WAL></LINIA_VAT></TABELKA_VAT><ATRYBUTY/></DOKUMENT></ROOT>
