<?xml version="1.0" encoding="UTF-8"?>
<ROOT xmlns="http://www.cdn.com.pl/optima/dokument"><DOKUMENT><NAGLOWEK><GENERATOR>Comarch Opt!ma</GENERATOR><TYP_DOKUMENTU>302</TYP_DOKUMENTU><RODZAJ_DOKUMENTU>302004</RODZAJ_DOKUMENTU><FV_MARZA>0</FV_MARZA><FV_MARZA_RODZAJ>0</FV_MARZA_RODZAJ><NUMER_PELNY>FA/3/2023</NUMER_PELNY><DATA_DOKUMENTU>2023-01-02</DATA_DOKUMENTU><DATA_WYSTAWIENIA>2023-01-02</DATA_WYSTAWIENIA><DATA_OPERACJI>2023-01-02</DATA_OPERACJI><TERMIN_ZWROTU_KAUCJI>2023-03-03</TERMIN_ZWROTU_KAUCJI><KOREKTA>0</KOREKTA><DETAL>0</DETAL><TYP_NETTO_BRUTTO>2</TYP_NETTO_BRUTTO><RABAT>9.48</RABAT><OPIS>Dok.: FA/3/2023 (Faktura sprzedaży z wygenerowanym WZ)</OPIS><PLATNIK><KOD>STYLOWY DOM NOWY</KOD><NIP_KRAJ/><NIP>9661668231</NIP><GLN/><NAZWA>Karolina Gasperska Stylowy Dom - dekoracje i dodatki</NAZWA><MPP>0</MPP><ADRES><KOD_POCZTOWY>15-157</KOD_POCZTOWY><MIASTO>Białystok</MIASTO><ULICA>UL.Szmaragdowa 16</ULICA><KRAJ>Polska</KRAJ></ADRES></PLATNIK><ODBIORCA><KOD>STYLOWY DOM NOWY</KOD><NIP_KRAJ/><NIP>9661668231</NIP><GLN/><NAZWA>Karolina Gasperska Stylowy Dom - dekoracje i dodatki</NAZWA><ADRES><KOD_POCZTOWY>15-157</KOD_POCZTOWY><MIASTO>Białystok</MIASTO><ULICA>UL.Szmaragdowa 16</ULICA><KRAJ>Polska</KRAJ></ADRES></ODBIORCA><SPRZEDAWCA><NIP_KRAJ>PL</NIP_KRAJ><NIP>546-000-03-17</NIP><GLN>0000000000000</GLN><NAZWA>P.H.U. "KROKUS" HURTOWNIA KWIATÓW LESZEK WOŁKOWICZ</NAZWA><ADRES><KOD_POCZTOWY>15-257</KOD_POCZTOWY><MIASTO>BIAŁYSTOK</MIASTO><ULICA>ul. A. MICKIEWICZA 95</ULICA><KRAJ>Polska</KRAJ></ADRES><NUMER_KONTA_BANKOWEGO>22-12405211-1111000049289196</NUMER_KONTA_BANKOWEGO><NAZWA_BANKU>BANK PEKAO SA</NAZWA_BANKU></SPRZEDAWCA><KATEGORIA><KOD/><OPIS/></KATEGORIA><PLATNOSC><FORMA>przelew</FORMA><TERMIN>2023-01-16</TERMIN><MPP>0</MPP></PLATNOSC><WALUTA><SYMBOL>PLN</SYMBOL><KURS_L>1.00</KURS_L><KURS_M>1</KURS_M><PLAT_WAL_OD_PLN>0</PLAT_WAL_OD_PLN><KURS_NUMER>3</KURS_NUMER><KURS_DATA>2023-01-02</KURS_DATA></WALUTA><KWOTY><RAZEM_NETTO_WAL>924.50</RAZEM_NETTO_WAL><RAZEM_NETTO>924.50</RAZEM_NETTO><RAZEM_BRUTTO>1137.13</RAZEM_BRUTTO><RAZEM_VAT>212.63</RAZEM_VAT></KWOTY><MAGAZYN_ZRODLOWY>MAGAZYN</MAGAZYN_ZRODLOWY><MAGAZYN_DOCELOWY/><KAUCJE_PLATNOSCI>0</KAUCJE_PLATNOSCI><BLOKADA_PLATNOSCI>0</BLOKADA_PLATNOSCI><VAT_DLA_DOK_WAL>0</VAT_DLA_DOK_WAL><TRYB_NETTO_VAT>0</TRYB_NETTO_VAT><STATUS_PLATNIKA>0</STATUS_PLATNIKA><ROZLICZAM_PODATEK_W_OSS>0</ROZLICZAM_PODATEK_W_OSS></NAGLOWEK><POZYCJE><POZYCJA><LP>1</LP><TOWAR><KOD>802242</KOD><NAZWA>ŚWIECA ZAPACH - ZIELONA HERBATA </NAZWA><OPIS/><EAN>5906927027302</EAN><SWW/><NUMER_KATALOGOWY/><MPP>0</MPP></TOWAR><STAWKA_VAT><STAWKA>23.00</STAWKA><FLAGA>2</FLAGA><ZRODLOWA>0.00</ZRODLOWA></STAWKA_VAT><CENY><CENAZCZTEREMAMIEJSCAMI>0</CENAZCZTEREMAMIEJSCAMI><POCZATKOWA_WAL_CENNIKA>27.0000</POCZATKOWA_WAL_CENNIKA><POCZATKOWA_WAL_DOKUMENTU>27.0000</POCZATKOWA_WAL_DOKUMENTU><PO_RABACIE_WAL_CENNIKA>25.6500</PO_RABACIE_WAL_CENNIKA><PO_RABACIE_PLN>25.6500</PO_RABACIE_PLN><PO_RABACIE_WAL_DOKUMENTU>25.6500</PO_RABACIE_WAL_DOKUMENTU></CENY><WALUTA><SYMBOL>PLN</SYMBOL><KURS_L>1.00</KURS_L><KURS_M>1</KURS_M></WALUTA><RABAT>5.00</RABAT><WARTOSC_NETTO>20.85</WARTOSC_NETTO><WARTOSC_BRUTTO>25.65</WARTOSC_BRUTTO><WARTOSC_NETTO_WAL>20.85</WARTOSC_NETTO_WAL><WARTOSC_BRUTTO_WAL>25.65</WARTOSC_BRUTTO_WAL><ILOSC>1.0000</ILOSC><JM>szt</JM><JM_CALKOWITE>0.00</JM_CALKOWITE><JM_ZLOZONA><JMZ>szt</JMZ><JM_PRZELICZNIK_L>1.00</JM_PRZELICZNIK_L><JM_PRZELICZNIK_M>1</JM_PRZELICZNIK_M></JM_ZLOZONA></POZYCJA><POZYCJA><LP>2</LP><TOWAR><KOD>803235</KOD><NAZWA>ŚWIECA ZAPACHOWA OGRÓD SPA</NAZWA><OPIS/><EAN>5906927031477</EAN><SWW/><NUMER_KATALOGOWY/><MPP>0</MPP></TOWAR><STAWKA_VAT><STAWKA>23.00</STAWKA><FLAGA>2</FLAGA><ZRODLOWA>0.00</ZRODLOWA></STAWKA_VAT><CENY><CENAZCZTEREMAMIEJSCAMI>0</CENAZCZTEREMAMIEJSCAMI><POCZATKOWA_WAL_CENNIKA>27.0000</POCZATKOWA_WAL_CENNIKA><POCZATKOWA_WAL_DOKUMENTU>27.0000</POCZATKOWA_WAL_DOKUMENTU><PO_RABACIE_WAL_CENNIKA>25.6500</PO_RABACIE_WAL_CENNIKA><PO_RABACIE_PLN>25.6500</PO_RABACIE_PLN><PO_RABACIE_WAL_DOKUMENTU>25.6500</PO_RABACIE_WAL_DOKUMENTU></CENY><WALUTA><SYMBOL>PLN</SYMBOL><KURS_L>1.00</KURS_L><KURS_M>1</KURS_M></WALUTA><RABAT>5.00</RABAT><WARTOSC_NETTO>20.85</WARTOSC_NETTO><WARTOSC_BRUTTO>25.65</WARTOSC_BRUTTO><WARTOSC_NETTO_WAL>20.85</WARTOSC_NETTO_WAL><WARTOSC_BRUTTO_WAL>25.65</WARTOSC_BRUTTO_WAL><ILOSC>1.0000</ILOSC><JM>szt</JM><JM_CALKOWITE>0.00</JM_CALKOWITE><JM_ZLOZONA><JMZ>szt</JMZ><JM_PRZELICZNIK_L>1.00</JM_PRZELICZNIK_L><JM_PRZELICZNIK_M>1</JM_PRZELICZNIK_M></JM_ZLOZONA></POZYCJA><POZYCJA><LP>3</LP><TOWAR><KOD>803597</KOD><NAZWA>ŚWIECA ZAPACHOWA MIĘTA OGRODOWA- AWOKADO</NAZWA><OPIS/><EAN>5906927045887</EAN><SWW/><NUMER_KATALOGOWY/><MPP>0</MPP></TOWAR><STAWKA_VAT><STAWKA>23.00</STAWKA><FLAGA>2</FLAGA><ZRODLOWA>0.00</ZRODLOWA></STAWKA_VAT><CENY><CENAZCZTEREMAMIEJSCAMI>0</CENAZCZTEREMAMIEJSCAMI><POCZATKOWA_WAL_CENNIKA>27.0000</POCZATKOWA_WAL_CENNIKA><POCZATKOWA_WAL_DOKUMENTU>27.0000</POCZATKOWA_WAL_DOKUMENTU><PO_RABACIE_WAL_CENNIKA>25.6500</PO_RABACIE_WAL_CENNIKA><PO_RABACIE_PLN>25.6500</PO_RABACIE_PLN><PO_RABACIE_WAL_DOKUMENTU>25.6500</PO_RABACIE_WAL_DOKUMENTU></CENY><WALUTA><SYMBOL>PLN</SYMBOL><KURS_L>1.00</KURS_L><KURS_M>1</KURS_M></WALUTA><RABAT>5.00</RABAT><WARTOSC_NETTO>20.85</WARTOSC_NETTO><WARTOSC_BRUTTO>25.65</WARTOSC_BRUTTO><WARTOSC_NETTO_WAL>20.85</WARTOSC_NETTO_WAL><WARTOSC_BRUTTO_WAL>25.65</WARTOSC_BRUTTO_WAL><ILOSC>1.0000</ILOSC><JM>szt</JM><JM_CALKOWITE>0.00</JM_CALKOWITE><JM_ZLOZONA><JMZ>szt</JMZ><JM_PRZELICZNIK_L>1.00</JM_PRZELICZNIK_L><JM_PRZELICZNIK_M>1</JM_PRZELICZNIK_M></JM_ZLOZONA></POZYCJA><POZYCJA><LP>4</LP><TOWAR><KOD>665936</KOD><NAZWA>KUBEK NA STOPCE VINTAGE FLOWERS - WHITE </NAZWA><OPIS/><EAN>5902693922810</EAN><SWW/><NUMER_KATALOGOWY/><MPP>0</MPP></TOWAR><STAWKA_VAT><STAWKA>23.00</STAWKA><FLAGA>2</FLAGA><ZRODLOWA>0.00</ZRODLOWA></STAWKA_VAT><CENY><CENAZCZTEREMAMIEJSCAMI>0</CENAZCZTEREMAMIEJSCAMI><POCZATKOWA_WAL_CENNIKA>28.9000</POCZATKOWA_WAL_CENNIKA><POCZATKOWA_WAL_DOKUMENTU>28.9000</POCZATKOWA_WAL_DOKUMENTU><PO_RABACIE_WAL_CENNIKA>27.4600</PO_RABACIE_WAL_CENNIKA><PO_RABACIE_PLN>27.4600</PO_RABACIE_PLN><PO_RABACIE_WAL_DOKUMENTU>27.4600</PO_RABACIE_WAL_DOKUMENTU></CENY><WALUTA><SYMBOL>PLN</SYMBOL><KURS_L>1.00</KURS_L><KURS_M>1</KURS_M></WALUTA><RABAT>5.00</RABAT><WARTOSC_NETTO>22.33</WARTOSC_NETTO><WARTOSC_BRUTTO>27.46</WARTOSC_BRUTTO><WARTOSC_NETTO_WAL>22.33</WARTOSC_NETTO_WAL><WARTOSC_BRUTTO_WAL>27.46</WARTOSC_BRUTTO_WAL><ILOSC>1.0000</ILOSC><JM>szt</JM><JM_CALKOWITE>0.00</JM_CALKOWITE><JM_ZLOZONA><JMZ>szt</JMZ><JM_PRZELICZNIK_L>1.00</JM_PRZELICZNIK_L><JM_PRZELICZNIK_M>1</JM_PRZELICZNIK_M></JM_ZLOZONA></POZYCJA><POZYCJA><LP>5</LP><TOWAR><KOD>664622</KOD><NAZWA>KUBEK NA STOPCE SECESJA</NAZWA><OPIS/><EAN>5902693924982</EAN><SWW/><NUMER_KATALOGOWY/><MPP>0</MPP></TOWAR><STAWKA_VAT><STAWKA>23.00</STAWKA><FLAGA>2</FLAGA><ZRODLOWA>0.00</ZRODLOWA></STAWKA_VAT><CENY><CENAZCZTEREMAMIEJSCAMI>0</CENAZCZTEREMAMIEJSCAMI><POCZATKOWA_WAL_CENNIKA>28.9000</POCZATKOWA_WAL_CENNIKA><POCZATKOWA_WAL_DOKUMENTU>28.9000</POCZATKOWA_WAL_DOKUMENTU><PO_RABACIE_WAL_CENNIKA>27.4600</PO_RABACIE_WAL_CENNIKA><PO_RABACIE_PLN>27.4600</PO_RABACIE_PLN><PO_RABACIE_WAL_DOKUMENTU>27.4600</PO_RABACIE_WAL_DOKUMENTU></CENY><WALUTA><SYMBOL>PLN</SYMBOL><KURS_L>1.00</KURS_L><KURS_M>1</KURS_M></WALUTA><RABAT>5.00</RABAT><WARTOSC_NETTO>22.33</WARTOSC_NETTO><WARTOSC_BRUTTO>27.46</WARTOSC_BRUTTO><WARTOSC_NETTO_WAL>22.33</WARTOSC_NETTO_WAL><WARTOSC_BRUTTO_WAL>27.46</WARTOSC_BRUTTO_WAL><ILOSC>1.0000</ILOSC><JM>szt.</JM><JM_CALKOWITE>0.00</JM_CALKOWITE><JM_ZLOZONA><JMZ>szt.</JMZ><JM_PRZELICZNIK_L>1.00</JM_PRZELICZNIK_L><JM_PRZELICZNIK_M>1</JM_PRZELICZNIK_M></JM_ZLOZONA></POZYCJA><POZYCJA><LP>6</LP><TOWAR><KOD>665287</KOD><NAZWA>KUBEK RETRO 480ML SOWA ETNO</NAZWA><OPIS/><EAN>5902693930105</EAN><SWW/><NUMER_KATALOGOWY/><MPP>0</MPP></TOWAR><STAWKA_VAT><STAWKA>23.00</STAWKA><FLAGA>2</FLAGA><ZRODLOWA>0.00</ZRODLOWA></STAWKA_VAT><CENY><CENAZCZTEREMAMIEJSCAMI>0</CENAZCZTEREMAMIEJSCAMI><POCZATKOWA_WAL_CENNIKA>30.6000</POCZATKOWA_WAL_CENNIKA><POCZATKOWA_WAL_DOKUMENTU>30.6000</POCZATKOWA_WAL_DOKUMENTU><PO_RABACIE_WAL_CENNIKA>29.0700</PO_RABACIE_WAL_CENNIKA><PO_RABACIE_PLN>29.0700</PO_RABACIE_PLN><PO_RABACIE_WAL_DOKUMENTU>29.0700</PO_RABACIE_WAL_DOKUMENTU></CENY><WALUTA><SYMBOL>PLN</SYMBOL><KURS_L>1.00</KURS_L><KURS_M>1</KURS_M></WALUTA><RABAT>5.00</RABAT><WARTOSC_NETTO>23.63</WARTOSC_NETTO><WARTOSC_BRUTTO>29.07</WARTOSC_BRUTTO><WARTOSC_NETTO_WAL>23.63</WARTOSC_NETTO_WAL><WARTOSC_BRUTTO_WAL>29.07</WARTOSC_BRUTTO_WAL><ILOSC>1.0000</ILOSC><JM>szt</JM><JM_CALKOWITE>0.00</JM_CALKOWITE><JM_ZLOZONA><JMZ>szt</JMZ><JM_PRZELICZNIK_L>1.00</JM_PRZELICZNIK_L><JM_PRZELICZNIK_M>1</JM_PRZELICZNIK_M></JM_ZLOZONA></POZYCJA><POZYCJA><LP>7</LP><TOWAR><KOD>664616</KOD><NAZWA>2 FILIŻANKI ZE SPODKAMI 280ML WARDA </NAZWA><OPIS/><EAN>5902693928256</EAN><SWW/><NUMER_KATALOGOWY/><MPP>0</MPP></TOWAR><STAWKA_VAT><STAWKA>23.00</STAWKA><FLAGA>2</FLAGA><ZRODLOWA>0.00</ZRODLOWA></STAWKA_VAT><CENY><CENAZCZTEREMAMIEJSCAMI>0</CENAZCZTEREMAMIEJSCAMI><POCZATKOWA_WAL_CENNIKA>71.7000</POCZATKOWA_WAL_CENNIKA><POCZATKOWA_WAL_DOKUMENTU>71.7000</POCZATKOWA_WAL_DOKUMENTU><PO_RABACIE_WAL_CENNIKA>68.1200</PO_RABACIE_WAL_CENNIKA><PO_RABACIE_PLN>68.1200</PO_RABACIE_PLN><PO_RABACIE_WAL_DOKUMENTU>68.1200</PO_RABACIE_WAL_DOKUMENTU></CENY><WALUTA><SYMBOL>PLN</SYMBOL><KURS_L>1.00</KURS_L><KURS_M>1</KURS_M></WALUTA><RABAT>5.00</RABAT><WARTOSC_NETTO>55.38</WARTOSC_NETTO><WARTOSC_BRUTTO>68.12</WARTOSC_BRUTTO><WARTOSC_NETTO_WAL>55.38</WARTOSC_NETTO_WAL><WARTOSC_BRUTTO_WAL>68.12</WARTOSC_BRUTTO_WAL><ILOSC>1.0000</ILOSC><JM>szt.</JM><JM_CALKOWITE>0.00</JM_CALKOWITE><JM_ZLOZONA><JMZ>szt.</JMZ><JM_PRZELICZNIK_L>1.00</JM_PRZELICZNIK_L><JM_PRZELICZNIK_M>1</JM_PRZELICZNIK_M></JM_ZLOZONA></POZYCJA><POZYCJA><LP>8</LP><TOWAR><KOD>802244</KOD><NAZWA>ŚWIECA ZAPACH - </NAZWA><OPIS/><EAN>5906927027289</EAN><SWW/><NUMER_KATALOGOWY/><MPP>0</MPP></TOWAR><STAWKA_VAT><STAWKA>23.00</STAWKA><FLAGA>2</FLAGA><ZRODLOWA>0.00</ZRODLOWA></STAWKA_VAT><CENY><CENAZCZTEREMAMIEJSCAMI>0</CENAZCZTEREMAMIEJSCAMI><POCZATKOWA_WAL_CENNIKA>27.0000</POCZATKOWA_WAL_CENNIKA><POCZATKOWA_WAL_DOKUMENTU>27.0000</POCZATKOWA_WAL_DOKUMENTU><PO_RABACIE_WAL_CENNIKA>25.6500</PO_RABACIE_WAL_CENNIKA><PO_RABACIE_PLN>25.6500</PO_RABACIE_PLN><PO_RABACIE_WAL_DOKUMENTU>25.6500</PO_RABACIE_WAL_DOKUMENTU></CENY><WALUTA><SYMBOL>PLN</SYMBOL><KURS_L>1.00</KURS_L><KURS_M>1</KURS_M></WALUTA><RABAT>5.00</RABAT><WARTOSC_NETTO>20.85</WARTOSC_NETTO><WARTOSC_BRUTTO>25.65</WARTOSC_BRUTTO><WARTOSC_NETTO_WAL>20.85</WARTOSC_NETTO_WAL><WARTOSC_BRUTTO_WAL>25.65</WARTOSC_BRUTTO_WAL><ILOSC>1.0000</ILOSC><JM>szt</JM><JM_CALKOWITE>0.00</JM_CALKOWITE><JM_ZLOZONA><JMZ>szt</JMZ><JM_PRZELICZNIK_L>1.00</JM_PRZELICZNIK_L><JM_PRZELICZNIK_M>1</JM_PRZELICZNIK_M></JM_ZLOZONA></POZYCJA><POZYCJA><LP>9</LP><TOWAR><KOD>665931</KOD><NAZWA>KUBEK BARYŁKA 430ML MONSTERA </NAZWA><OPIS/><EAN>5902693931072</EAN><SWW/><NUMER_KATALOGOWY/><MPP>0</MPP></TOWAR><STAWKA_VAT><STAWKA>23.00</STAWKA><FLAGA>2</FLAGA><ZRODLOWA>0.00</ZRODLOWA></STAWKA_VAT><CENY><CENAZCZTEREMAMIEJSCAMI>0</CENAZCZTEREMAMIEJSCAMI><POCZATKOWA_WAL_CENNIKA>30.3000</POCZATKOWA_WAL_CENNIKA><POCZATKOWA_WAL_DOKUMENTU>30.3000</POCZATKOWA_WAL_DOKUMENTU><PO_RABACIE_WAL_CENNIKA>28.7900</PO_RABACIE_WAL_CENNIKA><PO_RABACIE_PLN>28.7900</PO_RABACIE_PLN><PO_RABACIE_WAL_DOKUMENTU>28.7900</PO_RABACIE_WAL_DOKUMENTU></CENY><WALUTA><SYMBOL>PLN</SYMBOL><KURS_L>1.00</KURS_L><KURS_M>1</KURS_M></WALUTA><RABAT>5.00</RABAT><WARTOSC_NETTO>46.81</WARTOSC_NETTO><WARTOSC_BRUTTO>57.58</WARTOSC_BRUTTO><WARTOSC_NETTO_WAL>46.81</WARTOSC_NETTO_WAL><WARTOSC_BRUTTO_WAL>57.58</WARTOSC_BRUTTO_WAL><ILOSC>2.0000</ILOSC><JM>szt</JM><JM_CALKOWITE>0.00</JM_CALKOWITE><JM_ZLOZONA><JMZ>szt</JMZ><JM_PRZELICZNIK_L>1.00</JM_PRZELICZNIK_L><JM_PRZELICZNIK_M>1</JM_PRZELICZNIK_M></JM_ZLOZONA></POZYCJA><POZYCJA><LP>10</LP><TOWAR><KOD>666067</KOD><NAZWA>KUBEK BARYŁKA 430ML HOKUSAI - THE GREAT WAVE</NAZWA><OPIS/><EAN>5902693932284</EAN><SWW/><NUMER_KATALOGOWY/><MPP>0</MPP></TOWAR><STAWKA_VAT><STAWKA>23.00</STAWKA><FLAGA>2</FLAGA><ZRODLOWA>0.00</ZRODLOWA></STAWKA_VAT><CENY><CENAZCZTEREMAMIEJSCAMI>0</CENAZCZTEREMAMIEJSCAMI><POCZATKOWA_WAL_CENNIKA>33.6000</POCZATKOWA_WAL_CENNIKA><POCZATKOWA_WAL_DOKUMENTU>33.6000</POCZATKOWA_WAL_DOKUMENTU><PO_RABACIE_WAL_CENNIKA>31.9200</PO_RABACIE_WAL_CENNIKA><PO_RABACIE_PLN>31.9200</PO_RABACIE_PLN><PO_RABACIE_WAL_DOKUMENTU>31.9200</PO_RABACIE_WAL_DOKUMENTU></CENY><WALUTA><SYMBOL>PLN</SYMBOL><KURS_L>1.00</KURS_L><KURS_M>1</KURS_M></WALUTA><RABAT>5.00</RABAT><WARTOSC_NETTO>25.95</WARTOSC_NETTO><WARTOSC_BRUTTO>31.92</WARTOSC_BRUTTO><WARTOSC_NETTO_WAL>25.95</WARTOSC_NETTO_WAL><WARTOSC_BRUTTO_WAL>31.92</WARTOSC_BRUTTO_WAL><ILOSC>1.0000</ILOSC><JM>szt.</JM><JM_CALKOWITE>0.00</JM_CALKOWITE><JM_ZLOZONA><JMZ>szt.</JMZ><JM_PRZELICZNIK_L>1.00</JM_PRZELICZNIK_L><JM_PRZELICZNIK_M>1</JM_PRZELICZNIK_M></JM_ZLOZONA></POZYCJA><POZYCJA><LP>11</LP><TOWAR><KOD>665932</KOD><NAZWA>KUBEK NA STOPCE LINNEA</NAZWA><OPIS/><EAN>5902693930280</EAN><SWW/><NUMER_KATALOGOWY/><MPP>0</MPP></TOWAR><STAWKA_VAT><STAWKA>23.00</STAWKA><FLAGA>2</FLAGA><ZRODLOWA>0.00</ZRODLOWA></STAWKA_VAT><CENY><CENAZCZTEREMAMIEJSCAMI>0</CENAZCZTEREMAMIEJSCAMI><POCZATKOWA_WAL_CENNIKA>28.9000</POCZATKOWA_WAL_CENNIKA><POCZATKOWA_WAL_DOKUMENTU>28.9000</POCZATKOWA_WAL_DOKUMENTU><PO_RABACIE_WAL_CENNIKA>27.4600</PO_RABACIE_WAL_CENNIKA><PO_RABACIE_PLN>27.4600</PO_RABACIE_PLN><PO_RABACIE_WAL_DOKUMENTU>27.4600</PO_RABACIE_WAL_DOKUMENTU></CENY><WALUTA><SYMBOL>PLN</SYMBOL><KURS_L>1.00</KURS_L><KURS_M>1</KURS_M></WALUTA><RABAT>5.00</RABAT><WARTOSC_NETTO>22.33</WARTOSC_NETTO><WARTOSC_BRUTTO>27.46</WARTOSC_BRUTTO><WARTOSC_NETTO_WAL>22.33</WARTOSC_NETTO_WAL><WARTOSC_BRUTTO_WAL>27.46</WARTOSC_BRUTTO_WAL><ILOSC>1.0000</ILOSC><JM>szt</JM><JM_CALKOWITE>0.00</JM_CALKOWITE><JM_ZLOZONA><JMZ>szt</JMZ><JM_PRZELICZNIK_L>1.00</JM_PRZELICZNIK_L><JM_PRZELICZNIK_M>1</JM_PRZELICZNIK_M></JM_ZLOZONA></POZYCJA><POZYCJA><LP>12</LP><TOWAR><KOD>665260</KOD><NAZWA>STOJAK NA BIŻUTERIĘ HU1M21-05B</NAZWA><OPIS/><EAN>5902918726506</EAN><SWW/><NUMER_KATALOGOWY/><MPP>0</MPP></TOWAR><STAWKA_VAT><STAWKA>23.00</STAWKA><FLAGA>2</FLAGA><ZRODLOWA>0.00</ZRODLOWA></STAWKA_VAT><CENY><CENAZCZTEREMAMIEJSCAMI>0</CENAZCZTEREMAMIEJSCAMI><POCZATKOWA_WAL_CENNIKA>44.8000</POCZATKOWA_WAL_CENNIKA><POCZATKOWA_WAL_DOKUMENTU>44.8000</POCZATKOWA_WAL_DOKUMENTU><PO_RABACIE_WAL_CENNIKA>42.5600</PO_RABACIE_WAL_CENNIKA><PO_RABACIE_PLN>42.5600</PO_RABACIE_PLN><PO_RABACIE_WAL_DOKUMENTU>42.5600</PO_RABACIE_WAL_DOKUMENTU></CENY><WALUTA><SYMBOL>PLN</SYMBOL><KURS_L>1.00</KURS_L><KURS_M>1</KURS_M></WALUTA><RABAT>5.00</RABAT><WARTOSC_NETTO>34.60</WARTOSC_NETTO><WARTOSC_BRUTTO>42.56</WARTOSC_BRUTTO><WARTOSC_NETTO_WAL>34.60</WARTOSC_NETTO_WAL><WARTOSC_BRUTTO_WAL>42.56</WARTOSC_BRUTTO_WAL><ILOSC>1.0000</ILOSC><JM>szt.</JM><JM_CALKOWITE>0.00</JM_CALKOWITE><JM_ZLOZONA><JMZ>szt.</JMZ><JM_PRZELICZNIK_L>1.00</JM_PRZELICZNIK_L><JM_PRZELICZNIK_M>1</JM_PRZELICZNIK_M></JM_ZLOZONA></POZYCJA><POZYCJA><LP>13</LP><TOWAR><KOD>665929</KOD><NAZWA>KUBEŁ BARYŁKA 430ML WILD BIRD</NAZWA><OPIS/><EAN>5902693926597</EAN><SWW/><NUMER_KATALOGOWY/><MPP>0</MPP></TOWAR><STAWKA_VAT><STAWKA>23.00</STAWKA><FLAGA>2</FLAGA><ZRODLOWA>0.00</ZRODLOWA></STAWKA_VAT><CENY><CENAZCZTEREMAMIEJSCAMI>0</CENAZCZTEREMAMIEJSCAMI><POCZATKOWA_WAL_CENNIKA>30.3000</POCZATKOWA_WAL_CENNIKA><POCZATKOWA_WAL_DOKUMENTU>30.3000</POCZATKOWA_WAL_DOKUMENTU><PO_RABACIE_WAL_CENNIKA>28.7900</PO_RABACIE_WAL_CENNIKA><PO_RABACIE_PLN>28.7900</PO_RABACIE_PLN><PO_RABACIE_WAL_DOKUMENTU>28.7900</PO_RABACIE_WAL_DOKUMENTU></CENY><WALUTA><SYMBOL>PLN</SYMBOL><KURS_L>1.00</KURS_L><KURS_M>1</KURS_M></WALUTA><RABAT>5.00</RABAT><WARTOSC_NETTO>23.41</WARTOSC_NETTO><WARTOSC_BRUTTO>28.79</WARTOSC_BRUTTO><WARTOSC_NETTO_WAL>23.41</WARTOSC_NETTO_WAL><WARTOSC_BRUTTO_WAL>28.79</WARTOSC_BRUTTO_WAL><ILOSC>1.0000</ILOSC><JM>szt</JM><JM_CALKOWITE>0.00</JM_CALKOWITE><JM_ZLOZONA><JMZ>szt</JMZ><JM_PRZELICZNIK_L>1.00</JM_PRZELICZNIK_L><JM_PRZELICZNIK_M>1</JM_PRZELICZNIK_M></JM_ZLOZONA></POZYCJA><POZYCJA><LP>14</LP><TOWAR><KOD>665230</KOD><NAZWA>KUBEK BARYŁKA 430ML WARDA</NAZWA><OPIS/><EAN>5902693926573</EAN><SWW/><NUMER_KATALOGOWY/><MPP>0</MPP></TOWAR><STAWKA_VAT><STAWKA>23.00</STAWKA><FLAGA>2</FLAGA><ZRODLOWA>0.00</ZRODLOWA></STAWKA_VAT><CENY><CENAZCZTEREMAMIEJSCAMI>0</CENAZCZTEREMAMIEJSCAMI><POCZATKOWA_WAL_CENNIKA>30.3000</POCZATKOWA_WAL_CENNIKA><POCZATKOWA_WAL_DOKUMENTU>30.3000</POCZATKOWA_WAL_DOKUMENTU><PO_RABACIE_WAL_CENNIKA>28.7900</PO_RABACIE_WAL_CENNIKA><PO_RABACIE_PLN>28.7900</PO_RABACIE_PLN><PO_RABACIE_WAL_DOKUMENTU>28.7900</PO_RABACIE_WAL_DOKUMENTU></CENY><WALUTA><SYMBOL>PLN</SYMBOL><KURS_L>1.00</KURS_L><KURS_M>1</KURS_M></WALUTA><RABAT>5.00</RABAT><WARTOSC_NETTO>140.44</WARTOSC_NETTO><WARTOSC_BRUTTO>172.74</WARTOSC_BRUTTO><WARTOSC_NETTO_WAL>140.44</WARTOSC_NETTO_WAL><WARTOSC_BRUTTO_WAL>172.74</WARTOSC_BRUTTO_WAL><ILOSC>6.0000</ILOSC><JM>szt</JM><JM_CALKOWITE>0.00</JM_CALKOWITE><JM_ZLOZONA><JMZ>szt</JMZ><JM_PRZELICZNIK_L>1.00</JM_PRZELICZNIK_L><JM_PRZELICZNIK_M>1</JM_PRZELICZNIK_M></JM_ZLOZONA></POZYCJA><POZYCJA><LP>15</LP><TOWAR><KOD>665231</KOD><NAZWA>ZAPARZACZ BARYŁKA 430ML WARDA</NAZWA><OPIS/><EAN>5902693926566</EAN><SWW/><NUMER_KATALOGOWY/><MPP>0</MPP></TOWAR><STAWKA_VAT><STAWKA>23.00</STAWKA><FLAGA>2</FLAGA><ZRODLOWA>0.00</ZRODLOWA></STAWKA_VAT><CENY><CENAZCZTEREMAMIEJSCAMI>0</CENAZCZTEREMAMIEJSCAMI><POCZATKOWA_WAL_CENNIKA>43.9000</POCZATKOWA_WAL_CENNIKA><POCZATKOWA_WAL_DOKUMENTU>43.9000</POCZATKOWA_WAL_DOKUMENTU><PO_RABACIE_WAL_CENNIKA>41.7100</PO_RABACIE_WAL_CENNIKA><PO_RABACIE_PLN>41.7100</PO_RABACIE_PLN><PO_RABACIE_WAL_DOKUMENTU>41.7100</PO_RABACIE_WAL_DOKUMENTU></CENY><WALUTA><SYMBOL>PLN</SYMBOL><KURS_L>1.00</KURS_L><KURS_M>1</KURS_M></WALUTA><RABAT>5.00</RABAT><WARTOSC_NETTO>101.73</WARTOSC_NETTO><WARTOSC_BRUTTO>125.13</WARTOSC_BRUTTO><WARTOSC_NETTO_WAL>101.73</WARTOSC_NETTO_WAL><WARTOSC_BRUTTO_WAL>125.13</WARTOSC_BRUTTO_WAL><ILOSC>3.0000</ILOSC><JM>szt</JM><JM_CALKOWITE>0.00</JM_CALKOWITE><JM_ZLOZONA><JMZ>szt</JMZ><JM_PRZELICZNIK_L>1.00</JM_PRZELICZNIK_L><JM_PRZELICZNIK_M>1</JM_PRZELICZNIK_M></JM_ZLOZONA></POZYCJA><POZYCJA><LP>16</LP><TOWAR><KOD>665934</KOD><NAZWA>KUBEK NA STOPCE 450ML CLASSIC LAVENDER </NAZWA><OPIS/><EAN>5902693928706</EAN><SWW/><NUMER_KATALOGOWY/><MPP>0</MPP></TOWAR><STAWKA_VAT><STAWKA>23.00</STAWKA><FLAGA>2</FLAGA><ZRODLOWA>0.00</ZRODLOWA></STAWKA_VAT><CENY><CENAZCZTEREMAMIEJSCAMI>0</CENAZCZTEREMAMIEJSCAMI><POCZATKOWA_WAL_CENNIKA>28.9000</POCZATKOWA_WAL_CENNIKA><POCZATKOWA_WAL_DOKUMENTU>28.9000</POCZATKOWA_WAL_DOKUMENTU><PO_RABACIE_WAL_CENNIKA>27.4600</PO_RABACIE_WAL_CENNIKA><PO_RABACIE_PLN>27.4600</PO_RABACIE_PLN><PO_RABACIE_WAL_DOKUMENTU>27.4600</PO_RABACIE_WAL_DOKUMENTU></CENY><WALUTA><SYMBOL>PLN</SYMBOL><KURS_L>1.00</KURS_L><KURS_M>1</KURS_M></WALUTA><RABAT>5.00</RABAT><WARTOSC_NETTO>22.33</WARTOSC_NETTO><WARTOSC_BRUTTO>27.46</WARTOSC_BRUTTO><WARTOSC_NETTO_WAL>22.33</WARTOSC_NETTO_WAL><WARTOSC_BRUTTO_WAL>27.46</WARTOSC_BRUTTO_WAL><ILOSC>1.0000</ILOSC><JM>szt</JM><JM_CALKOWITE>0.00</JM_CALKOWITE><JM_ZLOZONA><JMZ>szt</JMZ><JM_PRZELICZNIK_L>1.00</JM_PRZELICZNIK_L><JM_PRZELICZNIK_M>1</JM_PRZELICZNIK_M></JM_ZLOZONA></POZYCJA><POZYCJA><LP>17</LP><TOWAR><KOD>665933</KOD><NAZWA>KUBEK NA STOPCE LINA</NAZWA><OPIS/><EAN>5902693930600</EAN><SWW/><NUMER_KATALOGOWY/><MPP>0</MPP></TOWAR><STAWKA_VAT><STAWKA>23.00</STAWKA><FLAGA>2</FLAGA><ZRODLOWA>0.00</ZRODLOWA></STAWKA_VAT><CENY><CENAZCZTEREMAMIEJSCAMI>0</CENAZCZTEREMAMIEJSCAMI><POCZATKOWA_WAL_CENNIKA>28.9000</POCZATKOWA_WAL_CENNIKA><POCZATKOWA_WAL_DOKUMENTU>28.9000</POCZATKOWA_WAL_DOKUMENTU><PO_RABACIE_WAL_CENNIKA>27.4600</PO_RABACIE_WAL_CENNIKA><PO_RABACIE_PLN>27.4600</PO_RABACIE_PLN><PO_RABACIE_WAL_DOKUMENTU>27.4600</PO_RABACIE_WAL_DOKUMENTU></CENY><WALUTA><SYMBOL>PLN</SYMBOL><KURS_L>1.00</KURS_L><KURS_M>1</KURS_M></WALUTA><RABAT>5.00</RABAT><WARTOSC_NETTO>22.33</WARTOSC_NETTO><WARTOSC_BRUTTO>27.46</WARTOSC_BRUTTO><WARTOSC_NETTO_WAL>22.33</WARTOSC_NETTO_WAL><WARTOSC_BRUTTO_WAL>27.46</WARTOSC_BRUTTO_WAL><ILOSC>1.0000</ILOSC><JM>szt</JM><JM_CALKOWITE>0.00</JM_CALKOWITE><JM_ZLOZONA><JMZ>szt</JMZ><JM_PRZELICZNIK_L>1.00</JM_PRZELICZNIK_L><JM_PRZELICZNIK_M>1</JM_PRZELICZNIK_M></JM_ZLOZONA></POZYCJA><POZYCJA><LP>18</LP><TOWAR><KOD>665220</KOD><NAZWA>KUBEK 460ML MAROKO </NAZWA><OPIS/><EAN>5902693923657</EAN><SWW/><NUMER_KATALOGOWY/><MPP>0</MPP></TOWAR><STAWKA_VAT><STAWKA>23.00</STAWKA><FLAGA>2</FLAGA><ZRODLOWA>0.00</ZRODLOWA></STAWKA_VAT><CENY><CENAZCZTEREMAMIEJSCAMI>0</CENAZCZTEREMAMIEJSCAMI><POCZATKOWA_WAL_CENNIKA>19.3000</POCZATKOWA_WAL_CENNIKA><POCZATKOWA_WAL_DOKUMENTU>19.3000</POCZATKOWA_WAL_DOKUMENTU><PO_RABACIE_WAL_CENNIKA>18.3400</PO_RABACIE_WAL_CENNIKA><PO_RABACIE_PLN>18.3400</PO_RABACIE_PLN><PO_RABACIE_WAL_DOKUMENTU>18.3400</PO_RABACIE_WAL_DOKUMENTU></CENY><WALUTA><SYMBOL>PLN</SYMBOL><KURS_L>1.00</KURS_L><KURS_M>1</KURS_M></WALUTA><RABAT>5.00</RABAT><WARTOSC_NETTO>29.82</WARTOSC_NETTO><WARTOSC_BRUTTO>36.68</WARTOSC_BRUTTO><WARTOSC_NETTO_WAL>29.82</WARTOSC_NETTO_WAL><WARTOSC_BRUTTO_WAL>36.68</WARTOSC_BRUTTO_WAL><ILOSC>2.0000</ILOSC><JM>szt</JM><JM_CALKOWITE>0.00</JM_CALKOWITE><JM_ZLOZONA><JMZ>szt</JMZ><JM_PRZELICZNIK_L>1.00</JM_PRZELICZNIK_L><JM_PRZELICZNIK_M>1</JM_PRZELICZNIK_M></JM_ZLOZONA></POZYCJA><POZYCJA><LP>19</LP><TOWAR><KOD>803669</KOD><NAZWA>DYFUZOR ZAPACHOWY SŁONECZNIKI</NAZWA><OPIS/><EAN>5906927039893</EAN><SWW/><NUMER_KATALOGOWY/><MPP>0</MPP></TOWAR><STAWKA_VAT><STAWKA>23.00</STAWKA><FLAGA>2</FLAGA><ZRODLOWA>0.00</ZRODLOWA></STAWKA_VAT><CENY><CENAZCZTEREMAMIEJSCAMI>0</CENAZCZTEREMAMIEJSCAMI><POCZATKOWA_WAL_CENNIKA>8.9000</POCZATKOWA_WAL_CENNIKA><POCZATKOWA_WAL_DOKUMENTU>8.9000</POCZATKOWA_WAL_DOKUMENTU><PO_RABACIE_WAL_CENNIKA>8.4600</PO_RABACIE_WAL_CENNIKA><PO_RABACIE_PLN>8.4600</PO_RABACIE_PLN><PO_RABACIE_WAL_DOKUMENTU>8.4600</PO_RABACIE_WAL_DOKUMENTU></CENY><WALUTA><SYMBOL>PLN</SYMBOL><KURS_L>1.00</KURS_L><KURS_M>1</KURS_M></WALUTA><RABAT>5.00</RABAT><WARTOSC_NETTO>6.88</WARTOSC_NETTO><WARTOSC_BRUTTO>8.46</WARTOSC_BRUTTO><WARTOSC_NETTO_WAL>6.88</WARTOSC_NETTO_WAL><WARTOSC_BRUTTO_WAL>8.46</WARTOSC_BRUTTO_WAL><ILOSC>1.0000</ILOSC><JM>szt</JM><JM_CALKOWITE>0.00</JM_CALKOWITE><JM_ZLOZONA><JMZ>szt</JMZ><JM_PRZELICZNIK_L>1.00</JM_PRZELICZNIK_L><JM_PRZELICZNIK_M>1</JM_PRZELICZNIK_M></JM_ZLOZONA></POZYCJA><POZYCJA><LP>20</LP><TOWAR><KOD>802546</KOD><NAZWA>DYFUZOR ZAPACHOWY RÓŻA</NAZWA><OPIS/><EAN>5906927022178</EAN><SWW/><NUMER_KATALOGOWY/><MPP>0</MPP></TOWAR><STAWKA_VAT><STAWKA>23.00</STAWKA><FLAGA>2</FLAGA><ZRODLOWA>0.00</ZRODLOWA></STAWKA_VAT><CENY><CENAZCZTEREMAMIEJSCAMI>0</CENAZCZTEREMAMIEJSCAMI><POCZATKOWA_WAL_CENNIKA>8.9000</POCZATKOWA_WAL_CENNIKA><POCZATKOWA_WAL_DOKUMENTU>8.9000</POCZATKOWA_WAL_DOKUMENTU><PO_RABACIE_WAL_CENNIKA>8.4600</PO_RABACIE_WAL_CENNIKA><PO_RABACIE_PLN>8.4600</PO_RABACIE_PLN><PO_RABACIE_WAL_DOKUMENTU>8.4600</PO_RABACIE_WAL_DOKUMENTU></CENY><WALUTA><SYMBOL>PLN</SYMBOL><KURS_L>1.00</KURS_L><KURS_M>1</KURS_M></WALUTA><RABAT>5.00</RABAT><WARTOSC_NETTO>6.88</WARTOSC_NETTO><WARTOSC_BRUTTO>8.46</WARTOSC_BRUTTO><WARTOSC_NETTO_WAL>6.88</WARTOSC_NETTO_WAL><WARTOSC_BRUTTO_WAL>8.46</WARTOSC_BRUTTO_WAL><ILOSC>1.0000</ILOSC><JM>szt</JM><JM_CALKOWITE>0.00</JM_CALKOWITE><JM_ZLOZONA><JMZ>szt</JMZ><JM_PRZELICZNIK_L>1.00</JM_PRZELICZNIK_L><JM_PRZELICZNIK_M>1</JM_PRZELICZNIK_M></JM_ZLOZONA></POZYCJA><POZYCJA><LP>21</LP><TOWAR><KOD>665010</KOD><NAZWA>KASETKI S/2 XB21411S</NAZWA><OPIS/><EAN>5902811275361</EAN><SWW/><NUMER_KATALOGOWY/><MPP>0</MPP></TOWAR><STAWKA_VAT><STAWKA>23.00</STAWKA><FLAGA>2</FLAGA><ZRODLOWA>0.00</ZRODLOWA></STAWKA_VAT><CENY><CENAZCZTEREMAMIEJSCAMI>0</CENAZCZTEREMAMIEJSCAMI><POCZATKOWA_WAL_CENNIKA>80.5000</POCZATKOWA_WAL_CENNIKA><POCZATKOWA_WAL_DOKUMENTU>80.5000</POCZATKOWA_WAL_DOKUMENTU><PO_RABACIE_WAL_CENNIKA>76.4800</PO_RABACIE_WAL_CENNIKA><PO_RABACIE_PLN>76.4800</PO_RABACIE_PLN><PO_RABACIE_WAL_DOKUMENTU>76.4800</PO_RABACIE_WAL_DOKUMENTU></CENY><WALUTA><SYMBOL>PLN</SYMBOL><KURS_L>1.00</KURS_L><KURS_M>1</KURS_M></WALUTA><RABAT>5.00</RABAT><WARTOSC_NETTO>62.18</WARTOSC_NETTO><WARTOSC_BRUTTO>76.48</WARTOSC_BRUTTO><WARTOSC_NETTO_WAL>62.18</WARTOSC_NETTO_WAL><WARTOSC_BRUTTO_WAL>76.48</WARTOSC_BRUTTO_WAL><ILOSC>1.0000</ILOSC><JM>KPL</JM><JM_CALKOWITE>0.00</JM_CALKOWITE><JM_ZLOZONA><JMZ>KPL</JMZ><JM_PRZELICZNIK_L>1.00</JM_PRZELICZNIK_L><JM_PRZELICZNIK_M>1</JM_PRZELICZNIK_M></JM_ZLOZONA></POZYCJA><POZYCJA><LP>22</LP><TOWAR><KOD>664487</KOD><NAZWA>KUFEREK KU01-RS</NAZWA><OPIS/><EAN>5907587757561</EAN><SWW/><NUMER_KATALOGOWY/><MPP>0</MPP></TOWAR><STAWKA_VAT><STAWKA>23.00</STAWKA><FLAGA>2</FLAGA><ZRODLOWA>0.00</ZRODLOWA></STAWKA_VAT><CENY><CENAZCZTEREMAMIEJSCAMI>0</CENAZCZTEREMAMIEJSCAMI><POCZATKOWA_WAL_CENNIKA>24.0000</POCZATKOWA_WAL_CENNIKA><POCZATKOWA_WAL_DOKUMENTU>24.0000</POCZATKOWA_WAL_DOKUMENTU><PO_RABACIE_WAL_CENNIKA>22.8000</PO_RABACIE_WAL_CENNIKA><PO_RABACIE_PLN>22.8000</PO_RABACIE_PLN><PO_RABACIE_WAL_DOKUMENTU>22.8000</PO_RABACIE_WAL_DOKUMENTU></CENY><WALUTA><SYMBOL>PLN</SYMBOL><KURS_L>1.00</KURS_L><KURS_M>1</KURS_M></WALUTA><RABAT>5.00</RABAT><WARTOSC_NETTO>18.54</WARTOSC_NETTO><WARTOSC_BRUTTO>22.80</WARTOSC_BRUTTO><WARTOSC_NETTO_WAL>18.54</WARTOSC_NETTO_WAL><WARTOSC_BRUTTO_WAL>22.80</WARTOSC_BRUTTO_WAL><ILOSC>1.0000</ILOSC><JM>szt.</JM><JM_CALKOWITE>0.00</JM_CALKOWITE><JM_ZLOZONA><JMZ>szt.</JMZ><JM_PRZELICZNIK_L>1.00</JM_PRZELICZNIK_L><JM_PRZELICZNIK_M>1</JM_PRZELICZNIK_M></JM_ZLOZONA></POZYCJA><POZYCJA><LP>23</LP><TOWAR><KOD>712649</KOD><NAZWA>KUFEREK 16X12X11CM KU01-CK</NAZWA><OPIS/><EAN>5907587750692</EAN><SWW/><NUMER_KATALOGOWY/><MPP>0</MPP></TOWAR><STAWKA_VAT><STAWKA>23.00</STAWKA><FLAGA>2</FLAGA><ZRODLOWA>0.00</ZRODLOWA></STAWKA_VAT><CENY><CENAZCZTEREMAMIEJSCAMI>0</CENAZCZTEREMAMIEJSCAMI><POCZATKOWA_WAL_CENNIKA>24.9000</POCZATKOWA_WAL_CENNIKA><POCZATKOWA_WAL_DOKUMENTU>24.9000</POCZATKOWA_WAL_DOKUMENTU><PO_RABACIE_WAL_CENNIKA>23.6600</PO_RABACIE_WAL_CENNIKA><PO_RABACIE_PLN>23.6600</PO_RABACIE_PLN><PO_RABACIE_WAL_DOKUMENTU>23.6600</PO_RABACIE_WAL_DOKUMENTU></CENY><WALUTA><SYMBOL>PLN</SYMBOL><KURS_L>1.00</KURS_L><KURS_M>1</KURS_M></WALUTA><RABAT>5.00</RABAT><WARTOSC_NETTO>19.24</WARTOSC_NETTO><WARTOSC_BRUTTO>23.66</WARTOSC_BRUTTO><WARTOSC_NETTO_WAL>19.24</WARTOSC_NETTO_WAL><WARTOSC_BRUTTO_WAL>23.66</WARTOSC_BRUTTO_WAL><ILOSC>1.0000</ILOSC><JM>szt.</JM><JM_CALKOWITE>0.00</JM_CALKOWITE><JM_ZLOZONA><JMZ>szt.</JMZ><JM_PRZELICZNIK_L>1.00</JM_PRZELICZNIK_L><JM_PRZELICZNIK_M>1</JM_PRZELICZNIK_M></JM_ZLOZONA></POZYCJA><POZYCJA><LP>24</LP><TOWAR><KOD>665008</KOD><NAZWA>KASETKI S/2 SJ20484-7</NAZWA><OPIS/><EAN>5902811275118</EAN><SWW/><NUMER_KATALOGOWY/><MPP>0</MPP></TOWAR><STAWKA_VAT><STAWKA>23.00</STAWKA><FLAGA>2</FLAGA><ZRODLOWA>0.00</ZRODLOWA></STAWKA_VAT><CENY><CENAZCZTEREMAMIEJSCAMI>0</CENAZCZTEREMAMIEJSCAMI><POCZATKOWA_WAL_CENNIKA>71.5000</POCZATKOWA_WAL_CENNIKA><POCZATKOWA_WAL_DOKUMENTU>71.5000</POCZATKOWA_WAL_DOKUMENTU><PO_RABACIE_WAL_CENNIKA>67.9300</PO_RABACIE_WAL_CENNIKA><PO_RABACIE_PLN>67.9300</PO_RABACIE_PLN><PO_RABACIE_WAL_DOKUMENTU>67.9300</PO_RABACIE_WAL_DOKUMENTU></CENY><WALUTA><SYMBOL>PLN</SYMBOL><KURS_L>1.00</KURS_L><KURS_M>1</KURS_M></WALUTA><RABAT>5.00</RABAT><WARTOSC_NETTO>55.23</WARTOSC_NETTO><WARTOSC_BRUTTO>67.93</WARTOSC_BRUTTO><WARTOSC_NETTO_WAL>55.23</WARTOSC_NETTO_WAL><WARTOSC_BRUTTO_WAL>67.93</WARTOSC_BRUTTO_WAL><ILOSC>1.0000</ILOSC><JM>KPL</JM><JM_CALKOWITE>0.00</JM_CALKOWITE><JM_ZLOZONA><JMZ>KPL</JMZ><JM_PRZELICZNIK_L>1.00</JM_PRZELICZNIK_L><JM_PRZELICZNIK_M>1</JM_PRZELICZNIK_M></JM_ZLOZONA></POZYCJA><POZYCJA><LP>25</LP><TOWAR><KOD>665007</KOD><NAZWA>KASETKI S/2 SJ20484-4</NAZWA><OPIS/><EAN>5902811275071</EAN><SWW/><NUMER_KATALOGOWY/><MPP>0</MPP></TOWAR><STAWKA_VAT><STAWKA>23.00</STAWKA><FLAGA>2</FLAGA><ZRODLOWA>0.00</ZRODLOWA></STAWKA_VAT><CENY><CENAZCZTEREMAMIEJSCAMI>0</CENAZCZTEREMAMIEJSCAMI><POCZATKOWA_WAL_CENNIKA>71.5000</POCZATKOWA_WAL_CENNIKA><POCZATKOWA_WAL_DOKUMENTU>71.5000</POCZATKOWA_WAL_DOKUMENTU><PO_RABACIE_WAL_CENNIKA>67.9300</PO_RABACIE_WAL_CENNIKA><PO_RABACIE_PLN>67.9300</PO_RABACIE_PLN><PO_RABACIE_WAL_DOKUMENTU>67.9300</PO_RABACIE_WAL_DOKUMENTU></CENY><WALUTA><SYMBOL>PLN</SYMBOL><KURS_L>1.00</KURS_L><KURS_M>1</KURS_M></WALUTA><RABAT>5.00</RABAT><WARTOSC_NETTO>55.23</WARTOSC_NETTO><WARTOSC_BRUTTO>67.93</WARTOSC_BRUTTO><WARTOSC_NETTO_WAL>55.23</WARTOSC_NETTO_WAL><WARTOSC_BRUTTO_WAL>67.93</WARTOSC_BRUTTO_WAL><ILOSC>1.0000</ILOSC><JM>KPL</JM><JM_CALKOWITE>0.00</JM_CALKOWITE><JM_ZLOZONA><JMZ>KPL</JMZ><JM_PRZELICZNIK_L>1.00</JM_PRZELICZNIK_L><JM_PRZELICZNIK_M>1</JM_PRZELICZNIK_M></JM_ZLOZONA></POZYCJA><POZYCJA><LP>26</LP><TOWAR><KOD>503139</KOD><NAZWA>JEŻYK DREWNO ZAWIESZKA HY15-1017 MIX KOLORÓW</NAZWA><OPIS/><EAN>5908257343206</EAN><SWW/><NUMER_KATALOGOWY/><MPP>0</MPP></TOWAR><STAWKA_VAT><STAWKA>23.00</STAWKA><FLAGA>2</FLAGA><ZRODLOWA>0.00</ZRODLOWA></STAWKA_VAT><CENY><CENAZCZTEREMAMIEJSCAMI>0</CENAZCZTEREMAMIEJSCAMI><POCZATKOWA_WAL_CENNIKA>6.0000</POCZATKOWA_WAL_CENNIKA><POCZATKOWA_WAL_DOKUMENTU>6.0000</POCZATKOWA_WAL_DOKUMENTU><PO_RABACIE_WAL_CENNIKA>1.0000</PO_RABACIE_WAL_CENNIKA><PO_RABACIE_PLN>1.0000</PO_RABACIE_PLN><PO_RABACIE_WAL_DOKUMENTU>1.0000</PO_RABACIE_WAL_DOKUMENTU></CENY><WALUTA><SYMBOL>PLN</SYMBOL><KURS_L>1.00</KURS_L><KURS_M>1</KURS_M></WALUTA><RABAT>83.33</RABAT><WARTOSC_NETTO>3.25</WARTOSC_NETTO><WARTOSC_BRUTTO>4.00</WARTOSC_BRUTTO><WARTOSC_NETTO_WAL>3.25</WARTOSC_NETTO_WAL><WARTOSC_BRUTTO_WAL>4.00</WARTOSC_BRUTTO_WAL><ILOSC>4.0000</ILOSC><JM>szt</JM><JM_CALKOWITE>0.00</JM_CALKOWITE><JM_ZLOZONA><JMZ>szt</JMZ><JM_PRZELICZNIK_L>1.00</JM_PRZELICZNIK_L><JM_PRZELICZNIK_M>1</JM_PRZELICZNIK_M></JM_ZLOZONA></POZYCJA><POZYCJA><LP>27</LP><TOWAR><KOD>503142</KOD><NAZWA>ZAWIESZKA DREWNO WIEWIÓRKA HY15-1024 MIX KOLORÓW</NAZWA><OPIS/><EAN>5908257343275</EAN><SWW/><NUMER_KATALOGOWY/><MPP>0</MPP></TOWAR><STAWKA_VAT><STAWKA>23.00</STAWKA><FLAGA>2</FLAGA><ZRODLOWA>0.00</ZRODLOWA></STAWKA_VAT><CENY><CENAZCZTEREMAMIEJSCAMI>0</CENAZCZTEREMAMIEJSCAMI><POCZATKOWA_WAL_CENNIKA>6.0000</POCZATKOWA_WAL_CENNIKA><POCZATKOWA_WAL_DOKUMENTU>6.0000</POCZATKOWA_WAL_DOKUMENTU><PO_RABACIE_WAL_CENNIKA>1.0000</PO_RABACIE_WAL_CENNIKA><PO_RABACIE_PLN>1.0000</PO_RABACIE_PLN><PO_RABACIE_WAL_DOKUMENTU>1.0000</PO_RABACIE_WAL_DOKUMENTU></CENY><WALUTA><SYMBOL>PLN</SYMBOL><KURS_L>1.00</KURS_L><KURS_M>1</KURS_M></WALUTA><RABAT>83.33</RABAT><WARTOSC_NETTO>3.25</WARTOSC_NETTO><WARTOSC_BRUTTO>4.00</WARTOSC_BRUTTO><WARTOSC_NETTO_WAL>3.25</WARTOSC_NETTO_WAL><WARTOSC_BRUTTO_WAL>4.00</WARTOSC_BRUTTO_WAL><ILOSC>4.0000</ILOSC><JM>szt</JM><JM_CALKOWITE>0.00</JM_CALKOWITE><JM_ZLOZONA><JMZ>szt</JMZ><JM_PRZELICZNIK_L>1.00</JM_PRZELICZNIK_L><JM_PRZELICZNIK_M>1</JM_PRZELICZNIK_M></JM_ZLOZONA></POZYCJA><POZYCJA><LP>28</LP><TOWAR><KOD>503140</KOD><NAZWA>ZAWIESZKA ŻOŁĄDŹ DREWNO HY15-1022 MIX KOLORÓW</NAZWA><OPIS/><EAN>5908257343251</EAN><SWW/><NUMER_KATALOGOWY/><MPP>0</MPP></TOWAR><STAWKA_VAT><STAWKA>23.00</STAWKA><FLAGA>2</FLAGA><ZRODLOWA>0.00</ZRODLOWA></STAWKA_VAT><CENY><CENAZCZTEREMAMIEJSCAMI>0</CENAZCZTEREMAMIEJSCAMI><POCZATKOWA_WAL_CENNIKA>6.0000</POCZATKOWA_WAL_CENNIKA><POCZATKOWA_WAL_DOKUMENTU>6.0000</POCZATKOWA_WAL_DOKUMENTU><PO_RABACIE_WAL_CENNIKA>1.0000</PO_RABACIE_WAL_CENNIKA><PO_RABACIE_PLN>1.0000</PO_RABACIE_PLN><PO_RABACIE_WAL_DOKUMENTU>1.0000</PO_RABACIE_WAL_DOKUMENTU></CENY><WALUTA><SYMBOL>PLN</SYMBOL><KURS_L>1.00</KURS_L><KURS_M>1</KURS_M></WALUTA><RABAT>83.33</RABAT><WARTOSC_NETTO>3.25</WARTOSC_NETTO><WARTOSC_BRUTTO>4.00</WARTOSC_BRUTTO><WARTOSC_NETTO_WAL>3.25</WARTOSC_NETTO_WAL><WARTOSC_BRUTTO_WAL>4.00</WARTOSC_BRUTTO_WAL><ILOSC>4.0000</ILOSC><JM>szt</JM><JM_CALKOWITE>0.00</JM_CALKOWITE><JM_ZLOZONA><JMZ>szt</JMZ><JM_PRZELICZNIK_L>1.00</JM_PRZELICZNIK_L><JM_PRZELICZNIK_M>1</JM_PRZELICZNIK_M></JM_ZLOZONA></POZYCJA><POZYCJA><LP>29</LP><TOWAR><KOD>802547</KOD><NAZWA>DYFUZOR ZAPACHOWY LAWENDA</NAZWA><OPIS/><EAN>5906927022116</EAN><SWW/><NUMER_KATALOGOWY/><MPP>0</MPP></TOWAR><STAWKA_VAT><STAWKA>23.00</STAWKA><FLAGA>2</FLAGA><ZRODLOWA>0.00</ZRODLOWA></STAWKA_VAT><CENY><CENAZCZTEREMAMIEJSCAMI>0</CENAZCZTEREMAMIEJSCAMI><POCZATKOWA_WAL_CENNIKA>8.9000</POCZATKOWA_WAL_CENNIKA><POCZATKOWA_WAL_DOKUMENTU>8.9000</POCZATKOWA_WAL_DOKUMENTU><PO_RABACIE_WAL_CENNIKA>8.4600</PO_RABACIE_WAL_CENNIKA><PO_RABACIE_PLN>8.4600</PO_RABACIE_PLN><PO_RABACIE_WAL_DOKUMENTU>8.4600</PO_RABACIE_WAL_DOKUMENTU></CENY><WALUTA><SYMBOL>PLN</SYMBOL><KURS_L>1.00</KURS_L><KURS_M>1</KURS_M></WALUTA><RABAT>5.00</RABAT><WARTOSC_NETTO>13.76</WARTOSC_NETTO><WARTOSC_BRUTTO>16.92</WARTOSC_BRUTTO><WARTOSC_NETTO_WAL>13.76</WARTOSC_NETTO_WAL><WARTOSC_BRUTTO_WAL>16.92</WARTOSC_BRUTTO_WAL><ILOSC>2.0000</ILOSC><JM>szt</JM><JM_CALKOWITE>0.00</JM_CALKOWITE><JM_ZLOZONA><JMZ>szt</JMZ><JM_PRZELICZNIK_L>1.00</JM_PRZELICZNIK_L><JM_PRZELICZNIK_M>1</JM_PRZELICZNIK_M></JM_ZLOZONA></POZYCJA></POZYCJE><KAUCJE/><PLATNOSCI><PLATNOSC><FORMA>przelew</FORMA><TERMIN>2023-01-16</TERMIN><KWOTA>1137.13</KWOTA><KWOTA_W_WAL_SYSTEMOWEJ>1137.13</KWOTA_W_WAL_SYSTEMOWEJ><WALUTA><SYMBOL/><KURS_L>1.00</KURS_L><KURS_M>1</KURS_M></WALUTA></PLATNOSC></PLATNOSCI><PLATNOSCI_KAUCJE/><TABELKA_VAT><LINIA_VAT><STAWKA_VAT><STAWKA>23.00</STAWKA><FLAGA>2</FLAGA><ZRODLOWA>0.00</ZRODLOWA></STAWKA_VAT><NETTO>924.50</NETTO><VAT>212.63</VAT><BRUTTO>1137.13</BRUTTO><NETTO_WAL>924.50</NETTO_WAL><VAT_WAL>212.63</VAT_WAL><BRUTTO_WAL>1137.13</BRUTTO_WAL></LINIA_VAT></TABELKA_VAT><ATRYBUTY/></DOKUMENT></ROOT>
