<?xml version="1.0" encoding="UTF-8"?>
<ROOT xmlns="http://www.cdn.com.pl/optima/dokument"><DOKUMENT><NAGLOWEK><GENERATOR>Comarch Opt!ma</GENERATOR><TYP_DOKUMENTU>302</TYP_DOKUMENTU><RODZAJ_DOKUMENTU>302004</RODZAJ_DOKUMENTU><FV_MARZA>0</FV_MARZA><FV_MARZA_RODZAJ>0</FV_MARZA_RODZAJ><NUMER_PELNY>FA/38/2023</NUMER_PELNY><DATA_DOKUMENTU>2023-01-04</DATA_DOKUMENTU><DATA_WYSTAWIENIA>2023-01-04</DATA_WYSTAWIENIA><DATA_OPERACJI>2023-01-04</DATA_OPERACJI><TERMIN_ZWROTU_KAUCJI>2023-03-05</TERMIN_ZWROTU_KAUCJI><KOREKTA>0</KOREKTA><DETAL>0</DETAL><TYP_NETTO_BRUTTO>2</TYP_NETTO_BRUTTO><RABAT>5.00</RABAT><OPIS>Dok.: FA/38/2023 (Faktura sprzedaży z wygenerowanym WZ)</OPIS><PLATNIK><KOD>EDEN OLECKO</KOD><NIP_KRAJ>PL</NIP_KRAJ><NIP>8471231542</NIP><GLN/><NAZWA>KWIACIARNIA I USŁUGI POGRZEBOWE EDEN DOROTA BOKUNIEWICZ</NAZWA><MPP>0</MPP><ADRES><KOD_POCZTOWY>19-400</KOD_POCZTOWY><MIASTO>OLECKO</MIASTO><ULICA>UL.GOŁDAPSKA 8A</ULICA><KRAJ>Polska</KRAJ></ADRES></PLATNIK><ODBIORCA><KOD>EDEN OLECKO</KOD><NIP_KRAJ>PL</NIP_KRAJ><NIP>8471231542</NIP><GLN/><NAZWA>KWIACIARNIA I USŁUGI POGRZEBOWE EDEN DOROTA BOKUNIEWICZ</NAZWA><ADRES><KOD_POCZTOWY>19-400</KOD_POCZTOWY><MIASTO>OLECKO</MIASTO><ULICA>UL.GOŁDAPSKA 8A</ULICA><KRAJ>Polska</KRAJ></ADRES></ODBIORCA><SPRZEDAWCA><NIP_KRAJ>PL</NIP_KRAJ><NIP>546-000-03-17</NIP><GLN>0000000000000</GLN><NAZWA>P.H.U. "KROKUS" HURTOWNIA KWIATÓW LESZEK WOŁKOWICZ</NAZWA><ADRES><KOD_POCZTOWY>15-257</KOD_POCZTOWY><MIASTO>BIAŁYSTOK</MIASTO><ULICA>ul. A. MICKIEWICZA 95</ULICA><KRAJ>Polska</KRAJ></ADRES><NUMER_KONTA_BANKOWEGO/><NAZWA_BANKU/></SPRZEDAWCA><KATEGORIA><KOD/><OPIS/></KATEGORIA><PLATNOSC><FORMA>gotówka</FORMA><TERMIN>2023-01-04</TERMIN><MPP>0</MPP></PLATNOSC><WALUTA><SYMBOL>PLN</SYMBOL><KURS_L>1.00</KURS_L><KURS_M>1</KURS_M><PLAT_WAL_OD_PLN>0</PLAT_WAL_OD_PLN><KURS_NUMER>3</KURS_NUMER><KURS_DATA>2023-01-04</KURS_DATA></WALUTA><KWOTY><RAZEM_NETTO_WAL>373.93</RAZEM_NETTO_WAL><RAZEM_NETTO>373.93</RAZEM_NETTO><RAZEM_BRUTTO>459.94</RAZEM_BRUTTO><RAZEM_VAT>86.01</RAZEM_VAT></KWOTY><MAGAZYN_ZRODLOWY>MAGAZYN</MAGAZYN_ZRODLOWY><MAGAZYN_DOCELOWY/><KAUCJE_PLATNOSCI>0</KAUCJE_PLATNOSCI><BLOKADA_PLATNOSCI>0</BLOKADA_PLATNOSCI><VAT_DLA_DOK_WAL>0</VAT_DLA_DOK_WAL><TRYB_NETTO_VAT>0</TRYB_NETTO_VAT><STATUS_PLATNIKA>0</STATUS_PLATNIKA><ROZLICZAM_PODATEK_W_OSS>0</ROZLICZAM_PODATEK_W_OSS></NAGLOWEK><POZYCJE><POZYCJA><LP>1</LP><TOWAR><KOD>141939</KOD><NAZWA>TORBA FOL. 44/12/90 20 MIK. W TYM OPŁ. REC.0,20</NAZWA><OPIS/><EAN>141939</EAN><SWW/><NUMER_KATALOGOWY/><MPP>0</MPP></TOWAR><STAWKA_VAT><STAWKA>23.00</STAWKA><FLAGA>2</FLAGA><ZRODLOWA>0.00</ZRODLOWA></STAWKA_VAT><CENY><CENAZCZTEREMAMIEJSCAMI>0</CENAZCZTEREMAMIEJSCAMI><POCZATKOWA_WAL_CENNIKA>0.5000</POCZATKOWA_WAL_CENNIKA><POCZATKOWA_WAL_DOKUMENTU>0.5000</POCZATKOWA_WAL_DOKUMENTU><PO_RABACIE_WAL_CENNIKA>0.4800</PO_RABACIE_WAL_CENNIKA><PO_RABACIE_PLN>0.4800</PO_RABACIE_PLN><PO_RABACIE_WAL_DOKUMENTU>0.4800</PO_RABACIE_WAL_DOKUMENTU></CENY><WALUTA><SYMBOL>PLN</SYMBOL><KURS_L>1.00</KURS_L><KURS_M>1</KURS_M></WALUTA><RABAT>5.00</RABAT><WARTOSC_NETTO>0.39</WARTOSC_NETTO><WARTOSC_BRUTTO>0.48</WARTOSC_BRUTTO><WARTOSC_NETTO_WAL>0.39</WARTOSC_NETTO_WAL><WARTOSC_BRUTTO_WAL>0.48</WARTOSC_BRUTTO_WAL><ILOSC>1.0000</ILOSC><JM>szt</JM><JM_CALKOWITE>0.00</JM_CALKOWITE><JM_ZLOZONA><JMZ>szt</JMZ><JM_PRZELICZNIK_L>1.00</JM_PRZELICZNIK_L><JM_PRZELICZNIK_M>1</JM_PRZELICZNIK_M></JM_ZLOZONA></POZYCJA><POZYCJA><LP>2</LP><TOWAR><KOD>501814</KOD><NAZWA>DRUT WYROBOWY - 2mm x 41cm (50szt)</NAZWA><OPIS/><EAN>501814</EAN><SWW/><NUMER_KATALOGOWY/><MPP>0</MPP></TOWAR><STAWKA_VAT><STAWKA>23.00</STAWKA><FLAGA>2</FLAGA><ZRODLOWA>0.00</ZRODLOWA></STAWKA_VAT><CENY><CENAZCZTEREMAMIEJSCAMI>0</CENAZCZTEREMAMIEJSCAMI><POCZATKOWA_WAL_CENNIKA>6.5000</POCZATKOWA_WAL_CENNIKA><POCZATKOWA_WAL_DOKUMENTU>6.5000</POCZATKOWA_WAL_DOKUMENTU><PO_RABACIE_WAL_CENNIKA>6.1800</PO_RABACIE_WAL_CENNIKA><PO_RABACIE_PLN>6.1800</PO_RABACIE_PLN><PO_RABACIE_WAL_DOKUMENTU>6.1800</PO_RABACIE_WAL_DOKUMENTU></CENY><WALUTA><SYMBOL>PLN</SYMBOL><KURS_L>1.00</KURS_L><KURS_M>1</KURS_M></WALUTA><RABAT>5.00</RABAT><WARTOSC_NETTO>50.24</WARTOSC_NETTO><WARTOSC_BRUTTO>61.80</WARTOSC_BRUTTO><WARTOSC_NETTO_WAL>50.24</WARTOSC_NETTO_WAL><WARTOSC_BRUTTO_WAL>61.80</WARTOSC_BRUTTO_WAL><ILOSC>10.0000</ILOSC><JM>opak</JM><JM_CALKOWITE>0.00</JM_CALKOWITE><JM_ZLOZONA><JMZ>opak</JMZ><JM_PRZELICZNIK_L>1.00</JM_PRZELICZNIK_L><JM_PRZELICZNIK_M>1</JM_PRZELICZNIK_M></JM_ZLOZONA></POZYCJA><POZYCJA><LP>3</LP><TOWAR><KOD>101007</KOD><NAZWA>FOLIA PRZEŹROCZYSTA (CELOFAN) -  100cm x 70cm (50szt)</NAZWA><OPIS/><EAN>101007</EAN><SWW/><NUMER_KATALOGOWY/><MPP>0</MPP></TOWAR><STAWKA_VAT><STAWKA>23.00</STAWKA><FLAGA>2</FLAGA><ZRODLOWA>0.00</ZRODLOWA></STAWKA_VAT><CENY><CENAZCZTEREMAMIEJSCAMI>0</CENAZCZTEREMAMIEJSCAMI><POCZATKOWA_WAL_CENNIKA>28.2000</POCZATKOWA_WAL_CENNIKA><POCZATKOWA_WAL_DOKUMENTU>28.2000</POCZATKOWA_WAL_DOKUMENTU><PO_RABACIE_WAL_CENNIKA>26.7900</PO_RABACIE_WAL_CENNIKA><PO_RABACIE_PLN>26.7900</PO_RABACIE_PLN><PO_RABACIE_WAL_DOKUMENTU>26.7900</PO_RABACIE_WAL_DOKUMENTU></CENY><WALUTA><SYMBOL>PLN</SYMBOL><KURS_L>1.00</KURS_L><KURS_M>1</KURS_M></WALUTA><RABAT>5.00</RABAT><WARTOSC_NETTO>21.78</WARTOSC_NETTO><WARTOSC_BRUTTO>26.79</WARTOSC_BRUTTO><WARTOSC_NETTO_WAL>21.78</WARTOSC_NETTO_WAL><WARTOSC_BRUTTO_WAL>26.79</WARTOSC_BRUTTO_WAL><ILOSC>1.0000</ILOSC><JM>szt</JM><JM_CALKOWITE>0.00</JM_CALKOWITE><JM_ZLOZONA><JMZ>szt</JMZ><JM_PRZELICZNIK_L>1.00</JM_PRZELICZNIK_L><JM_PRZELICZNIK_M>1</JM_PRZELICZNIK_M></JM_ZLOZONA></POZYCJA><POZYCJA><LP>4</LP><TOWAR><KOD>401010</KOD><NAZWA>FLORET OWALNY - MOKRY  40cm</NAZWA><OPIS/><EAN>401010</EAN><SWW/><NUMER_KATALOGOWY/><MPP>0</MPP></TOWAR><STAWKA_VAT><STAWKA>23.00</STAWKA><FLAGA>2</FLAGA><ZRODLOWA>0.00</ZRODLOWA></STAWKA_VAT><CENY><CENAZCZTEREMAMIEJSCAMI>0</CENAZCZTEREMAMIEJSCAMI><POCZATKOWA_WAL_CENNIKA>5.5000</POCZATKOWA_WAL_CENNIKA><POCZATKOWA_WAL_DOKUMENTU>5.5000</POCZATKOWA_WAL_DOKUMENTU><PO_RABACIE_WAL_CENNIKA>5.2300</PO_RABACIE_WAL_CENNIKA><PO_RABACIE_PLN>5.2300</PO_RABACIE_PLN><PO_RABACIE_WAL_DOKUMENTU>5.2300</PO_RABACIE_WAL_DOKUMENTU></CENY><WALUTA><SYMBOL>PLN</SYMBOL><KURS_L>1.00</KURS_L><KURS_M>1</KURS_M></WALUTA><RABAT>5.00</RABAT><WARTOSC_NETTO>89.29</WARTOSC_NETTO><WARTOSC_BRUTTO>109.83</WARTOSC_BRUTTO><WARTOSC_NETTO_WAL>89.29</WARTOSC_NETTO_WAL><WARTOSC_BRUTTO_WAL>109.83</WARTOSC_BRUTTO_WAL><ILOSC>21.0000</ILOSC><JM>szt</JM><JM_CALKOWITE>0.00</JM_CALKOWITE><JM_ZLOZONA><JMZ>szt</JMZ><JM_PRZELICZNIK_L>1.00</JM_PRZELICZNIK_L><JM_PRZELICZNIK_M>1</JM_PRZELICZNIK_M></JM_ZLOZONA></POZYCJA><POZYCJA><LP>5</LP><TOWAR><KOD>401988</KOD><NAZWA>FLORET  MIDI MOKRY</NAZWA><OPIS/><EAN>401988</EAN><SWW/><NUMER_KATALOGOWY/><MPP>0</MPP></TOWAR><STAWKA_VAT><STAWKA>23.00</STAWKA><FLAGA>2</FLAGA><ZRODLOWA>0.00</ZRODLOWA></STAWKA_VAT><CENY><CENAZCZTEREMAMIEJSCAMI>0</CENAZCZTEREMAMIEJSCAMI><POCZATKOWA_WAL_CENNIKA>4.5000</POCZATKOWA_WAL_CENNIKA><POCZATKOWA_WAL_DOKUMENTU>4.5000</POCZATKOWA_WAL_DOKUMENTU><PO_RABACIE_WAL_CENNIKA>4.2800</PO_RABACIE_WAL_CENNIKA><PO_RABACIE_PLN>4.2800</PO_RABACIE_PLN><PO_RABACIE_WAL_DOKUMENTU>4.2800</PO_RABACIE_WAL_DOKUMENTU></CENY><WALUTA><SYMBOL>PLN</SYMBOL><KURS_L>1.00</KURS_L><KURS_M>1</KURS_M></WALUTA><RABAT>5.00</RABAT><WARTOSC_NETTO>104.39</WARTOSC_NETTO><WARTOSC_BRUTTO>128.40</WARTOSC_BRUTTO><WARTOSC_NETTO_WAL>104.39</WARTOSC_NETTO_WAL><WARTOSC_BRUTTO_WAL>128.40</WARTOSC_BRUTTO_WAL><ILOSC>30.0000</ILOSC><JM>szt</JM><JM_CALKOWITE>0.00</JM_CALKOWITE><JM_ZLOZONA><JMZ>szt</JMZ><JM_PRZELICZNIK_L>1.00</JM_PRZELICZNIK_L><JM_PRZELICZNIK_M>1</JM_PRZELICZNIK_M></JM_ZLOZONA></POZYCJA><POZYCJA><LP>6</LP><TOWAR><KOD>704750</KOD><NAZWA>WSTĄŻKA OKOLICZNOŚCIOWA - 8cm x 45m</NAZWA><OPIS/><EAN>5901215068463</EAN><SWW/><NUMER_KATALOGOWY/><MPP>0</MPP></TOWAR><STAWKA_VAT><STAWKA>23.00</STAWKA><FLAGA>2</FLAGA><ZRODLOWA>0.00</ZRODLOWA></STAWKA_VAT><CENY><CENAZCZTEREMAMIEJSCAMI>0</CENAZCZTEREMAMIEJSCAMI><POCZATKOWA_WAL_CENNIKA>18.5000</POCZATKOWA_WAL_CENNIKA><POCZATKOWA_WAL_DOKUMENTU>18.5000</POCZATKOWA_WAL_DOKUMENTU><PO_RABACIE_WAL_CENNIKA>17.5800</PO_RABACIE_WAL_CENNIKA><PO_RABACIE_PLN>17.5800</PO_RABACIE_PLN><PO_RABACIE_WAL_DOKUMENTU>17.5800</PO_RABACIE_WAL_DOKUMENTU></CENY><WALUTA><SYMBOL>PLN</SYMBOL><KURS_L>1.00</KURS_L><KURS_M>1</KURS_M></WALUTA><RABAT>5.00</RABAT><WARTOSC_NETTO>14.29</WARTOSC_NETTO><WARTOSC_BRUTTO>17.58</WARTOSC_BRUTTO><WARTOSC_NETTO_WAL>14.29</WARTOSC_NETTO_WAL><WARTOSC_BRUTTO_WAL>17.58</WARTOSC_BRUTTO_WAL><ILOSC>1.0000</ILOSC><JM>szt</JM><JM_CALKOWITE>0.00</JM_CALKOWITE><JM_ZLOZONA><JMZ>szt</JMZ><JM_PRZELICZNIK_L>1.00</JM_PRZELICZNIK_L><JM_PRZELICZNIK_M>1</JM_PRZELICZNIK_M></JM_ZLOZONA></POZYCJA><POZYCJA><LP>7</LP><TOWAR><KOD>705681</KOD><NAZWA>WSTĄŻKA OKOLICZNOŚCIOWA - 8cm x 45m</NAZWA><OPIS/><EAN>5901215057214</EAN><SWW/><NUMER_KATALOGOWY/><MPP>0</MPP></TOWAR><STAWKA_VAT><STAWKA>23.00</STAWKA><FLAGA>2</FLAGA><ZRODLOWA>0.00</ZRODLOWA></STAWKA_VAT><CENY><CENAZCZTEREMAMIEJSCAMI>0</CENAZCZTEREMAMIEJSCAMI><POCZATKOWA_WAL_CENNIKA>18.5000</POCZATKOWA_WAL_CENNIKA><POCZATKOWA_WAL_DOKUMENTU>18.5000</POCZATKOWA_WAL_DOKUMENTU><PO_RABACIE_WAL_CENNIKA>17.5800</PO_RABACIE_WAL_CENNIKA><PO_RABACIE_PLN>17.5800</PO_RABACIE_PLN><PO_RABACIE_WAL_DOKUMENTU>17.5800</PO_RABACIE_WAL_DOKUMENTU></CENY><WALUTA><SYMBOL>PLN</SYMBOL><KURS_L>1.00</KURS_L><KURS_M>1</KURS_M></WALUTA><RABAT>5.00</RABAT><WARTOSC_NETTO>14.29</WARTOSC_NETTO><WARTOSC_BRUTTO>17.58</WARTOSC_BRUTTO><WARTOSC_NETTO_WAL>14.29</WARTOSC_NETTO_WAL><WARTOSC_BRUTTO_WAL>17.58</WARTOSC_BRUTTO_WAL><ILOSC>1.0000</ILOSC><JM>szt</JM><JM_CALKOWITE>0.00</JM_CALKOWITE><JM_ZLOZONA><JMZ>szt</JMZ><JM_PRZELICZNIK_L>1.00</JM_PRZELICZNIK_L><JM_PRZELICZNIK_M>1</JM_PRZELICZNIK_M></JM_ZLOZONA></POZYCJA><POZYCJA><LP>8</LP><TOWAR><KOD>703978</KOD><NAZWA>WSTĄŻKA OKOLICZNOŚCIOWA - 8cm x 45m</NAZWA><OPIS/><EAN>5901215041992</EAN><SWW/><NUMER_KATALOGOWY/><MPP>0</MPP></TOWAR><STAWKA_VAT><STAWKA>23.00</STAWKA><FLAGA>2</FLAGA><ZRODLOWA>0.00</ZRODLOWA></STAWKA_VAT><CENY><CENAZCZTEREMAMIEJSCAMI>0</CENAZCZTEREMAMIEJSCAMI><POCZATKOWA_WAL_CENNIKA>18.5000</POCZATKOWA_WAL_CENNIKA><POCZATKOWA_WAL_DOKUMENTU>18.5000</POCZATKOWA_WAL_DOKUMENTU><PO_RABACIE_WAL_CENNIKA>17.5800</PO_RABACIE_WAL_CENNIKA><PO_RABACIE_PLN>17.5800</PO_RABACIE_PLN><PO_RABACIE_WAL_DOKUMENTU>17.5800</PO_RABACIE_WAL_DOKUMENTU></CENY><WALUTA><SYMBOL>PLN</SYMBOL><KURS_L>1.00</KURS_L><KURS_M>1</KURS_M></WALUTA><RABAT>5.00</RABAT><WARTOSC_NETTO>28.59</WARTOSC_NETTO><WARTOSC_BRUTTO>35.16</WARTOSC_BRUTTO><WARTOSC_NETTO_WAL>28.59</WARTOSC_NETTO_WAL><WARTOSC_BRUTTO_WAL>35.16</WARTOSC_BRUTTO_WAL><ILOSC>2.0000</ILOSC><JM>szt</JM><JM_CALKOWITE>0.00</JM_CALKOWITE><JM_ZLOZONA><JMZ>szt</JMZ><JM_PRZELICZNIK_L>1.00</JM_PRZELICZNIK_L><JM_PRZELICZNIK_M>1</JM_PRZELICZNIK_M></JM_ZLOZONA></POZYCJA><POZYCJA><LP>9</LP><TOWAR><KOD>703668</KOD><NAZWA>WSTĄŻKA OKOLICZNOŚCIOWA - 6cm x 45m</NAZWA><OPIS/><EAN>5901215074778</EAN><SWW/><NUMER_KATALOGOWY/><MPP>0</MPP></TOWAR><STAWKA_VAT><STAWKA>23.00</STAWKA><FLAGA>2</FLAGA><ZRODLOWA>0.00</ZRODLOWA></STAWKA_VAT><CENY><CENAZCZTEREMAMIEJSCAMI>0</CENAZCZTEREMAMIEJSCAMI><POCZATKOWA_WAL_CENNIKA>16.4000</POCZATKOWA_WAL_CENNIKA><POCZATKOWA_WAL_DOKUMENTU>16.4000</POCZATKOWA_WAL_DOKUMENTU><PO_RABACIE_WAL_CENNIKA>15.5800</PO_RABACIE_WAL_CENNIKA><PO_RABACIE_PLN>15.5800</PO_RABACIE_PLN><PO_RABACIE_WAL_DOKUMENTU>15.5800</PO_RABACIE_WAL_DOKUMENTU></CENY><WALUTA><SYMBOL>PLN</SYMBOL><KURS_L>1.00</KURS_L><KURS_M>1</KURS_M></WALUTA><RABAT>5.00</RABAT><WARTOSC_NETTO>25.33</WARTOSC_NETTO><WARTOSC_BRUTTO>31.16</WARTOSC_BRUTTO><WARTOSC_NETTO_WAL>25.33</WARTOSC_NETTO_WAL><WARTOSC_BRUTTO_WAL>31.16</WARTOSC_BRUTTO_WAL><ILOSC>2.0000</ILOSC><JM>szt</JM><JM_CALKOWITE>0.00</JM_CALKOWITE><JM_ZLOZONA><JMZ>szt</JMZ><JM_PRZELICZNIK_L>1.00</JM_PRZELICZNIK_L><JM_PRZELICZNIK_M>1</JM_PRZELICZNIK_M></JM_ZLOZONA></POZYCJA><POZYCJA><LP>10</LP><TOWAR><KOD>704739</KOD><NAZWA>WSTĄŻKA - 6cm x 45m</NAZWA><OPIS/><EAN>5901215068043</EAN><SWW/><NUMER_KATALOGOWY/><MPP>0</MPP></TOWAR><STAWKA_VAT><STAWKA>23.00</STAWKA><FLAGA>2</FLAGA><ZRODLOWA>0.00</ZRODLOWA></STAWKA_VAT><CENY><CENAZCZTEREMAMIEJSCAMI>0</CENAZCZTEREMAMIEJSCAMI><POCZATKOWA_WAL_CENNIKA>16.4000</POCZATKOWA_WAL_CENNIKA><POCZATKOWA_WAL_DOKUMENTU>16.4000</POCZATKOWA_WAL_DOKUMENTU><PO_RABACIE_WAL_CENNIKA>15.5800</PO_RABACIE_WAL_CENNIKA><PO_RABACIE_PLN>15.5800</PO_RABACIE_PLN><PO_RABACIE_WAL_DOKUMENTU>15.5800</PO_RABACIE_WAL_DOKUMENTU></CENY><WALUTA><SYMBOL>PLN</SYMBOL><KURS_L>1.00</KURS_L><KURS_M>1</KURS_M></WALUTA><RABAT>5.00</RABAT><WARTOSC_NETTO>25.33</WARTOSC_NETTO><WARTOSC_BRUTTO>31.16</WARTOSC_BRUTTO><WARTOSC_NETTO_WAL>25.33</WARTOSC_NETTO_WAL><WARTOSC_BRUTTO_WAL>31.16</WARTOSC_BRUTTO_WAL><ILOSC>2.0000</ILOSC><JM>szt</JM><JM_CALKOWITE>0.00</JM_CALKOWITE><JM_ZLOZONA><JMZ>szt</JMZ><JM_PRZELICZNIK_L>1.00</JM_PRZELICZNIK_L><JM_PRZELICZNIK_M>1</JM_PRZELICZNIK_M></JM_ZLOZONA></POZYCJA></POZYCJE><KAUCJE/><PLATNOSCI><PLATNOSC><FORMA>gotówka</FORMA><TERMIN>2023-01-04</TERMIN><KWOTA>459.94</KWOTA><KWOTA_W_WAL_SYSTEMOWEJ>459.94</KWOTA_W_WAL_SYSTEMOWEJ><WALUTA><SYMBOL/><KURS_L>1.00</KURS_L><KURS_M>1</KURS_M></WALUTA></PLATNOSC></PLATNOSCI><PLATNOSCI_KAUCJE/><TABELKA_VAT><LINIA_VAT><STAWKA_VAT><STAWKA>23.00</STAWKA><FLAGA>2</FLAGA><ZRODLOWA>0.00</ZRODLOWA></STAWKA_VAT><NETTO>373.93</NETTO><VAT>86.01</VAT><BRUTTO>459.94</BRUTTO><NETTO_WAL>373.93</NETTO_WAL><VAT_WAL>86.01</VAT_WAL><BRUTTO_WAL>459.94</BRUTTO_WAL></LINIA_VAT></TABELKA_VAT><ATRYBUTY/></DOKUMENT></ROOT>
