<?xml version="1.0" encoding="UTF-8"?>
<ROOT xmlns="http://www.cdn.com.pl/optima/dokument"><DOKUMENT><NAGLOWEK><GENERATOR>Comarch Opt!ma</GENERATOR><TYP_DOKUMENTU>302</TYP_DOKUMENTU><RODZAJ_DOKUMENTU>302004</RODZAJ_DOKUMENTU><FV_MARZA>0</FV_MARZA><FV_MARZA_RODZAJ>0</FV_MARZA_RODZAJ><NUMER_PELNY>FA/310/2023</NUMER_PELNY><DATA_DOKUMENTU>2023-01-16</DATA_DOKUMENTU><DATA_WYSTAWIENIA>2023-01-16</DATA_WYSTAWIENIA><DATA_OPERACJI>2023-01-16</DATA_OPERACJI><TERMIN_ZWROTU_KAUCJI>2023-03-17</TERMIN_ZWROTU_KAUCJI><KOREKTA>0</KOREKTA><DETAL>0</DETAL><TYP_NETTO_BRUTTO>2</TYP_NETTO_BRUTTO><RABAT>9.06</RABAT><OPIS>Dok.: FA/310/2023 (Faktura sprzedaży z wygenerowanym WZ)</OPIS><PLATNIK><KOD>BIAŁOZOR</KOD><NIP_KRAJ>PL</NIP_KRAJ><NIP>9660490860</NIP><GLN/><NAZWA>KWIACIARNIA STANISŁAW BIAŁOZOR</NAZWA><MPP>0</MPP><ADRES><KOD_POCZTOWY>16-020</KOD_POCZTOWY><MIASTO/><ULICA>ul.SIENKIEWICZA 2</ULICA><KRAJ>Polska</KRAJ></ADRES></PLATNIK><ODBIORCA><KOD>BIAŁOZOR</KOD><NIP_KRAJ>PL</NIP_KRAJ><NIP>9660490860</NIP><GLN/><NAZWA>KWIACIARNIA STANISŁAW BIAŁOZOR</NAZWA><ADRES><KOD_POCZTOWY>16-020</KOD_POCZTOWY><MIASTO/><ULICA>ul.SIENKIEWICZA 2</ULICA><KRAJ>Polska</KRAJ></ADRES></ODBIORCA><SPRZEDAWCA><NIP_KRAJ>PL</NIP_KRAJ><NIP>546-000-03-17</NIP><GLN>0000000000000</GLN><NAZWA>P.H.U. "KROKUS" HURTOWNIA KWIATÓW LESZEK WOŁKOWICZ</NAZWA><ADRES><KOD_POCZTOWY>15-257</KOD_POCZTOWY><MIASTO>BIAŁYSTOK</MIASTO><ULICA>ul. A. MICKIEWICZA 95</ULICA><KRAJ>Polska</KRAJ></ADRES><NUMER_KONTA_BANKOWEGO/><NAZWA_BANKU/></SPRZEDAWCA><KATEGORIA><KOD/><OPIS/></KATEGORIA><PLATNOSC><FORMA>gotówka</FORMA><TERMIN>2023-01-16</TERMIN><MPP>0</MPP></PLATNOSC><WALUTA><SYMBOL>PLN</SYMBOL><KURS_L>1.00</KURS_L><KURS_M>1</KURS_M><PLAT_WAL_OD_PLN>0</PLAT_WAL_OD_PLN><KURS_NUMER>3</KURS_NUMER><KURS_DATA>2023-01-16</KURS_DATA></WALUTA><KWOTY><RAZEM_NETTO_WAL>679.13</RAZEM_NETTO_WAL><RAZEM_NETTO>679.13</RAZEM_NETTO><RAZEM_BRUTTO>787.59</RAZEM_BRUTTO><RAZEM_VAT>108.46</RAZEM_VAT></KWOTY><MAGAZYN_ZRODLOWY>MAGAZYN</MAGAZYN_ZRODLOWY><MAGAZYN_DOCELOWY/><KAUCJE_PLATNOSCI>0</KAUCJE_PLATNOSCI><BLOKADA_PLATNOSCI>0</BLOKADA_PLATNOSCI><VAT_DLA_DOK_WAL>0</VAT_DLA_DOK_WAL><TRYB_NETTO_VAT>0</TRYB_NETTO_VAT><STATUS_PLATNIKA>0</STATUS_PLATNIKA><ROZLICZAM_PODATEK_W_OSS>0</ROZLICZAM_PODATEK_W_OSS></NAGLOWEK><POZYCJE><POZYCJA><LP>1</LP><TOWAR><KOD>1000103</KOD><NAZWA>ANTURIUM</NAZWA><OPIS/><EAN/><SWW/><NUMER_KATALOGOWY/><MPP>0</MPP></TOWAR><STAWKA_VAT><STAWKA>8.00</STAWKA><FLAGA>2</FLAGA><ZRODLOWA>0.00</ZRODLOWA></STAWKA_VAT><CENY><CENAZCZTEREMAMIEJSCAMI>0</CENAZCZTEREMAMIEJSCAMI><POCZATKOWA_WAL_CENNIKA>33.0000</POCZATKOWA_WAL_CENNIKA><POCZATKOWA_WAL_DOKUMENTU>33.0000</POCZATKOWA_WAL_DOKUMENTU><PO_RABACIE_WAL_CENNIKA>29.7000</PO_RABACIE_WAL_CENNIKA><PO_RABACIE_PLN>29.7000</PO_RABACIE_PLN><PO_RABACIE_WAL_DOKUMENTU>29.7000</PO_RABACIE_WAL_DOKUMENTU></CENY><WALUTA><SYMBOL>PLN</SYMBOL><KURS_L>1.00</KURS_L><KURS_M>1</KURS_M></WALUTA><RABAT>10.00</RABAT><WARTOSC_NETTO>27.50</WARTOSC_NETTO><WARTOSC_BRUTTO>29.70</WARTOSC_BRUTTO><WARTOSC_NETTO_WAL>27.50</WARTOSC_NETTO_WAL><WARTOSC_BRUTTO_WAL>29.70</WARTOSC_BRUTTO_WAL><ILOSC>1.0000</ILOSC><JM>szt.</JM><JM_CALKOWITE>0.00</JM_CALKOWITE><JM_ZLOZONA><JMZ>szt.</JMZ><JM_PRZELICZNIK_L>1.00</JM_PRZELICZNIK_L><JM_PRZELICZNIK_M>1</JM_PRZELICZNIK_M></JM_ZLOZONA></POZYCJA><POZYCJA><LP>2</LP><TOWAR><KOD>1000136</KOD><NAZWA>PHILODENDRON</NAZWA><OPIS/><EAN/><SWW/><NUMER_KATALOGOWY/><MPP>0</MPP></TOWAR><STAWKA_VAT><STAWKA>8.00</STAWKA><FLAGA>2</FLAGA><ZRODLOWA>0.00</ZRODLOWA></STAWKA_VAT><CENY><CENAZCZTEREMAMIEJSCAMI>0</CENAZCZTEREMAMIEJSCAMI><POCZATKOWA_WAL_CENNIKA>35.0000</POCZATKOWA_WAL_CENNIKA><POCZATKOWA_WAL_DOKUMENTU>35.0000</POCZATKOWA_WAL_DOKUMENTU><PO_RABACIE_WAL_CENNIKA>31.5000</PO_RABACIE_WAL_CENNIKA><PO_RABACIE_PLN>31.5000</PO_RABACIE_PLN><PO_RABACIE_WAL_DOKUMENTU>31.5000</PO_RABACIE_WAL_DOKUMENTU></CENY><WALUTA><SYMBOL>PLN</SYMBOL><KURS_L>1.00</KURS_L><KURS_M>1</KURS_M></WALUTA><RABAT>10.00</RABAT><WARTOSC_NETTO>29.17</WARTOSC_NETTO><WARTOSC_BRUTTO>31.50</WARTOSC_BRUTTO><WARTOSC_NETTO_WAL>29.17</WARTOSC_NETTO_WAL><WARTOSC_BRUTTO_WAL>31.50</WARTOSC_BRUTTO_WAL><ILOSC>1.0000</ILOSC><JM>szt.</JM><JM_CALKOWITE>0.00</JM_CALKOWITE><JM_ZLOZONA><JMZ>szt.</JMZ><JM_PRZELICZNIK_L>1.00</JM_PRZELICZNIK_L><JM_PRZELICZNIK_M>1</JM_PRZELICZNIK_M></JM_ZLOZONA></POZYCJA><POZYCJA><LP>3</LP><TOWAR><KOD>1000105</KOD><NAZWA>AZALIA</NAZWA><OPIS/><EAN/><SWW/><NUMER_KATALOGOWY/><MPP>0</MPP></TOWAR><STAWKA_VAT><STAWKA>8.00</STAWKA><FLAGA>2</FLAGA><ZRODLOWA>0.00</ZRODLOWA></STAWKA_VAT><CENY><CENAZCZTEREMAMIEJSCAMI>0</CENAZCZTEREMAMIEJSCAMI><POCZATKOWA_WAL_CENNIKA>12.0000</POCZATKOWA_WAL_CENNIKA><POCZATKOWA_WAL_DOKUMENTU>12.0000</POCZATKOWA_WAL_DOKUMENTU><PO_RABACIE_WAL_CENNIKA>10.8000</PO_RABACIE_WAL_CENNIKA><PO_RABACIE_PLN>10.8000</PO_RABACIE_PLN><PO_RABACIE_WAL_DOKUMENTU>10.8000</PO_RABACIE_WAL_DOKUMENTU></CENY><WALUTA><SYMBOL>PLN</SYMBOL><KURS_L>1.00</KURS_L><KURS_M>1</KURS_M></WALUTA><RABAT>10.00</RABAT><WARTOSC_NETTO>20.00</WARTOSC_NETTO><WARTOSC_BRUTTO>21.60</WARTOSC_BRUTTO><WARTOSC_NETTO_WAL>20.00</WARTOSC_NETTO_WAL><WARTOSC_BRUTTO_WAL>21.60</WARTOSC_BRUTTO_WAL><ILOSC>2.0000</ILOSC><JM>szt.</JM><JM_CALKOWITE>0.00</JM_CALKOWITE><JM_ZLOZONA><JMZ>szt.</JMZ><JM_PRZELICZNIK_L>1.00</JM_PRZELICZNIK_L><JM_PRZELICZNIK_M>1</JM_PRZELICZNIK_M></JM_ZLOZONA></POZYCJA><POZYCJA><LP>4</LP><TOWAR><KOD>1000144</KOD><NAZWA>STEPHANOTIS</NAZWA><OPIS/><EAN/><SWW/><NUMER_KATALOGOWY/><MPP>0</MPP></TOWAR><STAWKA_VAT><STAWKA>8.00</STAWKA><FLAGA>2</FLAGA><ZRODLOWA>0.00</ZRODLOWA></STAWKA_VAT><CENY><CENAZCZTEREMAMIEJSCAMI>0</CENAZCZTEREMAMIEJSCAMI><POCZATKOWA_WAL_CENNIKA>39.0000</POCZATKOWA_WAL_CENNIKA><POCZATKOWA_WAL_DOKUMENTU>39.0000</POCZATKOWA_WAL_DOKUMENTU><PO_RABACIE_WAL_CENNIKA>39.0000</PO_RABACIE_WAL_CENNIKA><PO_RABACIE_PLN>39.0000</PO_RABACIE_PLN><PO_RABACIE_WAL_DOKUMENTU>39.0000</PO_RABACIE_WAL_DOKUMENTU></CENY><WALUTA><SYMBOL>PLN</SYMBOL><KURS_L>1.00</KURS_L><KURS_M>1</KURS_M></WALUTA><RABAT>0.00</RABAT><WARTOSC_NETTO>36.11</WARTOSC_NETTO><WARTOSC_BRUTTO>39.00</WARTOSC_BRUTTO><WARTOSC_NETTO_WAL>36.11</WARTOSC_NETTO_WAL><WARTOSC_BRUTTO_WAL>39.00</WARTOSC_BRUTTO_WAL><ILOSC>1.0000</ILOSC><JM>szt.</JM><JM_CALKOWITE>0.00</JM_CALKOWITE><JM_ZLOZONA><JMZ>szt.</JMZ><JM_PRZELICZNIK_L>1.00</JM_PRZELICZNIK_L><JM_PRZELICZNIK_M>1</JM_PRZELICZNIK_M></JM_ZLOZONA></POZYCJA><POZYCJA><LP>5</LP><TOWAR><KOD>1000115</KOD><NAZWA>DENDROBIUM</NAZWA><OPIS/><EAN/><SWW/><NUMER_KATALOGOWY/><MPP>0</MPP></TOWAR><STAWKA_VAT><STAWKA>8.00</STAWKA><FLAGA>2</FLAGA><ZRODLOWA>0.00</ZRODLOWA></STAWKA_VAT><CENY><CENAZCZTEREMAMIEJSCAMI>0</CENAZCZTEREMAMIEJSCAMI><POCZATKOWA_WAL_CENNIKA>42.0000</POCZATKOWA_WAL_CENNIKA><POCZATKOWA_WAL_DOKUMENTU>42.0000</POCZATKOWA_WAL_DOKUMENTU><PO_RABACIE_WAL_CENNIKA>42.0000</PO_RABACIE_WAL_CENNIKA><PO_RABACIE_PLN>42.0000</PO_RABACIE_PLN><PO_RABACIE_WAL_DOKUMENTU>42.0000</PO_RABACIE_WAL_DOKUMENTU></CENY><WALUTA><SYMBOL>PLN</SYMBOL><KURS_L>1.00</KURS_L><KURS_M>1</KURS_M></WALUTA><RABAT>0.00</RABAT><WARTOSC_NETTO>38.89</WARTOSC_NETTO><WARTOSC_BRUTTO>42.00</WARTOSC_BRUTTO><WARTOSC_NETTO_WAL>38.89</WARTOSC_NETTO_WAL><WARTOSC_BRUTTO_WAL>42.00</WARTOSC_BRUTTO_WAL><ILOSC>1.0000</ILOSC><JM>szt.</JM><JM_CALKOWITE>0.00</JM_CALKOWITE><JM_ZLOZONA><JMZ>szt.</JMZ><JM_PRZELICZNIK_L>1.00</JM_PRZELICZNIK_L><JM_PRZELICZNIK_M>1</JM_PRZELICZNIK_M></JM_ZLOZONA></POZYCJA><POZYCJA><LP>6</LP><TOWAR><KOD>1000124</KOD><NAZWA>KALANCHOE</NAZWA><OPIS/><EAN/><SWW/><NUMER_KATALOGOWY/><MPP>0</MPP></TOWAR><STAWKA_VAT><STAWKA>8.00</STAWKA><FLAGA>2</FLAGA><ZRODLOWA>0.00</ZRODLOWA></STAWKA_VAT><CENY><CENAZCZTEREMAMIEJSCAMI>0</CENAZCZTEREMAMIEJSCAMI><POCZATKOWA_WAL_CENNIKA>14.5000</POCZATKOWA_WAL_CENNIKA><POCZATKOWA_WAL_DOKUMENTU>14.5000</POCZATKOWA_WAL_DOKUMENTU><PO_RABACIE_WAL_CENNIKA>13.0500</PO_RABACIE_WAL_CENNIKA><PO_RABACIE_PLN>13.0500</PO_RABACIE_PLN><PO_RABACIE_WAL_DOKUMENTU>13.0500</PO_RABACIE_WAL_DOKUMENTU></CENY><WALUTA><SYMBOL>PLN</SYMBOL><KURS_L>1.00</KURS_L><KURS_M>1</KURS_M></WALUTA><RABAT>10.00</RABAT><WARTOSC_NETTO>12.08</WARTOSC_NETTO><WARTOSC_BRUTTO>13.05</WARTOSC_BRUTTO><WARTOSC_NETTO_WAL>12.08</WARTOSC_NETTO_WAL><WARTOSC_BRUTTO_WAL>13.05</WARTOSC_BRUTTO_WAL><ILOSC>1.0000</ILOSC><JM>szt.</JM><JM_CALKOWITE>0.00</JM_CALKOWITE><JM_ZLOZONA><JMZ>szt.</JMZ><JM_PRZELICZNIK_L>1.00</JM_PRZELICZNIK_L><JM_PRZELICZNIK_M>1</JM_PRZELICZNIK_M></JM_ZLOZONA></POZYCJA><POZYCJA><LP>7</LP><TOWAR><KOD>1000126</KOD><NAZWA>KALANCHOE</NAZWA><OPIS/><EAN/><SWW/><NUMER_KATALOGOWY/><MPP>0</MPP></TOWAR><STAWKA_VAT><STAWKA>8.00</STAWKA><FLAGA>2</FLAGA><ZRODLOWA>0.00</ZRODLOWA></STAWKA_VAT><CENY><CENAZCZTEREMAMIEJSCAMI>0</CENAZCZTEREMAMIEJSCAMI><POCZATKOWA_WAL_CENNIKA>14.5000</POCZATKOWA_WAL_CENNIKA><POCZATKOWA_WAL_DOKUMENTU>14.5000</POCZATKOWA_WAL_DOKUMENTU><PO_RABACIE_WAL_CENNIKA>13.0500</PO_RABACIE_WAL_CENNIKA><PO_RABACIE_PLN>13.0500</PO_RABACIE_PLN><PO_RABACIE_WAL_DOKUMENTU>13.0500</PO_RABACIE_WAL_DOKUMENTU></CENY><WALUTA><SYMBOL>PLN</SYMBOL><KURS_L>1.00</KURS_L><KURS_M>1</KURS_M></WALUTA><RABAT>10.00</RABAT><WARTOSC_NETTO>36.25</WARTOSC_NETTO><WARTOSC_BRUTTO>39.15</WARTOSC_BRUTTO><WARTOSC_NETTO_WAL>36.25</WARTOSC_NETTO_WAL><WARTOSC_BRUTTO_WAL>39.15</WARTOSC_BRUTTO_WAL><ILOSC>3.0000</ILOSC><JM>szt.</JM><JM_CALKOWITE>0.00</JM_CALKOWITE><JM_ZLOZONA><JMZ>szt.</JMZ><JM_PRZELICZNIK_L>1.00</JM_PRZELICZNIK_L><JM_PRZELICZNIK_M>1</JM_PRZELICZNIK_M></JM_ZLOZONA></POZYCJA><POZYCJA><LP>8</LP><TOWAR><KOD>1000137</KOD><NAZWA>ROZA DONICZKOWA</NAZWA><OPIS/><EAN/><SWW/><NUMER_KATALOGOWY/><MPP>0</MPP></TOWAR><STAWKA_VAT><STAWKA>8.00</STAWKA><FLAGA>2</FLAGA><ZRODLOWA>0.00</ZRODLOWA></STAWKA_VAT><CENY><CENAZCZTEREMAMIEJSCAMI>0</CENAZCZTEREMAMIEJSCAMI><POCZATKOWA_WAL_CENNIKA>17.5000</POCZATKOWA_WAL_CENNIKA><POCZATKOWA_WAL_DOKUMENTU>17.5000</POCZATKOWA_WAL_DOKUMENTU><PO_RABACIE_WAL_CENNIKA>15.7500</PO_RABACIE_WAL_CENNIKA><PO_RABACIE_PLN>15.7500</PO_RABACIE_PLN><PO_RABACIE_WAL_DOKUMENTU>15.7500</PO_RABACIE_WAL_DOKUMENTU></CENY><WALUTA><SYMBOL>PLN</SYMBOL><KURS_L>1.00</KURS_L><KURS_M>1</KURS_M></WALUTA><RABAT>10.00</RABAT><WARTOSC_NETTO>29.17</WARTOSC_NETTO><WARTOSC_BRUTTO>31.50</WARTOSC_BRUTTO><WARTOSC_NETTO_WAL>29.17</WARTOSC_NETTO_WAL><WARTOSC_BRUTTO_WAL>31.50</WARTOSC_BRUTTO_WAL><ILOSC>2.0000</ILOSC><JM>szt.</JM><JM_CALKOWITE>0.00</JM_CALKOWITE><JM_ZLOZONA><JMZ>szt.</JMZ><JM_PRZELICZNIK_L>1.00</JM_PRZELICZNIK_L><JM_PRZELICZNIK_M>1</JM_PRZELICZNIK_M></JM_ZLOZONA></POZYCJA><POZYCJA><LP>9</LP><TOWAR><KOD>1000125</KOD><NAZWA>KALANCHOE</NAZWA><OPIS/><EAN/><SWW/><NUMER_KATALOGOWY/><MPP>0</MPP></TOWAR><STAWKA_VAT><STAWKA>8.00</STAWKA><FLAGA>2</FLAGA><ZRODLOWA>0.00</ZRODLOWA></STAWKA_VAT><CENY><CENAZCZTEREMAMIEJSCAMI>0</CENAZCZTEREMAMIEJSCAMI><POCZATKOWA_WAL_CENNIKA>22.0000</POCZATKOWA_WAL_CENNIKA><POCZATKOWA_WAL_DOKUMENTU>22.0000</POCZATKOWA_WAL_DOKUMENTU><PO_RABACIE_WAL_CENNIKA>19.8000</PO_RABACIE_WAL_CENNIKA><PO_RABACIE_PLN>19.8000</PO_RABACIE_PLN><PO_RABACIE_WAL_DOKUMENTU>19.8000</PO_RABACIE_WAL_DOKUMENTU></CENY><WALUTA><SYMBOL>PLN</SYMBOL><KURS_L>1.00</KURS_L><KURS_M>1</KURS_M></WALUTA><RABAT>10.00</RABAT><WARTOSC_NETTO>36.67</WARTOSC_NETTO><WARTOSC_BRUTTO>39.60</WARTOSC_BRUTTO><WARTOSC_NETTO_WAL>36.67</WARTOSC_NETTO_WAL><WARTOSC_BRUTTO_WAL>39.60</WARTOSC_BRUTTO_WAL><ILOSC>2.0000</ILOSC><JM>szt.</JM><JM_CALKOWITE>0.00</JM_CALKOWITE><JM_ZLOZONA><JMZ>szt.</JMZ><JM_PRZELICZNIK_L>1.00</JM_PRZELICZNIK_L><JM_PRZELICZNIK_M>1</JM_PRZELICZNIK_M></JM_ZLOZONA></POZYCJA><POZYCJA><LP>10</LP><TOWAR><KOD>1000148</KOD><NAZWA>VRIESEA</NAZWA><OPIS/><EAN/><SWW/><NUMER_KATALOGOWY/><MPP>0</MPP></TOWAR><STAWKA_VAT><STAWKA>8.00</STAWKA><FLAGA>2</FLAGA><ZRODLOWA>0.00</ZRODLOWA></STAWKA_VAT><CENY><CENAZCZTEREMAMIEJSCAMI>0</CENAZCZTEREMAMIEJSCAMI><POCZATKOWA_WAL_CENNIKA>29.0000</POCZATKOWA_WAL_CENNIKA><POCZATKOWA_WAL_DOKUMENTU>29.0000</POCZATKOWA_WAL_DOKUMENTU><PO_RABACIE_WAL_CENNIKA>26.1000</PO_RABACIE_WAL_CENNIKA><PO_RABACIE_PLN>26.1000</PO_RABACIE_PLN><PO_RABACIE_WAL_DOKUMENTU>26.1000</PO_RABACIE_WAL_DOKUMENTU></CENY><WALUTA><SYMBOL>PLN</SYMBOL><KURS_L>1.00</KURS_L><KURS_M>1</KURS_M></WALUTA><RABAT>10.00</RABAT><WARTOSC_NETTO>24.17</WARTOSC_NETTO><WARTOSC_BRUTTO>26.10</WARTOSC_BRUTTO><WARTOSC_NETTO_WAL>24.17</WARTOSC_NETTO_WAL><WARTOSC_BRUTTO_WAL>26.10</WARTOSC_BRUTTO_WAL><ILOSC>1.0000</ILOSC><JM>szt.</JM><JM_CALKOWITE>0.00</JM_CALKOWITE><JM_ZLOZONA><JMZ>szt.</JMZ><JM_PRZELICZNIK_L>1.00</JM_PRZELICZNIK_L><JM_PRZELICZNIK_M>1</JM_PRZELICZNIK_M></JM_ZLOZONA></POZYCJA><POZYCJA><LP>11</LP><TOWAR><KOD>1000117</KOD><NAZWA>GOZDZIK </NAZWA><OPIS/><EAN/><SWW/><NUMER_KATALOGOWY/><MPP>0</MPP></TOWAR><STAWKA_VAT><STAWKA>8.00</STAWKA><FLAGA>2</FLAGA><ZRODLOWA>0.00</ZRODLOWA></STAWKA_VAT><CENY><CENAZCZTEREMAMIEJSCAMI>0</CENAZCZTEREMAMIEJSCAMI><POCZATKOWA_WAL_CENNIKA>8.5000</POCZATKOWA_WAL_CENNIKA><POCZATKOWA_WAL_DOKUMENTU>8.5000</POCZATKOWA_WAL_DOKUMENTU><PO_RABACIE_WAL_CENNIKA>7.6500</PO_RABACIE_WAL_CENNIKA><PO_RABACIE_PLN>7.6500</PO_RABACIE_PLN><PO_RABACIE_WAL_DOKUMENTU>7.6500</PO_RABACIE_WAL_DOKUMENTU></CENY><WALUTA><SYMBOL>PLN</SYMBOL><KURS_L>1.00</KURS_L><KURS_M>1</KURS_M></WALUTA><RABAT>10.00</RABAT><WARTOSC_NETTO>28.33</WARTOSC_NETTO><WARTOSC_BRUTTO>30.60</WARTOSC_BRUTTO><WARTOSC_NETTO_WAL>28.33</WARTOSC_NETTO_WAL><WARTOSC_BRUTTO_WAL>30.60</WARTOSC_BRUTTO_WAL><ILOSC>4.0000</ILOSC><JM>szt.</JM><JM_CALKOWITE>0.00</JM_CALKOWITE><JM_ZLOZONA><JMZ>szt.</JMZ><JM_PRZELICZNIK_L>1.00</JM_PRZELICZNIK_L><JM_PRZELICZNIK_M>1</JM_PRZELICZNIK_M></JM_ZLOZONA></POZYCJA><POZYCJA><LP>12</LP><TOWAR><KOD>717414</KOD><NAZWA>KOSZ Z ŁUBY DUŻY PASTELOWY</NAZWA><OPIS/><EAN/><SWW/><NUMER_KATALOGOWY/><MPP>0</MPP></TOWAR><STAWKA_VAT><STAWKA>23.00</STAWKA><FLAGA>2</FLAGA><ZRODLOWA>0.00</ZRODLOWA></STAWKA_VAT><CENY><CENAZCZTEREMAMIEJSCAMI>0</CENAZCZTEREMAMIEJSCAMI><POCZATKOWA_WAL_CENNIKA>7.8000</POCZATKOWA_WAL_CENNIKA><POCZATKOWA_WAL_DOKUMENTU>7.8000</POCZATKOWA_WAL_DOKUMENTU><PO_RABACIE_WAL_CENNIKA>7.0200</PO_RABACIE_WAL_CENNIKA><PO_RABACIE_PLN>7.0200</PO_RABACIE_PLN><PO_RABACIE_WAL_DOKUMENTU>7.0200</PO_RABACIE_WAL_DOKUMENTU></CENY><WALUTA><SYMBOL>PLN</SYMBOL><KURS_L>1.00</KURS_L><KURS_M>1</KURS_M></WALUTA><RABAT>10.00</RABAT><WARTOSC_NETTO>28.54</WARTOSC_NETTO><WARTOSC_BRUTTO>35.10</WARTOSC_BRUTTO><WARTOSC_NETTO_WAL>28.54</WARTOSC_NETTO_WAL><WARTOSC_BRUTTO_WAL>35.10</WARTOSC_BRUTTO_WAL><ILOSC>5.0000</ILOSC><JM>szt</JM><JM_CALKOWITE>0.00</JM_CALKOWITE><JM_ZLOZONA><JMZ>szt</JMZ><JM_PRZELICZNIK_L>1.00</JM_PRZELICZNIK_L><JM_PRZELICZNIK_M>1</JM_PRZELICZNIK_M></JM_ZLOZONA></POZYCJA><POZYCJA><LP>13</LP><TOWAR><KOD>717372</KOD><NAZWA>KOSZ WIKLINOWY - GF16437</NAZWA><OPIS/><EAN>5901138266885</EAN><SWW/><NUMER_KATALOGOWY/><MPP>0</MPP></TOWAR><STAWKA_VAT><STAWKA>23.00</STAWKA><FLAGA>2</FLAGA><ZRODLOWA>0.00</ZRODLOWA></STAWKA_VAT><CENY><CENAZCZTEREMAMIEJSCAMI>0</CENAZCZTEREMAMIEJSCAMI><POCZATKOWA_WAL_CENNIKA>6.0000</POCZATKOWA_WAL_CENNIKA><POCZATKOWA_WAL_DOKUMENTU>6.0000</POCZATKOWA_WAL_DOKUMENTU><PO_RABACIE_WAL_CENNIKA>5.4000</PO_RABACIE_WAL_CENNIKA><PO_RABACIE_PLN>5.4000</PO_RABACIE_PLN><PO_RABACIE_WAL_DOKUMENTU>5.4000</PO_RABACIE_WAL_DOKUMENTU></CENY><WALUTA><SYMBOL>PLN</SYMBOL><KURS_L>1.00</KURS_L><KURS_M>1</KURS_M></WALUTA><RABAT>10.00</RABAT><WARTOSC_NETTO>26.34</WARTOSC_NETTO><WARTOSC_BRUTTO>32.40</WARTOSC_BRUTTO><WARTOSC_NETTO_WAL>26.34</WARTOSC_NETTO_WAL><WARTOSC_BRUTTO_WAL>32.40</WARTOSC_BRUTTO_WAL><ILOSC>6.0000</ILOSC><JM>szt.</JM><JM_CALKOWITE>0.00</JM_CALKOWITE><JM_ZLOZONA><JMZ>szt.</JMZ><JM_PRZELICZNIK_L>1.00</JM_PRZELICZNIK_L><JM_PRZELICZNIK_M>1</JM_PRZELICZNIK_M></JM_ZLOZONA></POZYCJA><POZYCJA><LP>14</LP><TOWAR><KOD>663734</KOD><NAZWA>PUDEŁKO Z WIECZKIEM OKRĄGŁE </NAZWA><OPIS/><EAN>5901720269157</EAN><SWW/><NUMER_KATALOGOWY/><MPP>0</MPP></TOWAR><STAWKA_VAT><STAWKA>23.00</STAWKA><FLAGA>2</FLAGA><ZRODLOWA>0.00</ZRODLOWA></STAWKA_VAT><CENY><CENAZCZTEREMAMIEJSCAMI>0</CENAZCZTEREMAMIEJSCAMI><POCZATKOWA_WAL_CENNIKA>13.4000</POCZATKOWA_WAL_CENNIKA><POCZATKOWA_WAL_DOKUMENTU>13.4000</POCZATKOWA_WAL_DOKUMENTU><PO_RABACIE_WAL_CENNIKA>12.0600</PO_RABACIE_WAL_CENNIKA><PO_RABACIE_PLN>12.0600</PO_RABACIE_PLN><PO_RABACIE_WAL_DOKUMENTU>12.0600</PO_RABACIE_WAL_DOKUMENTU></CENY><WALUTA><SYMBOL>PLN</SYMBOL><KURS_L>1.00</KURS_L><KURS_M>1</KURS_M></WALUTA><RABAT>10.00</RABAT><WARTOSC_NETTO>19.61</WARTOSC_NETTO><WARTOSC_BRUTTO>24.12</WARTOSC_BRUTTO><WARTOSC_NETTO_WAL>19.61</WARTOSC_NETTO_WAL><WARTOSC_BRUTTO_WAL>24.12</WARTOSC_BRUTTO_WAL><ILOSC>2.0000</ILOSC><JM>szt</JM><JM_CALKOWITE>0.00</JM_CALKOWITE><JM_ZLOZONA><JMZ>szt</JMZ><JM_PRZELICZNIK_L>1.00</JM_PRZELICZNIK_L><JM_PRZELICZNIK_M>1</JM_PRZELICZNIK_M></JM_ZLOZONA></POZYCJA><POZYCJA><LP>15</LP><TOWAR><KOD>717572</KOD><NAZWA>YF019115 KOSZ WIKLINOWY</NAZWA><OPIS/><EAN>5901138263716</EAN><SWW/><NUMER_KATALOGOWY/><MPP>0</MPP></TOWAR><STAWKA_VAT><STAWKA>23.00</STAWKA><FLAGA>2</FLAGA><ZRODLOWA>0.00</ZRODLOWA></STAWKA_VAT><CENY><CENAZCZTEREMAMIEJSCAMI>0</CENAZCZTEREMAMIEJSCAMI><POCZATKOWA_WAL_CENNIKA>8.9000</POCZATKOWA_WAL_CENNIKA><POCZATKOWA_WAL_DOKUMENTU>8.9000</POCZATKOWA_WAL_DOKUMENTU><PO_RABACIE_WAL_CENNIKA>8.0100</PO_RABACIE_WAL_CENNIKA><PO_RABACIE_PLN>8.0100</PO_RABACIE_PLN><PO_RABACIE_WAL_DOKUMENTU>8.0100</PO_RABACIE_WAL_DOKUMENTU></CENY><WALUTA><SYMBOL>PLN</SYMBOL><KURS_L>1.00</KURS_L><KURS_M>1</KURS_M></WALUTA><RABAT>10.00</RABAT><WARTOSC_NETTO>65.12</WARTOSC_NETTO><WARTOSC_BRUTTO>80.10</WARTOSC_BRUTTO><WARTOSC_NETTO_WAL>65.12</WARTOSC_NETTO_WAL><WARTOSC_BRUTTO_WAL>80.10</WARTOSC_BRUTTO_WAL><ILOSC>10.0000</ILOSC><JM>szt</JM><JM_CALKOWITE>0.00</JM_CALKOWITE><JM_ZLOZONA><JMZ>szt</JMZ><JM_PRZELICZNIK_L>1.00</JM_PRZELICZNIK_L><JM_PRZELICZNIK_M>1</JM_PRZELICZNIK_M></JM_ZLOZONA></POZYCJA><POZYCJA><LP>16</LP><TOWAR><KOD>663735</KOD><NAZWA>PUDEŁKO OKRĄGŁE Z WIECZKIEM I SZNURKIEM</NAZWA><OPIS/><EAN>5901720269140</EAN><SWW/><NUMER_KATALOGOWY/><MPP>0</MPP></TOWAR><STAWKA_VAT><STAWKA>23.00</STAWKA><FLAGA>2</FLAGA><ZRODLOWA>0.00</ZRODLOWA></STAWKA_VAT><CENY><CENAZCZTEREMAMIEJSCAMI>0</CENAZCZTEREMAMIEJSCAMI><POCZATKOWA_WAL_CENNIKA>13.4000</POCZATKOWA_WAL_CENNIKA><POCZATKOWA_WAL_DOKUMENTU>13.4000</POCZATKOWA_WAL_DOKUMENTU><PO_RABACIE_WAL_CENNIKA>12.0600</PO_RABACIE_WAL_CENNIKA><PO_RABACIE_PLN>12.0600</PO_RABACIE_PLN><PO_RABACIE_WAL_DOKUMENTU>12.0600</PO_RABACIE_WAL_DOKUMENTU></CENY><WALUTA><SYMBOL>PLN</SYMBOL><KURS_L>1.00</KURS_L><KURS_M>1</KURS_M></WALUTA><RABAT>10.00</RABAT><WARTOSC_NETTO>19.61</WARTOSC_NETTO><WARTOSC_BRUTTO>24.12</WARTOSC_BRUTTO><WARTOSC_NETTO_WAL>19.61</WARTOSC_NETTO_WAL><WARTOSC_BRUTTO_WAL>24.12</WARTOSC_BRUTTO_WAL><ILOSC>2.0000</ILOSC><JM>szt</JM><JM_CALKOWITE>0.00</JM_CALKOWITE><JM_ZLOZONA><JMZ>szt</JMZ><JM_PRZELICZNIK_L>1.00</JM_PRZELICZNIK_L><JM_PRZELICZNIK_M>1</JM_PRZELICZNIK_M></JM_ZLOZONA></POZYCJA><POZYCJA><LP>17</LP><TOWAR><KOD>708109</KOD><NAZWA>PAPIER FLORYSTYCZNY WODOODPORNY  KROPKI 50CM X 9Y</NAZWA><OPIS/><EAN>708109</EAN><SWW/><NUMER_KATALOGOWY/><MPP>0</MPP></TOWAR><STAWKA_VAT><STAWKA>23.00</STAWKA><FLAGA>2</FLAGA><ZRODLOWA>0.00</ZRODLOWA></STAWKA_VAT><CENY><CENAZCZTEREMAMIEJSCAMI>0</CENAZCZTEREMAMIEJSCAMI><POCZATKOWA_WAL_CENNIKA>14.0000</POCZATKOWA_WAL_CENNIKA><POCZATKOWA_WAL_DOKUMENTU>14.0000</POCZATKOWA_WAL_DOKUMENTU><PO_RABACIE_WAL_CENNIKA>12.6000</PO_RABACIE_WAL_CENNIKA><PO_RABACIE_PLN>12.6000</PO_RABACIE_PLN><PO_RABACIE_WAL_DOKUMENTU>12.6000</PO_RABACIE_WAL_DOKUMENTU></CENY><WALUTA><SYMBOL>PLN</SYMBOL><KURS_L>1.00</KURS_L><KURS_M>1</KURS_M></WALUTA><RABAT>10.00</RABAT><WARTOSC_NETTO>20.49</WARTOSC_NETTO><WARTOSC_BRUTTO>25.20</WARTOSC_BRUTTO><WARTOSC_NETTO_WAL>20.49</WARTOSC_NETTO_WAL><WARTOSC_BRUTTO_WAL>25.20</WARTOSC_BRUTTO_WAL><ILOSC>2.0000</ILOSC><JM>szt</JM><JM_CALKOWITE>0.00</JM_CALKOWITE><JM_ZLOZONA><JMZ>szt</JMZ><JM_PRZELICZNIK_L>1.00</JM_PRZELICZNIK_L><JM_PRZELICZNIK_M>1</JM_PRZELICZNIK_M></JM_ZLOZONA></POZYCJA><POZYCJA><LP>18</LP><TOWAR><KOD>141951</KOD><NAZWA>PAPIER FOLIOWY 50cm/9m</NAZWA><OPIS/><EAN>141951</EAN><SWW/><NUMER_KATALOGOWY/><MPP>0</MPP></TOWAR><STAWKA_VAT><STAWKA>23.00</STAWKA><FLAGA>2</FLAGA><ZRODLOWA>0.00</ZRODLOWA></STAWKA_VAT><CENY><CENAZCZTEREMAMIEJSCAMI>0</CENAZCZTEREMAMIEJSCAMI><POCZATKOWA_WAL_CENNIKA>14.0000</POCZATKOWA_WAL_CENNIKA><POCZATKOWA_WAL_DOKUMENTU>14.0000</POCZATKOWA_WAL_DOKUMENTU><PO_RABACIE_WAL_CENNIKA>12.6000</PO_RABACIE_WAL_CENNIKA><PO_RABACIE_PLN>12.6000</PO_RABACIE_PLN><PO_RABACIE_WAL_DOKUMENTU>12.6000</PO_RABACIE_WAL_DOKUMENTU></CENY><WALUTA><SYMBOL>PLN</SYMBOL><KURS_L>1.00</KURS_L><KURS_M>1</KURS_M></WALUTA><RABAT>10.00</RABAT><WARTOSC_NETTO>40.98</WARTOSC_NETTO><WARTOSC_BRUTTO>50.40</WARTOSC_BRUTTO><WARTOSC_NETTO_WAL>40.98</WARTOSC_NETTO_WAL><WARTOSC_BRUTTO_WAL>50.40</WARTOSC_BRUTTO_WAL><ILOSC>4.0000</ILOSC><JM>szt</JM><JM_CALKOWITE>0.00</JM_CALKOWITE><JM_ZLOZONA><JMZ>szt</JMZ><JM_PRZELICZNIK_L>1.00</JM_PRZELICZNIK_L><JM_PRZELICZNIK_M>1</JM_PRZELICZNIK_M></JM_ZLOZONA></POZYCJA><POZYCJA><LP>19</LP><TOWAR><KOD>142023</KOD><NAZWA>FOLIA ROLKA WZÓR</NAZWA><OPIS/><EAN/><SWW/><NUMER_KATALOGOWY/><MPP>0</MPP></TOWAR><STAWKA_VAT><STAWKA>23.00</STAWKA><FLAGA>2</FLAGA><ZRODLOWA>0.00</ZRODLOWA></STAWKA_VAT><CENY><CENAZCZTEREMAMIEJSCAMI>0</CENAZCZTEREMAMIEJSCAMI><POCZATKOWA_WAL_CENNIKA>17.0000</POCZATKOWA_WAL_CENNIKA><POCZATKOWA_WAL_DOKUMENTU>17.0000</POCZATKOWA_WAL_DOKUMENTU><PO_RABACIE_WAL_CENNIKA>15.3000</PO_RABACIE_WAL_CENNIKA><PO_RABACIE_PLN>15.3000</PO_RABACIE_PLN><PO_RABACIE_WAL_DOKUMENTU>15.3000</PO_RABACIE_WAL_DOKUMENTU></CENY><WALUTA><SYMBOL>PLN</SYMBOL><KURS_L>1.00</KURS_L><KURS_M>1</KURS_M></WALUTA><RABAT>10.00</RABAT><WARTOSC_NETTO>24.88</WARTOSC_NETTO><WARTOSC_BRUTTO>30.60</WARTOSC_BRUTTO><WARTOSC_NETTO_WAL>24.88</WARTOSC_NETTO_WAL><WARTOSC_BRUTTO_WAL>30.60</WARTOSC_BRUTTO_WAL><ILOSC>2.0000</ILOSC><JM>op.</JM><JM_CALKOWITE>0.00</JM_CALKOWITE><JM_ZLOZONA><JMZ>op.</JMZ><JM_PRZELICZNIK_L>1.00</JM_PRZELICZNIK_L><JM_PRZELICZNIK_M>1</JM_PRZELICZNIK_M></JM_ZLOZONA></POZYCJA><POZYCJA><LP>20</LP><TOWAR><KOD>203095</KOD><NAZWA>płatki róż</NAZWA><OPIS/><EAN>203095</EAN><SWW/><NUMER_KATALOGOWY/><MPP>0</MPP></TOWAR><STAWKA_VAT><STAWKA>23.00</STAWKA><FLAGA>2</FLAGA><ZRODLOWA>0.00</ZRODLOWA></STAWKA_VAT><CENY><CENAZCZTEREMAMIEJSCAMI>0</CENAZCZTEREMAMIEJSCAMI><POCZATKOWA_WAL_CENNIKA>7.3000</POCZATKOWA_WAL_CENNIKA><POCZATKOWA_WAL_DOKUMENTU>7.3000</POCZATKOWA_WAL_DOKUMENTU><PO_RABACIE_WAL_CENNIKA>6.5700</PO_RABACIE_WAL_CENNIKA><PO_RABACIE_PLN>6.5700</PO_RABACIE_PLN><PO_RABACIE_WAL_DOKUMENTU>6.5700</PO_RABACIE_WAL_DOKUMENTU></CENY><WALUTA><SYMBOL>PLN</SYMBOL><KURS_L>1.00</KURS_L><KURS_M>1</KURS_M></WALUTA><RABAT>10.00</RABAT><WARTOSC_NETTO>5.34</WARTOSC_NETTO><WARTOSC_BRUTTO>6.57</WARTOSC_BRUTTO><WARTOSC_NETTO_WAL>5.34</WARTOSC_NETTO_WAL><WARTOSC_BRUTTO_WAL>6.57</WARTOSC_BRUTTO_WAL><ILOSC>1.0000</ILOSC><JM>szt</JM><JM_CALKOWITE>0.00</JM_CALKOWITE><JM_ZLOZONA><JMZ>szt</JMZ><JM_PRZELICZNIK_L>1.00</JM_PRZELICZNIK_L><JM_PRZELICZNIK_M>1</JM_PRZELICZNIK_M></JM_ZLOZONA></POZYCJA><POZYCJA><LP>21</LP><TOWAR><KOD>665724</KOD><NAZWA>OSŁONKA NA DONICZKĘ QX1910351M-351</NAZWA><OPIS/><EAN>5903321332155</EAN><SWW/><NUMER_KATALOGOWY/><MPP>0</MPP></TOWAR><STAWKA_VAT><STAWKA>23.00</STAWKA><FLAGA>2</FLAGA><ZRODLOWA>0.00</ZRODLOWA></STAWKA_VAT><CENY><CENAZCZTEREMAMIEJSCAMI>0</CENAZCZTEREMAMIEJSCAMI><POCZATKOWA_WAL_CENNIKA>11.0000</POCZATKOWA_WAL_CENNIKA><POCZATKOWA_WAL_DOKUMENTU>11.0000</POCZATKOWA_WAL_DOKUMENTU><PO_RABACIE_WAL_CENNIKA>9.9000</PO_RABACIE_WAL_CENNIKA><PO_RABACIE_PLN>9.9000</PO_RABACIE_PLN><PO_RABACIE_WAL_DOKUMENTU>9.9000</PO_RABACIE_WAL_DOKUMENTU></CENY><WALUTA><SYMBOL>PLN</SYMBOL><KURS_L>1.00</KURS_L><KURS_M>1</KURS_M></WALUTA><RABAT>10.00</RABAT><WARTOSC_NETTO>16.10</WARTOSC_NETTO><WARTOSC_BRUTTO>19.80</WARTOSC_BRUTTO><WARTOSC_NETTO_WAL>16.10</WARTOSC_NETTO_WAL><WARTOSC_BRUTTO_WAL>19.80</WARTOSC_BRUTTO_WAL><ILOSC>2.0000</ILOSC><JM>szt</JM><JM_CALKOWITE>0.00</JM_CALKOWITE><JM_ZLOZONA><JMZ>szt</JMZ><JM_PRZELICZNIK_L>1.00</JM_PRZELICZNIK_L><JM_PRZELICZNIK_M>1</JM_PRZELICZNIK_M></JM_ZLOZONA></POZYCJA><POZYCJA><LP>22</LP><TOWAR><KOD>507257</KOD><NAZWA>PIK DEKORACYJNY</NAZWA><OPIS/><EAN/><SWW/><NUMER_KATALOGOWY/><MPP>0</MPP></TOWAR><STAWKA_VAT><STAWKA>23.00</STAWKA><FLAGA>2</FLAGA><ZRODLOWA>0.00</ZRODLOWA></STAWKA_VAT><CENY><CENAZCZTEREMAMIEJSCAMI>0</CENAZCZTEREMAMIEJSCAMI><POCZATKOWA_WAL_CENNIKA>6.3000</POCZATKOWA_WAL_CENNIKA><POCZATKOWA_WAL_DOKUMENTU>6.3000</POCZATKOWA_WAL_DOKUMENTU><PO_RABACIE_WAL_CENNIKA>5.6700</PO_RABACIE_WAL_CENNIKA><PO_RABACIE_PLN>5.6700</PO_RABACIE_PLN><PO_RABACIE_WAL_DOKUMENTU>5.6700</PO_RABACIE_WAL_DOKUMENTU></CENY><WALUTA><SYMBOL>PLN</SYMBOL><KURS_L>1.00</KURS_L><KURS_M>1</KURS_M></WALUTA><RABAT>10.00</RABAT><WARTOSC_NETTO>27.66</WARTOSC_NETTO><WARTOSC_BRUTTO>34.02</WARTOSC_BRUTTO><WARTOSC_NETTO_WAL>27.66</WARTOSC_NETTO_WAL><WARTOSC_BRUTTO_WAL>34.02</WARTOSC_BRUTTO_WAL><ILOSC>6.0000</ILOSC><JM>op.</JM><JM_CALKOWITE>0.00</JM_CALKOWITE><JM_ZLOZONA><JMZ>op.</JMZ><JM_PRZELICZNIK_L>1.00</JM_PRZELICZNIK_L><JM_PRZELICZNIK_M>1</JM_PRZELICZNIK_M></JM_ZLOZONA></POZYCJA><POZYCJA><LP>23</LP><TOWAR><KOD>716259</KOD><NAZWA>PIÓRKA TOREBKA</NAZWA><OPIS/><EAN/><SWW/><NUMER_KATALOGOWY/><MPP>0</MPP></TOWAR><STAWKA_VAT><STAWKA>23.00</STAWKA><FLAGA>2</FLAGA><ZRODLOWA>0.00</ZRODLOWA></STAWKA_VAT><CENY><CENAZCZTEREMAMIEJSCAMI>0</CENAZCZTEREMAMIEJSCAMI><POCZATKOWA_WAL_CENNIKA>2.8000</POCZATKOWA_WAL_CENNIKA><POCZATKOWA_WAL_DOKUMENTU>2.8000</POCZATKOWA_WAL_DOKUMENTU><PO_RABACIE_WAL_CENNIKA>2.5200</PO_RABACIE_WAL_CENNIKA><PO_RABACIE_PLN>2.5200</PO_RABACIE_PLN><PO_RABACIE_WAL_DOKUMENTU>2.5200</PO_RABACIE_WAL_DOKUMENTU></CENY><WALUTA><SYMBOL>PLN</SYMBOL><KURS_L>1.00</KURS_L><KURS_M>1</KURS_M></WALUTA><RABAT>10.00</RABAT><WARTOSC_NETTO>6.15</WARTOSC_NETTO><WARTOSC_BRUTTO>7.56</WARTOSC_BRUTTO><WARTOSC_NETTO_WAL>6.15</WARTOSC_NETTO_WAL><WARTOSC_BRUTTO_WAL>7.56</WARTOSC_BRUTTO_WAL><ILOSC>3.0000</ILOSC><JM>szt</JM><JM_CALKOWITE>0.00</JM_CALKOWITE><JM_ZLOZONA><JMZ>szt</JMZ><JM_PRZELICZNIK_L>1.00</JM_PRZELICZNIK_L><JM_PRZELICZNIK_M>1</JM_PRZELICZNIK_M></JM_ZLOZONA></POZYCJA><POZYCJA><LP>24</LP><TOWAR><KOD>713474</KOD><NAZWA>PIKI, SKLEJKI</NAZWA><OPIS/><EAN>5902360301306</EAN><SWW/><NUMER_KATALOGOWY/><MPP>0</MPP></TOWAR><STAWKA_VAT><STAWKA>23.00</STAWKA><FLAGA>2</FLAGA><ZRODLOWA>0.00</ZRODLOWA></STAWKA_VAT><CENY><CENAZCZTEREMAMIEJSCAMI>0</CENAZCZTEREMAMIEJSCAMI><POCZATKOWA_WAL_CENNIKA>7.8000</POCZATKOWA_WAL_CENNIKA><POCZATKOWA_WAL_DOKUMENTU>7.8000</POCZATKOWA_WAL_DOKUMENTU><PO_RABACIE_WAL_CENNIKA>7.0200</PO_RABACIE_WAL_CENNIKA><PO_RABACIE_PLN>7.0200</PO_RABACIE_PLN><PO_RABACIE_WAL_DOKUMENTU>7.0200</PO_RABACIE_WAL_DOKUMENTU></CENY><WALUTA><SYMBOL>PLN</SYMBOL><KURS_L>1.00</KURS_L><KURS_M>1</KURS_M></WALUTA><RABAT>10.00</RABAT><WARTOSC_NETTO>5.71</WARTOSC_NETTO><WARTOSC_BRUTTO>7.02</WARTOSC_BRUTTO><WARTOSC_NETTO_WAL>5.71</WARTOSC_NETTO_WAL><WARTOSC_BRUTTO_WAL>7.02</WARTOSC_BRUTTO_WAL><ILOSC>1.0000</ILOSC><JM>szt</JM><JM_CALKOWITE>0.00</JM_CALKOWITE><JM_ZLOZONA><JMZ>szt</JMZ><JM_PRZELICZNIK_L>1.00</JM_PRZELICZNIK_L><JM_PRZELICZNIK_M>1</JM_PRZELICZNIK_M></JM_ZLOZONA></POZYCJA><POZYCJA><LP>25</LP><TOWAR><KOD>507181</KOD><NAZWA>MOTYL MIX</NAZWA><OPIS/><EAN>5908257390439</EAN><SWW/><NUMER_KATALOGOWY/><MPP>0</MPP></TOWAR><STAWKA_VAT><STAWKA>23.00</STAWKA><FLAGA>2</FLAGA><ZRODLOWA>0.00</ZRODLOWA></STAWKA_VAT><CENY><CENAZCZTEREMAMIEJSCAMI>0</CENAZCZTEREMAMIEJSCAMI><POCZATKOWA_WAL_CENNIKA>22.0000</POCZATKOWA_WAL_CENNIKA><POCZATKOWA_WAL_DOKUMENTU>22.0000</POCZATKOWA_WAL_DOKUMENTU><PO_RABACIE_WAL_CENNIKA>19.8000</PO_RABACIE_WAL_CENNIKA><PO_RABACIE_PLN>19.8000</PO_RABACIE_PLN><PO_RABACIE_WAL_DOKUMENTU>19.8000</PO_RABACIE_WAL_DOKUMENTU></CENY><WALUTA><SYMBOL>PLN</SYMBOL><KURS_L>1.00</KURS_L><KURS_M>1</KURS_M></WALUTA><RABAT>10.00</RABAT><WARTOSC_NETTO>16.10</WARTOSC_NETTO><WARTOSC_BRUTTO>19.80</WARTOSC_BRUTTO><WARTOSC_NETTO_WAL>16.10</WARTOSC_NETTO_WAL><WARTOSC_BRUTTO_WAL>19.80</WARTOSC_BRUTTO_WAL><ILOSC>1.0000</ILOSC><JM>KPL</JM><JM_CALKOWITE>0.00</JM_CALKOWITE><JM_ZLOZONA><JMZ>KPL</JMZ><JM_PRZELICZNIK_L>1.00</JM_PRZELICZNIK_L><JM_PRZELICZNIK_M>1</JM_PRZELICZNIK_M></JM_ZLOZONA></POZYCJA><POZYCJA><LP>26</LP><TOWAR><KOD>903399</KOD><NAZWA>BILECIKI OGÓLNE 10SZT</NAZWA><OPIS/><EAN>903399</EAN><SWW/><NUMER_KATALOGOWY/><MPP>0</MPP></TOWAR><STAWKA_VAT><STAWKA>23.00</STAWKA><FLAGA>2</FLAGA><ZRODLOWA>0.00</ZRODLOWA></STAWKA_VAT><CENY><CENAZCZTEREMAMIEJSCAMI>0</CENAZCZTEREMAMIEJSCAMI><POCZATKOWA_WAL_CENNIKA>4.7000</POCZATKOWA_WAL_CENNIKA><POCZATKOWA_WAL_DOKUMENTU>4.7000</POCZATKOWA_WAL_DOKUMENTU><PO_RABACIE_WAL_CENNIKA>4.2300</PO_RABACIE_WAL_CENNIKA><PO_RABACIE_PLN>4.2300</PO_RABACIE_PLN><PO_RABACIE_WAL_DOKUMENTU>4.2300</PO_RABACIE_WAL_DOKUMENTU></CENY><WALUTA><SYMBOL>PLN</SYMBOL><KURS_L>1.00</KURS_L><KURS_M>1</KURS_M></WALUTA><RABAT>10.00</RABAT><WARTOSC_NETTO>6.88</WARTOSC_NETTO><WARTOSC_BRUTTO>8.46</WARTOSC_BRUTTO><WARTOSC_NETTO_WAL>6.88</WARTOSC_NETTO_WAL><WARTOSC_BRUTTO_WAL>8.46</WARTOSC_BRUTTO_WAL><ILOSC>2.0000</ILOSC><JM>op.</JM><JM_CALKOWITE>0.00</JM_CALKOWITE><JM_ZLOZONA><JMZ>op.</JMZ><JM_PRZELICZNIK_L>1.00</JM_PRZELICZNIK_L><JM_PRZELICZNIK_M>1</JM_PRZELICZNIK_M></JM_ZLOZONA></POZYCJA><POZYCJA><LP>27</LP><TOWAR><KOD>504307</KOD><NAZWA>BIEDRONKA DREW KLEJ 2 CM 24SZT/KPL</NAZWA><OPIS/><EAN>5908257358217</EAN><SWW/><NUMER_KATALOGOWY/><MPP>0</MPP></TOWAR><STAWKA_VAT><STAWKA>23.00</STAWKA><FLAGA>2</FLAGA><ZRODLOWA>0.00</ZRODLOWA></STAWKA_VAT><CENY><CENAZCZTEREMAMIEJSCAMI>0</CENAZCZTEREMAMIEJSCAMI><POCZATKOWA_WAL_CENNIKA>4.5000</POCZATKOWA_WAL_CENNIKA><POCZATKOWA_WAL_DOKUMENTU>4.5000</POCZATKOWA_WAL_DOKUMENTU><PO_RABACIE_WAL_CENNIKA>4.0500</PO_RABACIE_WAL_CENNIKA><PO_RABACIE_PLN>4.0500</PO_RABACIE_PLN><PO_RABACIE_WAL_DOKUMENTU>4.0500</PO_RABACIE_WAL_DOKUMENTU></CENY><WALUTA><SYMBOL>PLN</SYMBOL><KURS_L>1.00</KURS_L><KURS_M>1</KURS_M></WALUTA><RABAT>10.00</RABAT><WARTOSC_NETTO>3.29</WARTOSC_NETTO><WARTOSC_BRUTTO>4.05</WARTOSC_BRUTTO><WARTOSC_NETTO_WAL>3.29</WARTOSC_NETTO_WAL><WARTOSC_BRUTTO_WAL>4.05</WARTOSC_BRUTTO_WAL><ILOSC>1.0000</ILOSC><JM>KPL</JM><JM_CALKOWITE>0.00</JM_CALKOWITE><JM_ZLOZONA><JMZ>KPL</JMZ><JM_PRZELICZNIK_L>1.00</JM_PRZELICZNIK_L><JM_PRZELICZNIK_M>1</JM_PRZELICZNIK_M></JM_ZLOZONA></POZYCJA><POZYCJA><LP>28</LP><TOWAR><KOD>506779</KOD><NAZWA>KLAMERKA SERCE Z BIEDRONKA 8 SZT/KPL</NAZWA><OPIS/><EAN>5908257368414</EAN><SWW/><NUMER_KATALOGOWY/><MPP>0</MPP></TOWAR><STAWKA_VAT><STAWKA>23.00</STAWKA><FLAGA>2</FLAGA><ZRODLOWA>0.00</ZRODLOWA></STAWKA_VAT><CENY><CENAZCZTEREMAMIEJSCAMI>0</CENAZCZTEREMAMIEJSCAMI><POCZATKOWA_WAL_CENNIKA>6.7000</POCZATKOWA_WAL_CENNIKA><POCZATKOWA_WAL_DOKUMENTU>6.7000</POCZATKOWA_WAL_DOKUMENTU><PO_RABACIE_WAL_CENNIKA>6.0300</PO_RABACIE_WAL_CENNIKA><PO_RABACIE_PLN>6.0300</PO_RABACIE_PLN><PO_RABACIE_WAL_DOKUMENTU>6.0300</PO_RABACIE_WAL_DOKUMENTU></CENY><WALUTA><SYMBOL>PLN</SYMBOL><KURS_L>1.00</KURS_L><KURS_M>1</KURS_M></WALUTA><RABAT>10.00</RABAT><WARTOSC_NETTO>9.80</WARTOSC_NETTO><WARTOSC_BRUTTO>12.06</WARTOSC_BRUTTO><WARTOSC_NETTO_WAL>9.80</WARTOSC_NETTO_WAL><WARTOSC_BRUTTO_WAL>12.06</WARTOSC_BRUTTO_WAL><ILOSC>2.0000</ILOSC><JM>KPL</JM><JM_CALKOWITE>0.00</JM_CALKOWITE><JM_ZLOZONA><JMZ>KPL</JMZ><JM_PRZELICZNIK_L>1.00</JM_PRZELICZNIK_L><JM_PRZELICZNIK_M>1</JM_PRZELICZNIK_M></JM_ZLOZONA></POZYCJA><POZYCJA><LP>29</LP><TOWAR><KOD>717440</KOD><NAZWA>WSTĄŻKA RYPS 12MMx25Y</NAZWA><OPIS/><EAN>5902581034878</EAN><SWW/><NUMER_KATALOGOWY/><MPP>0</MPP></TOWAR><STAWKA_VAT><STAWKA>23.00</STAWKA><FLAGA>2</FLAGA><ZRODLOWA>0.00</ZRODLOWA></STAWKA_VAT><CENY><CENAZCZTEREMAMIEJSCAMI>0</CENAZCZTEREMAMIEJSCAMI><POCZATKOWA_WAL_CENNIKA>4.0000</POCZATKOWA_WAL_CENNIKA><POCZATKOWA_WAL_DOKUMENTU>4.0000</POCZATKOWA_WAL_DOKUMENTU><PO_RABACIE_WAL_CENNIKA>3.6000</PO_RABACIE_WAL_CENNIKA><PO_RABACIE_PLN>3.6000</PO_RABACIE_PLN><PO_RABACIE_WAL_DOKUMENTU>3.6000</PO_RABACIE_WAL_DOKUMENTU></CENY><WALUTA><SYMBOL>PLN</SYMBOL><KURS_L>1.00</KURS_L><KURS_M>1</KURS_M></WALUTA><RABAT>10.00</RABAT><WARTOSC_NETTO>2.93</WARTOSC_NETTO><WARTOSC_BRUTTO>3.60</WARTOSC_BRUTTO><WARTOSC_NETTO_WAL>2.93</WARTOSC_NETTO_WAL><WARTOSC_BRUTTO_WAL>3.60</WARTOSC_BRUTTO_WAL><ILOSC>1.0000</ILOSC><JM>szt</JM><JM_CALKOWITE>0.00</JM_CALKOWITE><JM_ZLOZONA><JMZ>szt</JMZ><JM_PRZELICZNIK_L>1.00</JM_PRZELICZNIK_L><JM_PRZELICZNIK_M>1</JM_PRZELICZNIK_M></JM_ZLOZONA></POZYCJA><POZYCJA><LP>30</LP><TOWAR><KOD>713105</KOD><NAZWA>WSTĄŻKA GROSGRAIN RIBBON APPLE GREEN 1,2CMX22M</NAZWA><OPIS/><EAN>5901720246349</EAN><SWW/><NUMER_KATALOGOWY/><MPP>0</MPP></TOWAR><STAWKA_VAT><STAWKA>23.00</STAWKA><FLAGA>2</FLAGA><ZRODLOWA>0.00</ZRODLOWA></STAWKA_VAT><CENY><CENAZCZTEREMAMIEJSCAMI>0</CENAZCZTEREMAMIEJSCAMI><POCZATKOWA_WAL_CENNIKA>4.0000</POCZATKOWA_WAL_CENNIKA><POCZATKOWA_WAL_DOKUMENTU>4.0000</POCZATKOWA_WAL_DOKUMENTU><PO_RABACIE_WAL_CENNIKA>3.6000</PO_RABACIE_WAL_CENNIKA><PO_RABACIE_PLN>3.6000</PO_RABACIE_PLN><PO_RABACIE_WAL_DOKUMENTU>3.6000</PO_RABACIE_WAL_DOKUMENTU></CENY><WALUTA><SYMBOL>PLN</SYMBOL><KURS_L>1.00</KURS_L><KURS_M>1</KURS_M></WALUTA><RABAT>10.00</RABAT><WARTOSC_NETTO>2.93</WARTOSC_NETTO><WARTOSC_BRUTTO>3.60</WARTOSC_BRUTTO><WARTOSC_NETTO_WAL>2.93</WARTOSC_NETTO_WAL><WARTOSC_BRUTTO_WAL>3.60</WARTOSC_BRUTTO_WAL><ILOSC>1.0000</ILOSC><JM>szt.</JM><JM_CALKOWITE>0.00</JM_CALKOWITE><JM_ZLOZONA><JMZ>szt.</JMZ><JM_PRZELICZNIK_L>1.00</JM_PRZELICZNIK_L><JM_PRZELICZNIK_M>1</JM_PRZELICZNIK_M></JM_ZLOZONA></POZYCJA><POZYCJA><LP>31</LP><TOWAR><KOD>717447</KOD><NAZWA>WSTĄŻKA RYPS 12MMx25Y</NAZWA><OPIS/><EAN>5902581034939</EAN><SWW/><NUMER_KATALOGOWY/><MPP>0</MPP></TOWAR><STAWKA_VAT><STAWKA>23.00</STAWKA><FLAGA>2</FLAGA><ZRODLOWA>0.00</ZRODLOWA></STAWKA_VAT><CENY><CENAZCZTEREMAMIEJSCAMI>0</CENAZCZTEREMAMIEJSCAMI><POCZATKOWA_WAL_CENNIKA>4.0000</POCZATKOWA_WAL_CENNIKA><POCZATKOWA_WAL_DOKUMENTU>4.0000</POCZATKOWA_WAL_DOKUMENTU><PO_RABACIE_WAL_CENNIKA>3.6000</PO_RABACIE_WAL_CENNIKA><PO_RABACIE_PLN>3.6000</PO_RABACIE_PLN><PO_RABACIE_WAL_DOKUMENTU>3.6000</PO_RABACIE_WAL_DOKUMENTU></CENY><WALUTA><SYMBOL>PLN</SYMBOL><KURS_L>1.00</KURS_L><KURS_M>1</KURS_M></WALUTA><RABAT>10.00</RABAT><WARTOSC_NETTO>2.93</WARTOSC_NETTO><WARTOSC_BRUTTO>3.60</WARTOSC_BRUTTO><WARTOSC_NETTO_WAL>2.93</WARTOSC_NETTO_WAL><WARTOSC_BRUTTO_WAL>3.60</WARTOSC_BRUTTO_WAL><ILOSC>1.0000</ILOSC><JM>szt</JM><JM_CALKOWITE>0.00</JM_CALKOWITE><JM_ZLOZONA><JMZ>szt</JMZ><JM_PRZELICZNIK_L>1.00</JM_PRZELICZNIK_L><JM_PRZELICZNIK_M>1</JM_PRZELICZNIK_M></JM_ZLOZONA></POZYCJA><POZYCJA><LP>32</LP><TOWAR><KOD>711831</KOD><NAZWA>WSTĄŻKA SATYNOWA 1,2 X 20Y KROPKI APPLE GREEN</NAZWA><OPIS/><EAN>5901720230348</EAN><SWW/><NUMER_KATALOGOWY/><MPP>0</MPP></TOWAR><STAWKA_VAT><STAWKA>23.00</STAWKA><FLAGA>2</FLAGA><ZRODLOWA>0.00</ZRODLOWA></STAWKA_VAT><CENY><CENAZCZTEREMAMIEJSCAMI>0</CENAZCZTEREMAMIEJSCAMI><POCZATKOWA_WAL_CENNIKA>4.3000</POCZATKOWA_WAL_CENNIKA><POCZATKOWA_WAL_DOKUMENTU>4.3000</POCZATKOWA_WAL_DOKUMENTU><PO_RABACIE_WAL_CENNIKA>3.8700</PO_RABACIE_WAL_CENNIKA><PO_RABACIE_PLN>3.8700</PO_RABACIE_PLN><PO_RABACIE_WAL_DOKUMENTU>3.8700</PO_RABACIE_WAL_DOKUMENTU></CENY><WALUTA><SYMBOL>PLN</SYMBOL><KURS_L>1.00</KURS_L><KURS_M>1</KURS_M></WALUTA><RABAT>10.00</RABAT><WARTOSC_NETTO>3.15</WARTOSC_NETTO><WARTOSC_BRUTTO>3.87</WARTOSC_BRUTTO><WARTOSC_NETTO_WAL>3.15</WARTOSC_NETTO_WAL><WARTOSC_BRUTTO_WAL>3.87</WARTOSC_BRUTTO_WAL><ILOSC>1.0000</ILOSC><JM>szt.</JM><JM_CALKOWITE>0.00</JM_CALKOWITE><JM_ZLOZONA><JMZ>szt.</JMZ><JM_PRZELICZNIK_L>1.00</JM_PRZELICZNIK_L><JM_PRZELICZNIK_M>1</JM_PRZELICZNIK_M></JM_ZLOZONA></POZYCJA><POZYCJA><LP>33</LP><TOWAR><KOD>711338</KOD><NAZWA>WSTĄŻKA SATYNOWA 1,2 X 20 Y KROPKI YELLOW</NAZWA><OPIS/><EAN>5901720231765</EAN><SWW/><NUMER_KATALOGOWY/><MPP>0</MPP></TOWAR><STAWKA_VAT><STAWKA>23.00</STAWKA><FLAGA>2</FLAGA><ZRODLOWA>0.00</ZRODLOWA></STAWKA_VAT><CENY><CENAZCZTEREMAMIEJSCAMI>0</CENAZCZTEREMAMIEJSCAMI><POCZATKOWA_WAL_CENNIKA>4.3000</POCZATKOWA_WAL_CENNIKA><POCZATKOWA_WAL_DOKUMENTU>4.3000</POCZATKOWA_WAL_DOKUMENTU><PO_RABACIE_WAL_CENNIKA>3.8700</PO_RABACIE_WAL_CENNIKA><PO_RABACIE_PLN>3.8700</PO_RABACIE_PLN><PO_RABACIE_WAL_DOKUMENTU>3.8700</PO_RABACIE_WAL_DOKUMENTU></CENY><WALUTA><SYMBOL>PLN</SYMBOL><KURS_L>1.00</KURS_L><KURS_M>1</KURS_M></WALUTA><RABAT>10.00</RABAT><WARTOSC_NETTO>3.15</WARTOSC_NETTO><WARTOSC_BRUTTO>3.87</WARTOSC_BRUTTO><WARTOSC_NETTO_WAL>3.15</WARTOSC_NETTO_WAL><WARTOSC_BRUTTO_WAL>3.87</WARTOSC_BRUTTO_WAL><ILOSC>1.0000</ILOSC><JM>szt</JM><JM_CALKOWITE>0.00</JM_CALKOWITE><JM_ZLOZONA><JMZ>szt</JMZ><JM_PRZELICZNIK_L>1.00</JM_PRZELICZNIK_L><JM_PRZELICZNIK_M>1</JM_PRZELICZNIK_M></JM_ZLOZONA></POZYCJA><POZYCJA><LP>34</LP><TOWAR><KOD>711326</KOD><NAZWA>WSTĄŻKA SATYNOWA 1,2 X 20Y KROPKI HEATHER</NAZWA><OPIS/><EAN>5901720230379</EAN><SWW/><NUMER_KATALOGOWY/><MPP>0</MPP></TOWAR><STAWKA_VAT><STAWKA>23.00</STAWKA><FLAGA>2</FLAGA><ZRODLOWA>0.00</ZRODLOWA></STAWKA_VAT><CENY><CENAZCZTEREMAMIEJSCAMI>0</CENAZCZTEREMAMIEJSCAMI><POCZATKOWA_WAL_CENNIKA>4.3000</POCZATKOWA_WAL_CENNIKA><POCZATKOWA_WAL_DOKUMENTU>4.3000</POCZATKOWA_WAL_DOKUMENTU><PO_RABACIE_WAL_CENNIKA>3.8700</PO_RABACIE_WAL_CENNIKA><PO_RABACIE_PLN>3.8700</PO_RABACIE_PLN><PO_RABACIE_WAL_DOKUMENTU>3.8700</PO_RABACIE_WAL_DOKUMENTU></CENY><WALUTA><SYMBOL>PLN</SYMBOL><KURS_L>1.00</KURS_L><KURS_M>1</KURS_M></WALUTA><RABAT>10.00</RABAT><WARTOSC_NETTO>3.15</WARTOSC_NETTO><WARTOSC_BRUTTO>3.87</WARTOSC_BRUTTO><WARTOSC_NETTO_WAL>3.15</WARTOSC_NETTO_WAL><WARTOSC_BRUTTO_WAL>3.87</WARTOSC_BRUTTO_WAL><ILOSC>1.0000</ILOSC><JM>szt</JM><JM_CALKOWITE>0.00</JM_CALKOWITE><JM_ZLOZONA><JMZ>szt</JMZ><JM_PRZELICZNIK_L>1.00</JM_PRZELICZNIK_L><JM_PRZELICZNIK_M>1</JM_PRZELICZNIK_M></JM_ZLOZONA></POZYCJA></POZYCJE><KAUCJE/><PLATNOSCI><PLATNOSC><FORMA>gotówka</FORMA><TERMIN>2023-01-16</TERMIN><KWOTA>787.59</KWOTA><KWOTA_W_WAL_SYSTEMOWEJ>787.59</KWOTA_W_WAL_SYSTEMOWEJ><WALUTA><SYMBOL/><KURS_L>1.00</KURS_L><KURS_M>1</KURS_M></WALUTA></PLATNOSC></PLATNOSCI><PLATNOSCI_KAUCJE/><TABELKA_VAT><LINIA_VAT><STAWKA_VAT><STAWKA>8.00</STAWKA><FLAGA>2</FLAGA><ZRODLOWA>0.00</ZRODLOWA></STAWKA_VAT><NETTO>318.33</NETTO><VAT>25.47</VAT><BRUTTO>343.80</BRUTTO><NETTO_WAL>318.33</NETTO_WAL><VAT_WAL>25.47</VAT_WAL><BRUTTO_WAL>343.80</BRUTTO_WAL></LINIA_VAT><LINIA_VAT><STAWKA_VAT><STAWKA>23.00</STAWKA><FLAGA>2</FLAGA><ZRODLOWA>0.00</ZRODLOWA></STAWKA_VAT><NETTO>360.80</NETTO><VAT>82.99</VAT><BRUTTO>443.79</BRUTTO><NETTO_WAL>360.80</NETTO_WAL><VAT_WAL>82.99</VAT_WAL><BRUTTO_WAL>443.79</BRUTTO_WAL></LINIA_VAT></TABELKA_VAT><ATRYBUTY/></DOKUMENT></ROOT>
