<?xml version="1.0" encoding="UTF-8"?>
<ROOT xmlns="http://www.cdn.com.pl/optima/dokument"><DOKUMENT><NAGLOWEK><GENERATOR>Comarch Opt!ma</GENERATOR><TYP_DOKUMENTU>302</TYP_DOKUMENTU><RODZAJ_DOKUMENTU>302004</RODZAJ_DOKUMENTU><FV_MARZA>0</FV_MARZA><FV_MARZA_RODZAJ>0</FV_MARZA_RODZAJ><NUMER_PELNY>FA/338/2023</NUMER_PELNY><DATA_DOKUMENTU>2023-01-18</DATA_DOKUMENTU><DATA_WYSTAWIENIA>2023-01-18</DATA_WYSTAWIENIA><DATA_OPERACJI>2023-01-18</DATA_OPERACJI><TERMIN_ZWROTU_KAUCJI>2023-03-19</TERMIN_ZWROTU_KAUCJI><KOREKTA>0</KOREKTA><DETAL>0</DETAL><TYP_NETTO_BRUTTO>2</TYP_NETTO_BRUTTO><RABAT>10.00</RABAT><OPIS>Dok.: FA/338/2023 (Faktura sprzedaży z wygenerowanym WZ)</OPIS><PLATNIK><KOD>KOZŁOWSKA</KOD><NIP_KRAJ>PL</NIP_KRAJ><NIP>7220000862</NIP><GLN/><NAZWA>SKLEP ANNA  KOZŁOWSKA</NAZWA><MPP>0</MPP><ADRES><KOD_POCZTOWY>18-230</KOD_POCZTOWY><MIASTO>CIECHANOWIEC</MIASTO><ULICA>PLAC 3MAJA  29</ULICA><KRAJ>Polska</KRAJ></ADRES></PLATNIK><ODBIORCA><KOD>KOZŁOWSKA</KOD><NIP_KRAJ>PL</NIP_KRAJ><NIP>7220000862</NIP><GLN/><NAZWA>SKLEP ANNA  KOZŁOWSKA</NAZWA><ADRES><KOD_POCZTOWY>18-230</KOD_POCZTOWY><MIASTO>CIECHANOWIEC</MIASTO><ULICA>PLAC 3MAJA  29</ULICA><KRAJ>Polska</KRAJ></ADRES></ODBIORCA><SPRZEDAWCA><NIP_KRAJ>PL</NIP_KRAJ><NIP>546-000-03-17</NIP><GLN>0000000000000</GLN><NAZWA>P.H.U. "KROKUS" HURTOWNIA KWIATÓW LESZEK WOŁKOWICZ</NAZWA><ADRES><KOD_POCZTOWY>15-257</KOD_POCZTOWY><MIASTO>BIAŁYSTOK</MIASTO><ULICA>ul. A. MICKIEWICZA 95</ULICA><KRAJ>Polska</KRAJ></ADRES><NUMER_KONTA_BANKOWEGO/><NAZWA_BANKU/></SPRZEDAWCA><KATEGORIA><KOD/><OPIS/></KATEGORIA><PLATNOSC><FORMA>gotówka</FORMA><TERMIN>2023-01-18</TERMIN><MPP>0</MPP></PLATNOSC><WALUTA><SYMBOL>PLN</SYMBOL><KURS_L>1.00</KURS_L><KURS_M>1</KURS_M><PLAT_WAL_OD_PLN>0</PLAT_WAL_OD_PLN><KURS_NUMER>3</KURS_NUMER><KURS_DATA>2023-01-18</KURS_DATA></WALUTA><KWOTY><RAZEM_NETTO_WAL>351.13</RAZEM_NETTO_WAL><RAZEM_NETTO>351.13</RAZEM_NETTO><RAZEM_BRUTTO>426.42</RAZEM_BRUTTO><RAZEM_VAT>75.29</RAZEM_VAT></KWOTY><MAGAZYN_ZRODLOWY>MAGAZYN</MAGAZYN_ZRODLOWY><MAGAZYN_DOCELOWY/><KAUCJE_PLATNOSCI>0</KAUCJE_PLATNOSCI><BLOKADA_PLATNOSCI>0</BLOKADA_PLATNOSCI><VAT_DLA_DOK_WAL>0</VAT_DLA_DOK_WAL><TRYB_NETTO_VAT>0</TRYB_NETTO_VAT><STATUS_PLATNIKA>0</STATUS_PLATNIKA><ROZLICZAM_PODATEK_W_OSS>0</ROZLICZAM_PODATEK_W_OSS></NAGLOWEK><POZYCJE><POZYCJA><LP>1</LP><TOWAR><KOD>301012</KOD><NAZWA>HUMVIT EKO UNIWERSALNY - 1l.</NAZWA><OPIS/><EAN>5904362003158</EAN><SWW/><NUMER_KATALOGOWY/><MPP>0</MPP></TOWAR><STAWKA_VAT><STAWKA>8.00</STAWKA><FLAGA>2</FLAGA><ZRODLOWA>0.00</ZRODLOWA></STAWKA_VAT><CENY><CENAZCZTEREMAMIEJSCAMI>0</CENAZCZTEREMAMIEJSCAMI><POCZATKOWA_WAL_CENNIKA>7.3000</POCZATKOWA_WAL_CENNIKA><POCZATKOWA_WAL_DOKUMENTU>7.3000</POCZATKOWA_WAL_DOKUMENTU><PO_RABACIE_WAL_CENNIKA>6.5700</PO_RABACIE_WAL_CENNIKA><PO_RABACIE_PLN>6.5700</PO_RABACIE_PLN><PO_RABACIE_WAL_DOKUMENTU>6.5700</PO_RABACIE_WAL_DOKUMENTU></CENY><WALUTA><SYMBOL>PLN</SYMBOL><KURS_L>1.00</KURS_L><KURS_M>1</KURS_M></WALUTA><RABAT>10.00</RABAT><WARTOSC_NETTO>36.50</WARTOSC_NETTO><WARTOSC_BRUTTO>39.42</WARTOSC_BRUTTO><WARTOSC_NETTO_WAL>36.50</WARTOSC_NETTO_WAL><WARTOSC_BRUTTO_WAL>39.42</WARTOSC_BRUTTO_WAL><ILOSC>6.0000</ILOSC><JM>szt</JM><JM_CALKOWITE>0.00</JM_CALKOWITE><JM_ZLOZONA><JMZ>szt</JMZ><JM_PRZELICZNIK_L>1.00</JM_PRZELICZNIK_L><JM_PRZELICZNIK_M>1</JM_PRZELICZNIK_M></JM_ZLOZONA></POZYCJA><POZYCJA><LP>2</LP><TOWAR><KOD>716968</KOD><NAZWA>KOSZ WIKLINOWY YF012172MIX</NAZWA><OPIS/><EAN>5901138261163</EAN><SWW/><NUMER_KATALOGOWY/><MPP>0</MPP></TOWAR><STAWKA_VAT><STAWKA>23.00</STAWKA><FLAGA>2</FLAGA><ZRODLOWA>0.00</ZRODLOWA></STAWKA_VAT><CENY><CENAZCZTEREMAMIEJSCAMI>0</CENAZCZTEREMAMIEJSCAMI><POCZATKOWA_WAL_CENNIKA>4.0000</POCZATKOWA_WAL_CENNIKA><POCZATKOWA_WAL_DOKUMENTU>4.0000</POCZATKOWA_WAL_DOKUMENTU><PO_RABACIE_WAL_CENNIKA>3.6000</PO_RABACIE_WAL_CENNIKA><PO_RABACIE_PLN>3.6000</PO_RABACIE_PLN><PO_RABACIE_WAL_DOKUMENTU>3.6000</PO_RABACIE_WAL_DOKUMENTU></CENY><WALUTA><SYMBOL>PLN</SYMBOL><KURS_L>1.00</KURS_L><KURS_M>1</KURS_M></WALUTA><RABAT>10.00</RABAT><WARTOSC_NETTO>17.56</WARTOSC_NETTO><WARTOSC_BRUTTO>21.60</WARTOSC_BRUTTO><WARTOSC_NETTO_WAL>17.56</WARTOSC_NETTO_WAL><WARTOSC_BRUTTO_WAL>21.60</WARTOSC_BRUTTO_WAL><ILOSC>6.0000</ILOSC><JM>szt.</JM><JM_CALKOWITE>0.00</JM_CALKOWITE><JM_ZLOZONA><JMZ>szt.</JMZ><JM_PRZELICZNIK_L>1.00</JM_PRZELICZNIK_L><JM_PRZELICZNIK_M>1</JM_PRZELICZNIK_M></JM_ZLOZONA></POZYCJA><POZYCJA><LP>3</LP><TOWAR><KOD>716975</KOD><NAZWA>KOSZ Z ŁUBY MAŁY PASTELOWY </NAZWA><OPIS/><EAN/><SWW/><NUMER_KATALOGOWY/><MPP>0</MPP></TOWAR><STAWKA_VAT><STAWKA>23.00</STAWKA><FLAGA>2</FLAGA><ZRODLOWA>0.00</ZRODLOWA></STAWKA_VAT><CENY><CENAZCZTEREMAMIEJSCAMI>0</CENAZCZTEREMAMIEJSCAMI><POCZATKOWA_WAL_CENNIKA>5.2000</POCZATKOWA_WAL_CENNIKA><POCZATKOWA_WAL_DOKUMENTU>5.2000</POCZATKOWA_WAL_DOKUMENTU><PO_RABACIE_WAL_CENNIKA>4.6800</PO_RABACIE_WAL_CENNIKA><PO_RABACIE_PLN>4.6800</PO_RABACIE_PLN><PO_RABACIE_WAL_DOKUMENTU>4.6800</PO_RABACIE_WAL_DOKUMENTU></CENY><WALUTA><SYMBOL>PLN</SYMBOL><KURS_L>1.00</KURS_L><KURS_M>1</KURS_M></WALUTA><RABAT>10.00</RABAT><WARTOSC_NETTO>60.88</WARTOSC_NETTO><WARTOSC_BRUTTO>74.88</WARTOSC_BRUTTO><WARTOSC_NETTO_WAL>60.88</WARTOSC_NETTO_WAL><WARTOSC_BRUTTO_WAL>74.88</WARTOSC_BRUTTO_WAL><ILOSC>16.0000</ILOSC><JM>szt.</JM><JM_CALKOWITE>0.00</JM_CALKOWITE><JM_ZLOZONA><JMZ>szt.</JMZ><JM_PRZELICZNIK_L>1.00</JM_PRZELICZNIK_L><JM_PRZELICZNIK_M>1</JM_PRZELICZNIK_M></JM_ZLOZONA></POZYCJA><POZYCJA><LP>4</LP><TOWAR><KOD>717414</KOD><NAZWA>KOSZ Z ŁUBY DUŻY PASTELOWY</NAZWA><OPIS/><EAN/><SWW/><NUMER_KATALOGOWY/><MPP>0</MPP></TOWAR><STAWKA_VAT><STAWKA>23.00</STAWKA><FLAGA>2</FLAGA><ZRODLOWA>0.00</ZRODLOWA></STAWKA_VAT><CENY><CENAZCZTEREMAMIEJSCAMI>0</CENAZCZTEREMAMIEJSCAMI><POCZATKOWA_WAL_CENNIKA>7.8000</POCZATKOWA_WAL_CENNIKA><POCZATKOWA_WAL_DOKUMENTU>7.8000</POCZATKOWA_WAL_DOKUMENTU><PO_RABACIE_WAL_CENNIKA>7.0200</PO_RABACIE_WAL_CENNIKA><PO_RABACIE_PLN>7.0200</PO_RABACIE_PLN><PO_RABACIE_WAL_DOKUMENTU>7.0200</PO_RABACIE_WAL_DOKUMENTU></CENY><WALUTA><SYMBOL>PLN</SYMBOL><KURS_L>1.00</KURS_L><KURS_M>1</KURS_M></WALUTA><RABAT>10.00</RABAT><WARTOSC_NETTO>57.07</WARTOSC_NETTO><WARTOSC_BRUTTO>70.20</WARTOSC_BRUTTO><WARTOSC_NETTO_WAL>57.07</WARTOSC_NETTO_WAL><WARTOSC_BRUTTO_WAL>70.20</WARTOSC_BRUTTO_WAL><ILOSC>10.0000</ILOSC><JM>szt</JM><JM_CALKOWITE>0.00</JM_CALKOWITE><JM_ZLOZONA><JMZ>szt</JMZ><JM_PRZELICZNIK_L>1.00</JM_PRZELICZNIK_L><JM_PRZELICZNIK_M>1</JM_PRZELICZNIK_M></JM_ZLOZONA></POZYCJA><POZYCJA><LP>5</LP><TOWAR><KOD>711649</KOD><NAZWA>KOSZ Z ŁUBY DUŻY</NAZWA><OPIS/><EAN>711649</EAN><SWW/><NUMER_KATALOGOWY/><MPP>0</MPP></TOWAR><STAWKA_VAT><STAWKA>23.00</STAWKA><FLAGA>2</FLAGA><ZRODLOWA>0.00</ZRODLOWA></STAWKA_VAT><CENY><CENAZCZTEREMAMIEJSCAMI>0</CENAZCZTEREMAMIEJSCAMI><POCZATKOWA_WAL_CENNIKA>6.9000</POCZATKOWA_WAL_CENNIKA><POCZATKOWA_WAL_DOKUMENTU>6.9000</POCZATKOWA_WAL_DOKUMENTU><PO_RABACIE_WAL_CENNIKA>6.2100</PO_RABACIE_WAL_CENNIKA><PO_RABACIE_PLN>6.2100</PO_RABACIE_PLN><PO_RABACIE_WAL_DOKUMENTU>6.2100</PO_RABACIE_WAL_DOKUMENTU></CENY><WALUTA><SYMBOL>PLN</SYMBOL><KURS_L>1.00</KURS_L><KURS_M>1</KURS_M></WALUTA><RABAT>10.00</RABAT><WARTOSC_NETTO>50.49</WARTOSC_NETTO><WARTOSC_BRUTTO>62.10</WARTOSC_BRUTTO><WARTOSC_NETTO_WAL>50.49</WARTOSC_NETTO_WAL><WARTOSC_BRUTTO_WAL>62.10</WARTOSC_BRUTTO_WAL><ILOSC>10.0000</ILOSC><JM>szt</JM><JM_CALKOWITE>0.00</JM_CALKOWITE><JM_ZLOZONA><JMZ>szt</JMZ><JM_PRZELICZNIK_L>1.00</JM_PRZELICZNIK_L><JM_PRZELICZNIK_M>1</JM_PRZELICZNIK_M></JM_ZLOZONA></POZYCJA><POZYCJA><LP>6</LP><TOWAR><KOD>701035</KOD><NAZWA>WSTĄŻKA PAPIEROWA  - MIX KOLORÓW</NAZWA><OPIS/><EAN>701035</EAN><SWW/><NUMER_KATALOGOWY/><MPP>0</MPP></TOWAR><STAWKA_VAT><STAWKA>23.00</STAWKA><FLAGA>2</FLAGA><ZRODLOWA>0.00</ZRODLOWA></STAWKA_VAT><CENY><CENAZCZTEREMAMIEJSCAMI>0</CENAZCZTEREMAMIEJSCAMI><POCZATKOWA_WAL_CENNIKA>5.6000</POCZATKOWA_WAL_CENNIKA><POCZATKOWA_WAL_DOKUMENTU>5.6000</POCZATKOWA_WAL_DOKUMENTU><PO_RABACIE_WAL_CENNIKA>5.0400</PO_RABACIE_WAL_CENNIKA><PO_RABACIE_PLN>5.0400</PO_RABACIE_PLN><PO_RABACIE_WAL_DOKUMENTU>5.0400</PO_RABACIE_WAL_DOKUMENTU></CENY><WALUTA><SYMBOL>PLN</SYMBOL><KURS_L>1.00</KURS_L><KURS_M>1</KURS_M></WALUTA><RABAT>10.00</RABAT><WARTOSC_NETTO>94.24</WARTOSC_NETTO><WARTOSC_BRUTTO>115.92</WARTOSC_BRUTTO><WARTOSC_NETTO_WAL>94.24</WARTOSC_NETTO_WAL><WARTOSC_BRUTTO_WAL>115.92</WARTOSC_BRUTTO_WAL><ILOSC>23.0000</ILOSC><JM>szt</JM><JM_CALKOWITE>0.00</JM_CALKOWITE><JM_ZLOZONA><JMZ>szt</JMZ><JM_PRZELICZNIK_L>1.00</JM_PRZELICZNIK_L><JM_PRZELICZNIK_M>1</JM_PRZELICZNIK_M></JM_ZLOZONA></POZYCJA><POZYCJA><LP>7</LP><TOWAR><KOD>903399</KOD><NAZWA>BILECIKI OGÓLNE 10SZT</NAZWA><OPIS/><EAN>903399</EAN><SWW/><NUMER_KATALOGOWY/><MPP>0</MPP></TOWAR><STAWKA_VAT><STAWKA>23.00</STAWKA><FLAGA>2</FLAGA><ZRODLOWA>0.00</ZRODLOWA></STAWKA_VAT><CENY><CENAZCZTEREMAMIEJSCAMI>0</CENAZCZTEREMAMIEJSCAMI><POCZATKOWA_WAL_CENNIKA>4.7000</POCZATKOWA_WAL_CENNIKA><POCZATKOWA_WAL_DOKUMENTU>4.7000</POCZATKOWA_WAL_DOKUMENTU><PO_RABACIE_WAL_CENNIKA>4.2300</PO_RABACIE_WAL_CENNIKA><PO_RABACIE_PLN>4.2300</PO_RABACIE_PLN><PO_RABACIE_WAL_DOKUMENTU>4.2300</PO_RABACIE_WAL_DOKUMENTU></CENY><WALUTA><SYMBOL>PLN</SYMBOL><KURS_L>1.00</KURS_L><KURS_M>1</KURS_M></WALUTA><RABAT>10.00</RABAT><WARTOSC_NETTO>34.39</WARTOSC_NETTO><WARTOSC_BRUTTO>42.30</WARTOSC_BRUTTO><WARTOSC_NETTO_WAL>34.39</WARTOSC_NETTO_WAL><WARTOSC_BRUTTO_WAL>42.30</WARTOSC_BRUTTO_WAL><ILOSC>10.0000</ILOSC><JM>op.</JM><JM_CALKOWITE>0.00</JM_CALKOWITE><JM_ZLOZONA><JMZ>op.</JMZ><JM_PRZELICZNIK_L>1.00</JM_PRZELICZNIK_L><JM_PRZELICZNIK_M>1</JM_PRZELICZNIK_M></JM_ZLOZONA></POZYCJA></POZYCJE><KAUCJE/><PLATNOSCI><PLATNOSC><FORMA>gotówka</FORMA><TERMIN>2023-01-18</TERMIN><KWOTA>426.42</KWOTA><KWOTA_W_WAL_SYSTEMOWEJ>426.42</KWOTA_W_WAL_SYSTEMOWEJ><WALUTA><SYMBOL/><KURS_L>1.00</KURS_L><KURS_M>1</KURS_M></WALUTA></PLATNOSC></PLATNOSCI><PLATNOSCI_KAUCJE/><TABELKA_VAT><LINIA_VAT><STAWKA_VAT><STAWKA>8.00</STAWKA><FLAGA>2</FLAGA><ZRODLOWA>0.00</ZRODLOWA></STAWKA_VAT><NETTO>36.50</NETTO><VAT>2.92</VAT><BRUTTO>39.42</BRUTTO><NETTO_WAL>36.50</NETTO_WAL><VAT_WAL>2.92</VAT_WAL><BRUTTO_WAL>39.42</BRUTTO_WAL></LINIA_VAT><LINIA_VAT><STAWKA_VAT><STAWKA>23.00</STAWKA><FLAGA>2</FLAGA><ZRODLOWA>0.00</ZRODLOWA></STAWKA_VAT><NETTO>314.63</NETTO><VAT>72.37</VAT><BRUTTO>387.00</BRUTTO><NETTO_WAL>314.63</NETTO_WAL><VAT_WAL>72.37</VAT_WAL><BRUTTO_WAL>387.00</BRUTTO_WAL></LINIA_VAT></TABELKA_VAT><ATRYBUTY/></DOKUMENT></ROOT>
