<?xml version="1.0" encoding="UTF-8"?>
<ROOT xmlns="http://www.cdn.com.pl/optima/dokument"><DOKUMENT><NAGLOWEK><GENERATOR>Comarch Opt!ma</GENERATOR><TYP_DOKUMENTU>302</TYP_DOKUMENTU><RODZAJ_DOKUMENTU>302004</RODZAJ_DOKUMENTU><FV_MARZA>0</FV_MARZA><FV_MARZA_RODZAJ>0</FV_MARZA_RODZAJ><NUMER_PELNY>FA/374/2023</NUMER_PELNY><DATA_DOKUMENTU>2023-01-18</DATA_DOKUMENTU><DATA_WYSTAWIENIA>2023-01-18</DATA_WYSTAWIENIA><DATA_OPERACJI>2023-01-18</DATA_OPERACJI><TERMIN_ZWROTU_KAUCJI>2023-03-19</TERMIN_ZWROTU_KAUCJI><KOREKTA>0</KOREKTA><DETAL>0</DETAL><TYP_NETTO_BRUTTO>2</TYP_NETTO_BRUTTO><RABAT>8.18</RABAT><OPIS>Dok.: FA/374/2023 (Faktura sprzedaży z wygenerowanym WZ)</OPIS><PLATNIK><KOD>BIAŁOZOR</KOD><NIP_KRAJ>PL</NIP_KRAJ><NIP>9660490860</NIP><GLN/><NAZWA>KWIACIARNIA STANISŁAW BIAŁOZOR</NAZWA><MPP>0</MPP><ADRES><KOD_POCZTOWY>16-020</KOD_POCZTOWY><MIASTO/><ULICA>ul.SIENKIEWICZA 2</ULICA><KRAJ>Polska</KRAJ></ADRES></PLATNIK><ODBIORCA><KOD>BIAŁOZOR</KOD><NIP_KRAJ>PL</NIP_KRAJ><NIP>9660490860</NIP><GLN/><NAZWA>KWIACIARNIA STANISŁAW BIAŁOZOR</NAZWA><ADRES><KOD_POCZTOWY>16-020</KOD_POCZTOWY><MIASTO/><ULICA>ul.SIENKIEWICZA 2</ULICA><KRAJ>Polska</KRAJ></ADRES></ODBIORCA><SPRZEDAWCA><NIP_KRAJ>PL</NIP_KRAJ><NIP>546-000-03-17</NIP><GLN>0000000000000</GLN><NAZWA>P.H.U. "KROKUS" HURTOWNIA KWIATÓW LESZEK WOŁKOWICZ</NAZWA><ADRES><KOD_POCZTOWY>15-257</KOD_POCZTOWY><MIASTO>BIAŁYSTOK</MIASTO><ULICA>ul. A. MICKIEWICZA 95</ULICA><KRAJ>Polska</KRAJ></ADRES><NUMER_KONTA_BANKOWEGO/><NAZWA_BANKU/></SPRZEDAWCA><KATEGORIA><KOD/><OPIS/></KATEGORIA><PLATNOSC><FORMA>gotówka</FORMA><TERMIN>2023-01-18</TERMIN><MPP>0</MPP></PLATNOSC><WALUTA><SYMBOL>PLN</SYMBOL><KURS_L>1.00</KURS_L><KURS_M>1</KURS_M><PLAT_WAL_OD_PLN>0</PLAT_WAL_OD_PLN><KURS_NUMER>3</KURS_NUMER><KURS_DATA>2023-01-18</KURS_DATA></WALUTA><KWOTY><RAZEM_NETTO_WAL>305.24</RAZEM_NETTO_WAL><RAZEM_NETTO>305.24</RAZEM_NETTO><RAZEM_BRUTTO>338.54</RAZEM_BRUTTO><RAZEM_VAT>33.30</RAZEM_VAT></KWOTY><MAGAZYN_ZRODLOWY>MAGAZYN</MAGAZYN_ZRODLOWY><MAGAZYN_DOCELOWY/><KAUCJE_PLATNOSCI>0</KAUCJE_PLATNOSCI><BLOKADA_PLATNOSCI>0</BLOKADA_PLATNOSCI><VAT_DLA_DOK_WAL>0</VAT_DLA_DOK_WAL><TRYB_NETTO_VAT>0</TRYB_NETTO_VAT><STATUS_PLATNIKA>0</STATUS_PLATNIKA><ROZLICZAM_PODATEK_W_OSS>0</ROZLICZAM_PODATEK_W_OSS></NAGLOWEK><POZYCJE><POZYCJA><LP>1</LP><TOWAR><KOD>901460</KOD><NAZWA>HERBATY - 50 gr</NAZWA><OPIS/><EAN>5907511305158</EAN><SWW/><NUMER_KATALOGOWY/><MPP>0</MPP></TOWAR><STAWKA_VAT><STAWKA>23.00</STAWKA><FLAGA>2</FLAGA><ZRODLOWA>0.00</ZRODLOWA></STAWKA_VAT><CENY><CENAZCZTEREMAMIEJSCAMI>0</CENAZCZTEREMAMIEJSCAMI><POCZATKOWA_WAL_CENNIKA>11.6000</POCZATKOWA_WAL_CENNIKA><POCZATKOWA_WAL_DOKUMENTU>11.6000</POCZATKOWA_WAL_DOKUMENTU><PO_RABACIE_WAL_CENNIKA>10.4400</PO_RABACIE_WAL_CENNIKA><PO_RABACIE_PLN>10.4400</PO_RABACIE_PLN><PO_RABACIE_WAL_DOKUMENTU>10.4400</PO_RABACIE_WAL_DOKUMENTU></CENY><WALUTA><SYMBOL>PLN</SYMBOL><KURS_L>1.00</KURS_L><KURS_M>1</KURS_M></WALUTA><RABAT>10.00</RABAT><WARTOSC_NETTO>16.98</WARTOSC_NETTO><WARTOSC_BRUTTO>20.88</WARTOSC_BRUTTO><WARTOSC_NETTO_WAL>16.98</WARTOSC_NETTO_WAL><WARTOSC_BRUTTO_WAL>20.88</WARTOSC_BRUTTO_WAL><ILOSC>2.0000</ILOSC><JM>op.</JM><JM_CALKOWITE>0.00</JM_CALKOWITE><JM_ZLOZONA><JMZ>op.</JMZ><JM_PRZELICZNIK_L>1.00</JM_PRZELICZNIK_L><JM_PRZELICZNIK_M>1</JM_PRZELICZNIK_M></JM_ZLOZONA></POZYCJA><POZYCJA><LP>2</LP><TOWAR><KOD>507156</KOD><NAZWA>TOREBKA PAPIEROWA NA KWIATY </NAZWA><OPIS/><EAN>5900378845751</EAN><SWW/><NUMER_KATALOGOWY/><MPP>0</MPP></TOWAR><STAWKA_VAT><STAWKA>23.00</STAWKA><FLAGA>2</FLAGA><ZRODLOWA>0.00</ZRODLOWA></STAWKA_VAT><CENY><CENAZCZTEREMAMIEJSCAMI>0</CENAZCZTEREMAMIEJSCAMI><POCZATKOWA_WAL_CENNIKA>3.8000</POCZATKOWA_WAL_CENNIKA><POCZATKOWA_WAL_DOKUMENTU>3.8000</POCZATKOWA_WAL_DOKUMENTU><PO_RABACIE_WAL_CENNIKA>3.4200</PO_RABACIE_WAL_CENNIKA><PO_RABACIE_PLN>3.4200</PO_RABACIE_PLN><PO_RABACIE_WAL_DOKUMENTU>3.4200</PO_RABACIE_WAL_DOKUMENTU></CENY><WALUTA><SYMBOL>PLN</SYMBOL><KURS_L>1.00</KURS_L><KURS_M>1</KURS_M></WALUTA><RABAT>10.00</RABAT><WARTOSC_NETTO>11.12</WARTOSC_NETTO><WARTOSC_BRUTTO>13.68</WARTOSC_BRUTTO><WARTOSC_NETTO_WAL>11.12</WARTOSC_NETTO_WAL><WARTOSC_BRUTTO_WAL>13.68</WARTOSC_BRUTTO_WAL><ILOSC>4.0000</ILOSC><JM>szt</JM><JM_CALKOWITE>0.00</JM_CALKOWITE><JM_ZLOZONA><JMZ>szt</JMZ><JM_PRZELICZNIK_L>1.00</JM_PRZELICZNIK_L><JM_PRZELICZNIK_M>1</JM_PRZELICZNIK_M></JM_ZLOZONA></POZYCJA><POZYCJA><LP>3</LP><TOWAR><KOD>141951</KOD><NAZWA>PAPIER FOLIOWY 50cm/9m</NAZWA><OPIS/><EAN>141951</EAN><SWW/><NUMER_KATALOGOWY/><MPP>0</MPP></TOWAR><STAWKA_VAT><STAWKA>23.00</STAWKA><FLAGA>2</FLAGA><ZRODLOWA>0.00</ZRODLOWA></STAWKA_VAT><CENY><CENAZCZTEREMAMIEJSCAMI>0</CENAZCZTEREMAMIEJSCAMI><POCZATKOWA_WAL_CENNIKA>14.0000</POCZATKOWA_WAL_CENNIKA><POCZATKOWA_WAL_DOKUMENTU>14.0000</POCZATKOWA_WAL_DOKUMENTU><PO_RABACIE_WAL_CENNIKA>12.6000</PO_RABACIE_WAL_CENNIKA><PO_RABACIE_PLN>12.6000</PO_RABACIE_PLN><PO_RABACIE_WAL_DOKUMENTU>12.6000</PO_RABACIE_WAL_DOKUMENTU></CENY><WALUTA><SYMBOL>PLN</SYMBOL><KURS_L>1.00</KURS_L><KURS_M>1</KURS_M></WALUTA><RABAT>10.00</RABAT><WARTOSC_NETTO>30.73</WARTOSC_NETTO><WARTOSC_BRUTTO>37.80</WARTOSC_BRUTTO><WARTOSC_NETTO_WAL>30.73</WARTOSC_NETTO_WAL><WARTOSC_BRUTTO_WAL>37.80</WARTOSC_BRUTTO_WAL><ILOSC>3.0000</ILOSC><JM>szt</JM><JM_CALKOWITE>0.00</JM_CALKOWITE><JM_ZLOZONA><JMZ>szt</JMZ><JM_PRZELICZNIK_L>1.00</JM_PRZELICZNIK_L><JM_PRZELICZNIK_M>1</JM_PRZELICZNIK_M></JM_ZLOZONA></POZYCJA><POZYCJA><LP>4</LP><TOWAR><KOD>141939</KOD><NAZWA>TORBA FOL. 44/12/90 20 MIK. W TYM OPŁ. REC.0,20</NAZWA><OPIS/><EAN>141939</EAN><SWW/><NUMER_KATALOGOWY/><MPP>0</MPP></TOWAR><STAWKA_VAT><STAWKA>23.00</STAWKA><FLAGA>2</FLAGA><ZRODLOWA>0.00</ZRODLOWA></STAWKA_VAT><CENY><CENAZCZTEREMAMIEJSCAMI>0</CENAZCZTEREMAMIEJSCAMI><POCZATKOWA_WAL_CENNIKA>0.5000</POCZATKOWA_WAL_CENNIKA><POCZATKOWA_WAL_DOKUMENTU>0.5000</POCZATKOWA_WAL_DOKUMENTU><PO_RABACIE_WAL_CENNIKA>0.5000</PO_RABACIE_WAL_CENNIKA><PO_RABACIE_PLN>0.5000</PO_RABACIE_PLN><PO_RABACIE_WAL_DOKUMENTU>0.5000</PO_RABACIE_WAL_DOKUMENTU></CENY><WALUTA><SYMBOL>PLN</SYMBOL><KURS_L>1.00</KURS_L><KURS_M>1</KURS_M></WALUTA><RABAT>0.00</RABAT><WARTOSC_NETTO>0.41</WARTOSC_NETTO><WARTOSC_BRUTTO>0.50</WARTOSC_BRUTTO><WARTOSC_NETTO_WAL>0.41</WARTOSC_NETTO_WAL><WARTOSC_BRUTTO_WAL>0.50</WARTOSC_BRUTTO_WAL><ILOSC>1.0000</ILOSC><JM>szt</JM><JM_CALKOWITE>0.00</JM_CALKOWITE><JM_ZLOZONA><JMZ>szt</JMZ><JM_PRZELICZNIK_L>1.00</JM_PRZELICZNIK_L><JM_PRZELICZNIK_M>1</JM_PRZELICZNIK_M></JM_ZLOZONA></POZYCJA><POZYCJA><LP>5</LP><TOWAR><KOD>1000180</KOD><NAZWA>STEPHANOTIS</NAZWA><OPIS/><EAN/><SWW/><NUMER_KATALOGOWY/><MPP>0</MPP></TOWAR><STAWKA_VAT><STAWKA>8.00</STAWKA><FLAGA>2</FLAGA><ZRODLOWA>0.00</ZRODLOWA></STAWKA_VAT><CENY><CENAZCZTEREMAMIEJSCAMI>0</CENAZCZTEREMAMIEJSCAMI><POCZATKOWA_WAL_CENNIKA>39.0000</POCZATKOWA_WAL_CENNIKA><POCZATKOWA_WAL_DOKUMENTU>39.0000</POCZATKOWA_WAL_DOKUMENTU><PO_RABACIE_WAL_CENNIKA>39.0000</PO_RABACIE_WAL_CENNIKA><PO_RABACIE_PLN>39.0000</PO_RABACIE_PLN><PO_RABACIE_WAL_DOKUMENTU>39.0000</PO_RABACIE_WAL_DOKUMENTU></CENY><WALUTA><SYMBOL>PLN</SYMBOL><KURS_L>1.00</KURS_L><KURS_M>1</KURS_M></WALUTA><RABAT>0.00</RABAT><WARTOSC_NETTO>36.11</WARTOSC_NETTO><WARTOSC_BRUTTO>39.00</WARTOSC_BRUTTO><WARTOSC_NETTO_WAL>36.11</WARTOSC_NETTO_WAL><WARTOSC_BRUTTO_WAL>39.00</WARTOSC_BRUTTO_WAL><ILOSC>1.0000</ILOSC><JM>szt.</JM><JM_CALKOWITE>0.00</JM_CALKOWITE><JM_ZLOZONA><JMZ>szt.</JMZ><JM_PRZELICZNIK_L>1.00</JM_PRZELICZNIK_L><JM_PRZELICZNIK_M>1</JM_PRZELICZNIK_M></JM_ZLOZONA></POZYCJA><POZYCJA><LP>6</LP><TOWAR><KOD>1000162</KOD><NAZWA>GOZDZIK</NAZWA><OPIS/><EAN/><SWW/><NUMER_KATALOGOWY/><MPP>0</MPP></TOWAR><STAWKA_VAT><STAWKA>8.00</STAWKA><FLAGA>2</FLAGA><ZRODLOWA>0.00</ZRODLOWA></STAWKA_VAT><CENY><CENAZCZTEREMAMIEJSCAMI>0</CENAZCZTEREMAMIEJSCAMI><POCZATKOWA_WAL_CENNIKA>8.5000</POCZATKOWA_WAL_CENNIKA><POCZATKOWA_WAL_DOKUMENTU>8.5000</POCZATKOWA_WAL_DOKUMENTU><PO_RABACIE_WAL_CENNIKA>7.6500</PO_RABACIE_WAL_CENNIKA><PO_RABACIE_PLN>7.6500</PO_RABACIE_PLN><PO_RABACIE_WAL_DOKUMENTU>7.6500</PO_RABACIE_WAL_DOKUMENTU></CENY><WALUTA><SYMBOL>PLN</SYMBOL><KURS_L>1.00</KURS_L><KURS_M>1</KURS_M></WALUTA><RABAT>10.00</RABAT><WARTOSC_NETTO>28.33</WARTOSC_NETTO><WARTOSC_BRUTTO>30.60</WARTOSC_BRUTTO><WARTOSC_NETTO_WAL>28.33</WARTOSC_NETTO_WAL><WARTOSC_BRUTTO_WAL>30.60</WARTOSC_BRUTTO_WAL><ILOSC>4.0000</ILOSC><JM>szt.</JM><JM_CALKOWITE>0.00</JM_CALKOWITE><JM_ZLOZONA><JMZ>szt.</JMZ><JM_PRZELICZNIK_L>1.00</JM_PRZELICZNIK_L><JM_PRZELICZNIK_M>1</JM_PRZELICZNIK_M></JM_ZLOZONA></POZYCJA><POZYCJA><LP>7</LP><TOWAR><KOD>1000152</KOD><NAZWA>PRYMULA </NAZWA><OPIS/><EAN/><SWW/><NUMER_KATALOGOWY/><MPP>0</MPP></TOWAR><STAWKA_VAT><STAWKA>8.00</STAWKA><FLAGA>2</FLAGA><ZRODLOWA>0.00</ZRODLOWA></STAWKA_VAT><CENY><CENAZCZTEREMAMIEJSCAMI>0</CENAZCZTEREMAMIEJSCAMI><POCZATKOWA_WAL_CENNIKA>4.9000</POCZATKOWA_WAL_CENNIKA><POCZATKOWA_WAL_DOKUMENTU>4.9000</POCZATKOWA_WAL_DOKUMENTU><PO_RABACIE_WAL_CENNIKA>4.4100</PO_RABACIE_WAL_CENNIKA><PO_RABACIE_PLN>4.4100</PO_RABACIE_PLN><PO_RABACIE_WAL_DOKUMENTU>4.4100</PO_RABACIE_WAL_DOKUMENTU></CENY><WALUTA><SYMBOL>PLN</SYMBOL><KURS_L>1.00</KURS_L><KURS_M>1</KURS_M></WALUTA><RABAT>10.00</RABAT><WARTOSC_NETTO>20.42</WARTOSC_NETTO><WARTOSC_BRUTTO>22.05</WARTOSC_BRUTTO><WARTOSC_NETTO_WAL>20.42</WARTOSC_NETTO_WAL><WARTOSC_BRUTTO_WAL>22.05</WARTOSC_BRUTTO_WAL><ILOSC>5.0000</ILOSC><JM>szt</JM><JM_CALKOWITE>0.00</JM_CALKOWITE><JM_ZLOZONA><JMZ>szt</JMZ><JM_PRZELICZNIK_L>1.00</JM_PRZELICZNIK_L><JM_PRZELICZNIK_M>1</JM_PRZELICZNIK_M></JM_ZLOZONA></POZYCJA><POZYCJA><LP>8</LP><TOWAR><KOD>1000176</KOD><NAZWA>ROZA DONICZKOWA</NAZWA><OPIS/><EAN/><SWW/><NUMER_KATALOGOWY/><MPP>0</MPP></TOWAR><STAWKA_VAT><STAWKA>8.00</STAWKA><FLAGA>2</FLAGA><ZRODLOWA>0.00</ZRODLOWA></STAWKA_VAT><CENY><CENAZCZTEREMAMIEJSCAMI>0</CENAZCZTEREMAMIEJSCAMI><POCZATKOWA_WAL_CENNIKA>17.9000</POCZATKOWA_WAL_CENNIKA><POCZATKOWA_WAL_DOKUMENTU>17.9000</POCZATKOWA_WAL_DOKUMENTU><PO_RABACIE_WAL_CENNIKA>16.1100</PO_RABACIE_WAL_CENNIKA><PO_RABACIE_PLN>16.1100</PO_RABACIE_PLN><PO_RABACIE_WAL_DOKUMENTU>16.1100</PO_RABACIE_WAL_DOKUMENTU></CENY><WALUTA><SYMBOL>PLN</SYMBOL><KURS_L>1.00</KURS_L><KURS_M>1</KURS_M></WALUTA><RABAT>10.00</RABAT><WARTOSC_NETTO>44.75</WARTOSC_NETTO><WARTOSC_BRUTTO>48.33</WARTOSC_BRUTTO><WARTOSC_NETTO_WAL>44.75</WARTOSC_NETTO_WAL><WARTOSC_BRUTTO_WAL>48.33</WARTOSC_BRUTTO_WAL><ILOSC>3.0000</ILOSC><JM>szt.</JM><JM_CALKOWITE>0.00</JM_CALKOWITE><JM_ZLOZONA><JMZ>szt.</JMZ><JM_PRZELICZNIK_L>1.00</JM_PRZELICZNIK_L><JM_PRZELICZNIK_M>1</JM_PRZELICZNIK_M></JM_ZLOZONA></POZYCJA><POZYCJA><LP>9</LP><TOWAR><KOD>1000156</KOD><NAZWA>ANTURIUM</NAZWA><OPIS/><EAN/><SWW/><NUMER_KATALOGOWY/><MPP>0</MPP></TOWAR><STAWKA_VAT><STAWKA>8.00</STAWKA><FLAGA>2</FLAGA><ZRODLOWA>0.00</ZRODLOWA></STAWKA_VAT><CENY><CENAZCZTEREMAMIEJSCAMI>0</CENAZCZTEREMAMIEJSCAMI><POCZATKOWA_WAL_CENNIKA>45.0000</POCZATKOWA_WAL_CENNIKA><POCZATKOWA_WAL_DOKUMENTU>45.0000</POCZATKOWA_WAL_DOKUMENTU><PO_RABACIE_WAL_CENNIKA>40.5000</PO_RABACIE_WAL_CENNIKA><PO_RABACIE_PLN>40.5000</PO_RABACIE_PLN><PO_RABACIE_WAL_DOKUMENTU>40.5000</PO_RABACIE_WAL_DOKUMENTU></CENY><WALUTA><SYMBOL>PLN</SYMBOL><KURS_L>1.00</KURS_L><KURS_M>1</KURS_M></WALUTA><RABAT>10.00</RABAT><WARTOSC_NETTO>37.50</WARTOSC_NETTO><WARTOSC_BRUTTO>40.50</WARTOSC_BRUTTO><WARTOSC_NETTO_WAL>37.50</WARTOSC_NETTO_WAL><WARTOSC_BRUTTO_WAL>40.50</WARTOSC_BRUTTO_WAL><ILOSC>1.0000</ILOSC><JM>szt.</JM><JM_CALKOWITE>0.00</JM_CALKOWITE><JM_ZLOZONA><JMZ>szt.</JMZ><JM_PRZELICZNIK_L>1.00</JM_PRZELICZNIK_L><JM_PRZELICZNIK_M>1</JM_PRZELICZNIK_M></JM_ZLOZONA></POZYCJA><POZYCJA><LP>10</LP><TOWAR><KOD>1000174</KOD><NAZWA>PHILODENDRON</NAZWA><OPIS/><EAN/><SWW/><NUMER_KATALOGOWY/><MPP>0</MPP></TOWAR><STAWKA_VAT><STAWKA>8.00</STAWKA><FLAGA>2</FLAGA><ZRODLOWA>0.00</ZRODLOWA></STAWKA_VAT><CENY><CENAZCZTEREMAMIEJSCAMI>0</CENAZCZTEREMAMIEJSCAMI><POCZATKOWA_WAL_CENNIKA>17.5000</POCZATKOWA_WAL_CENNIKA><POCZATKOWA_WAL_DOKUMENTU>17.5000</POCZATKOWA_WAL_DOKUMENTU><PO_RABACIE_WAL_CENNIKA>15.7500</PO_RABACIE_WAL_CENNIKA><PO_RABACIE_PLN>15.7500</PO_RABACIE_PLN><PO_RABACIE_WAL_DOKUMENTU>15.7500</PO_RABACIE_WAL_DOKUMENTU></CENY><WALUTA><SYMBOL>PLN</SYMBOL><KURS_L>1.00</KURS_L><KURS_M>1</KURS_M></WALUTA><RABAT>10.00</RABAT><WARTOSC_NETTO>29.17</WARTOSC_NETTO><WARTOSC_BRUTTO>31.50</WARTOSC_BRUTTO><WARTOSC_NETTO_WAL>29.17</WARTOSC_NETTO_WAL><WARTOSC_BRUTTO_WAL>31.50</WARTOSC_BRUTTO_WAL><ILOSC>2.0000</ILOSC><JM>szt.</JM><JM_CALKOWITE>0.00</JM_CALKOWITE><JM_ZLOZONA><JMZ>szt.</JMZ><JM_PRZELICZNIK_L>1.00</JM_PRZELICZNIK_L><JM_PRZELICZNIK_M>1</JM_PRZELICZNIK_M></JM_ZLOZONA></POZYCJA><POZYCJA><LP>11</LP><TOWAR><KOD>1000168</KOD><NAZWA>KALANCHOE</NAZWA><OPIS/><EAN/><SWW/><NUMER_KATALOGOWY/><MPP>0</MPP></TOWAR><STAWKA_VAT><STAWKA>8.00</STAWKA><FLAGA>2</FLAGA><ZRODLOWA>0.00</ZRODLOWA></STAWKA_VAT><CENY><CENAZCZTEREMAMIEJSCAMI>0</CENAZCZTEREMAMIEJSCAMI><POCZATKOWA_WAL_CENNIKA>14.5000</POCZATKOWA_WAL_CENNIKA><POCZATKOWA_WAL_DOKUMENTU>14.5000</POCZATKOWA_WAL_DOKUMENTU><PO_RABACIE_WAL_CENNIKA>13.0500</PO_RABACIE_WAL_CENNIKA><PO_RABACIE_PLN>13.0500</PO_RABACIE_PLN><PO_RABACIE_WAL_DOKUMENTU>13.0500</PO_RABACIE_WAL_DOKUMENTU></CENY><WALUTA><SYMBOL>PLN</SYMBOL><KURS_L>1.00</KURS_L><KURS_M>1</KURS_M></WALUTA><RABAT>10.00</RABAT><WARTOSC_NETTO>24.17</WARTOSC_NETTO><WARTOSC_BRUTTO>26.10</WARTOSC_BRUTTO><WARTOSC_NETTO_WAL>24.17</WARTOSC_NETTO_WAL><WARTOSC_BRUTTO_WAL>26.10</WARTOSC_BRUTTO_WAL><ILOSC>2.0000</ILOSC><JM>szt.</JM><JM_CALKOWITE>0.00</JM_CALKOWITE><JM_ZLOZONA><JMZ>szt.</JMZ><JM_PRZELICZNIK_L>1.00</JM_PRZELICZNIK_L><JM_PRZELICZNIK_M>1</JM_PRZELICZNIK_M></JM_ZLOZONA></POZYCJA><POZYCJA><LP>12</LP><TOWAR><KOD>1000159</KOD><NAZWA>CYKLAMEN</NAZWA><OPIS/><EAN/><SWW/><NUMER_KATALOGOWY/><MPP>0</MPP></TOWAR><STAWKA_VAT><STAWKA>8.00</STAWKA><FLAGA>2</FLAGA><ZRODLOWA>0.00</ZRODLOWA></STAWKA_VAT><CENY><CENAZCZTEREMAMIEJSCAMI>0</CENAZCZTEREMAMIEJSCAMI><POCZATKOWA_WAL_CENNIKA>13.8000</POCZATKOWA_WAL_CENNIKA><POCZATKOWA_WAL_DOKUMENTU>13.8000</POCZATKOWA_WAL_DOKUMENTU><PO_RABACIE_WAL_CENNIKA>13.8000</PO_RABACIE_WAL_CENNIKA><PO_RABACIE_PLN>13.8000</PO_RABACIE_PLN><PO_RABACIE_WAL_DOKUMENTU>13.8000</PO_RABACIE_WAL_DOKUMENTU></CENY><WALUTA><SYMBOL>PLN</SYMBOL><KURS_L>1.00</KURS_L><KURS_M>1</KURS_M></WALUTA><RABAT>0.00</RABAT><WARTOSC_NETTO>25.56</WARTOSC_NETTO><WARTOSC_BRUTTO>27.60</WARTOSC_BRUTTO><WARTOSC_NETTO_WAL>25.56</WARTOSC_NETTO_WAL><WARTOSC_BRUTTO_WAL>27.60</WARTOSC_BRUTTO_WAL><ILOSC>2.0000</ILOSC><JM>szt.</JM><JM_CALKOWITE>0.00</JM_CALKOWITE><JM_ZLOZONA><JMZ>szt.</JMZ><JM_PRZELICZNIK_L>1.00</JM_PRZELICZNIK_L><JM_PRZELICZNIK_M>1</JM_PRZELICZNIK_M></JM_ZLOZONA></POZYCJA></POZYCJE><KAUCJE/><PLATNOSCI><PLATNOSC><FORMA>gotówka</FORMA><TERMIN>2023-01-18</TERMIN><KWOTA>338.54</KWOTA><KWOTA_W_WAL_SYSTEMOWEJ>338.54</KWOTA_W_WAL_SYSTEMOWEJ><WALUTA><SYMBOL/><KURS_L>1.00</KURS_L><KURS_M>1</KURS_M></WALUTA></PLATNOSC></PLATNOSCI><PLATNOSCI_KAUCJE/><TABELKA_VAT><LINIA_VAT><STAWKA_VAT><STAWKA>8.00</STAWKA><FLAGA>2</FLAGA><ZRODLOWA>0.00</ZRODLOWA></STAWKA_VAT><NETTO>246.00</NETTO><VAT>19.68</VAT><BRUTTO>265.68</BRUTTO><NETTO_WAL>246.00</NETTO_WAL><VAT_WAL>19.68</VAT_WAL><BRUTTO_WAL>265.68</BRUTTO_WAL></LINIA_VAT><LINIA_VAT><STAWKA_VAT><STAWKA>23.00</STAWKA><FLAGA>2</FLAGA><ZRODLOWA>0.00</ZRODLOWA></STAWKA_VAT><NETTO>59.24</NETTO><VAT>13.62</VAT><BRUTTO>72.86</BRUTTO><NETTO_WAL>59.24</NETTO_WAL><VAT_WAL>13.62</VAT_WAL><BRUTTO_WAL>72.86</BRUTTO_WAL></LINIA_VAT></TABELKA_VAT><ATRYBUTY/></DOKUMENT></ROOT>
