<?xml version="1.0" encoding="UTF-8"?>
<ROOT xmlns="http://www.cdn.com.pl/optima/dokument"><DOKUMENT><NAGLOWEK><GENERATOR>Comarch Opt!ma</GENERATOR><TYP_DOKUMENTU>302</TYP_DOKUMENTU><RODZAJ_DOKUMENTU>302004</RODZAJ_DOKUMENTU><FV_MARZA>0</FV_MARZA><FV_MARZA_RODZAJ>0</FV_MARZA_RODZAJ><NUMER_PELNY>FA/475/2023</NUMER_PELNY><DATA_DOKUMENTU>2023-01-23</DATA_DOKUMENTU><DATA_WYSTAWIENIA>2023-01-23</DATA_WYSTAWIENIA><DATA_OPERACJI>2023-01-23</DATA_OPERACJI><TERMIN_ZWROTU_KAUCJI>2023-03-24</TERMIN_ZWROTU_KAUCJI><KOREKTA>0</KOREKTA><DETAL>0</DETAL><TYP_NETTO_BRUTTO>2</TYP_NETTO_BRUTTO><RABAT>5.00</RABAT><OPIS>Dok.: FA/475/2023 (Faktura sprzedaży z wygenerowanym WZ)</OPIS><PLATNIK><KOD>FLORENCJA  WARSZAWSK</KOD><NIP_KRAJ/><NIP>9662154468</NIP><GLN/><NAZWA>FLORENCJA Alena Shambetskaya</NAZWA><MPP>0</MPP><ADRES><KOD_POCZTOWY>15-078</KOD_POCZTOWY><MIASTO>Białystok</MIASTO><ULICA>ul. Warszawska 72/U5</ULICA><KRAJ>Polska</KRAJ></ADRES></PLATNIK><ODBIORCA><KOD>FLORENCJA  WARSZAWSK</KOD><NIP_KRAJ/><NIP>9662154468</NIP><GLN/><NAZWA>FLORENCJA Alena Shambetskaya</NAZWA><ADRES><KOD_POCZTOWY>15-078</KOD_POCZTOWY><MIASTO>Białystok</MIASTO><ULICA>ul. Warszawska 72/U5</ULICA><KRAJ>Polska</KRAJ></ADRES></ODBIORCA><SPRZEDAWCA><NIP_KRAJ>PL</NIP_KRAJ><NIP>546-000-03-17</NIP><GLN>0000000000000</GLN><NAZWA>P.H.U. "KROKUS" HURTOWNIA KWIATÓW LESZEK WOŁKOWICZ</NAZWA><ADRES><KOD_POCZTOWY>15-257</KOD_POCZTOWY><MIASTO>BIAŁYSTOK</MIASTO><ULICA>ul. A. MICKIEWICZA 95</ULICA><KRAJ>Polska</KRAJ></ADRES><NUMER_KONTA_BANKOWEGO/><NAZWA_BANKU/></SPRZEDAWCA><KATEGORIA><KOD/><OPIS/></KATEGORIA><PLATNOSC><FORMA>gotówka</FORMA><TERMIN>2023-01-23</TERMIN><MPP>0</MPP></PLATNOSC><WALUTA><SYMBOL>PLN</SYMBOL><KURS_L>1.00</KURS_L><KURS_M>1</KURS_M><PLAT_WAL_OD_PLN>0</PLAT_WAL_OD_PLN><KURS_NUMER>3</KURS_NUMER><KURS_DATA>2023-01-23</KURS_DATA></WALUTA><KWOTY><RAZEM_NETTO_WAL>133.51</RAZEM_NETTO_WAL><RAZEM_NETTO>133.51</RAZEM_NETTO><RAZEM_BRUTTO>164.22</RAZEM_BRUTTO><RAZEM_VAT>30.71</RAZEM_VAT></KWOTY><MAGAZYN_ZRODLOWY>MAGAZYN</MAGAZYN_ZRODLOWY><MAGAZYN_DOCELOWY/><KAUCJE_PLATNOSCI>0</KAUCJE_PLATNOSCI><BLOKADA_PLATNOSCI>0</BLOKADA_PLATNOSCI><VAT_DLA_DOK_WAL>0</VAT_DLA_DOK_WAL><TRYB_NETTO_VAT>0</TRYB_NETTO_VAT><STATUS_PLATNIKA>0</STATUS_PLATNIKA><ROZLICZAM_PODATEK_W_OSS>0</ROZLICZAM_PODATEK_W_OSS></NAGLOWEK><POZYCJE><POZYCJA><LP>1</LP><TOWAR><KOD>401006</KOD><NAZWA>GĄBKA NORMAL - MOKRA - 23cm x 11cm x 7cm</NAZWA><OPIS/><EAN>5906031123051</EAN><SWW/><NUMER_KATALOGOWY/><MPP>0</MPP></TOWAR><STAWKA_VAT><STAWKA>23.00</STAWKA><FLAGA>2</FLAGA><ZRODLOWA>0.00</ZRODLOWA></STAWKA_VAT><CENY><CENAZCZTEREMAMIEJSCAMI>0</CENAZCZTEREMAMIEJSCAMI><POCZATKOWA_WAL_CENNIKA>2.3000</POCZATKOWA_WAL_CENNIKA><POCZATKOWA_WAL_DOKUMENTU>2.3000</POCZATKOWA_WAL_DOKUMENTU><PO_RABACIE_WAL_CENNIKA>2.1900</PO_RABACIE_WAL_CENNIKA><PO_RABACIE_PLN>2.1900</PO_RABACIE_PLN><PO_RABACIE_WAL_DOKUMENTU>2.1900</PO_RABACIE_WAL_DOKUMENTU></CENY><WALUTA><SYMBOL>PLN</SYMBOL><KURS_L>1.00</KURS_L><KURS_M>1</KURS_M></WALUTA><RABAT>5.00</RABAT><WARTOSC_NETTO>17.80</WARTOSC_NETTO><WARTOSC_BRUTTO>21.90</WARTOSC_BRUTTO><WARTOSC_NETTO_WAL>17.80</WARTOSC_NETTO_WAL><WARTOSC_BRUTTO_WAL>21.90</WARTOSC_BRUTTO_WAL><ILOSC>10.0000</ILOSC><JM>szt</JM><JM_CALKOWITE>0.00</JM_CALKOWITE><JM_ZLOZONA><JMZ>szt</JMZ><JM_PRZELICZNIK_L>1.00</JM_PRZELICZNIK_L><JM_PRZELICZNIK_M>1</JM_PRZELICZNIK_M></JM_ZLOZONA></POZYCJA><POZYCJA><LP>2</LP><TOWAR><KOD>141951</KOD><NAZWA>PAPIER FOLIOWY 50cm/9m</NAZWA><OPIS/><EAN>141951</EAN><SWW/><NUMER_KATALOGOWY/><MPP>0</MPP></TOWAR><STAWKA_VAT><STAWKA>23.00</STAWKA><FLAGA>2</FLAGA><ZRODLOWA>0.00</ZRODLOWA></STAWKA_VAT><CENY><CENAZCZTEREMAMIEJSCAMI>0</CENAZCZTEREMAMIEJSCAMI><POCZATKOWA_WAL_CENNIKA>14.0000</POCZATKOWA_WAL_CENNIKA><POCZATKOWA_WAL_DOKUMENTU>14.0000</POCZATKOWA_WAL_DOKUMENTU><PO_RABACIE_WAL_CENNIKA>13.3000</PO_RABACIE_WAL_CENNIKA><PO_RABACIE_PLN>13.3000</PO_RABACIE_PLN><PO_RABACIE_WAL_DOKUMENTU>13.3000</PO_RABACIE_WAL_DOKUMENTU></CENY><WALUTA><SYMBOL>PLN</SYMBOL><KURS_L>1.00</KURS_L><KURS_M>1</KURS_M></WALUTA><RABAT>5.00</RABAT><WARTOSC_NETTO>43.25</WARTOSC_NETTO><WARTOSC_BRUTTO>53.20</WARTOSC_BRUTTO><WARTOSC_NETTO_WAL>43.25</WARTOSC_NETTO_WAL><WARTOSC_BRUTTO_WAL>53.20</WARTOSC_BRUTTO_WAL><ILOSC>4.0000</ILOSC><JM>szt</JM><JM_CALKOWITE>0.00</JM_CALKOWITE><JM_ZLOZONA><JMZ>szt</JMZ><JM_PRZELICZNIK_L>1.00</JM_PRZELICZNIK_L><JM_PRZELICZNIK_M>1</JM_PRZELICZNIK_M></JM_ZLOZONA></POZYCJA><POZYCJA><LP>3</LP><TOWAR><KOD>716915</KOD><NAZWA>PAPIER KARBOWANY 50/10</NAZWA><OPIS/><EAN>5907582803560</EAN><SWW/><NUMER_KATALOGOWY/><MPP>0</MPP></TOWAR><STAWKA_VAT><STAWKA>23.00</STAWKA><FLAGA>2</FLAGA><ZRODLOWA>0.00</ZRODLOWA></STAWKA_VAT><CENY><CENAZCZTEREMAMIEJSCAMI>0</CENAZCZTEREMAMIEJSCAMI><POCZATKOWA_WAL_CENNIKA>20.5000</POCZATKOWA_WAL_CENNIKA><POCZATKOWA_WAL_DOKUMENTU>20.5000</POCZATKOWA_WAL_DOKUMENTU><PO_RABACIE_WAL_CENNIKA>19.4800</PO_RABACIE_WAL_CENNIKA><PO_RABACIE_PLN>19.4800</PO_RABACIE_PLN><PO_RABACIE_WAL_DOKUMENTU>19.4800</PO_RABACIE_WAL_DOKUMENTU></CENY><WALUTA><SYMBOL>PLN</SYMBOL><KURS_L>1.00</KURS_L><KURS_M>1</KURS_M></WALUTA><RABAT>5.00</RABAT><WARTOSC_NETTO>15.84</WARTOSC_NETTO><WARTOSC_BRUTTO>19.48</WARTOSC_BRUTTO><WARTOSC_NETTO_WAL>15.84</WARTOSC_NETTO_WAL><WARTOSC_BRUTTO_WAL>19.48</WARTOSC_BRUTTO_WAL><ILOSC>1.0000</ILOSC><JM>szt.</JM><JM_CALKOWITE>0.00</JM_CALKOWITE><JM_ZLOZONA><JMZ>szt.</JMZ><JM_PRZELICZNIK_L>1.00</JM_PRZELICZNIK_L><JM_PRZELICZNIK_M>1</JM_PRZELICZNIK_M></JM_ZLOZONA></POZYCJA><POZYCJA><LP>4</LP><TOWAR><KOD>713416</KOD><NAZWA>WSTAŻKA SATYNOWA BABY PINK 2,5 CM X 35 Y</NAZWA><OPIS/><EAN>5901720252357</EAN><SWW/><NUMER_KATALOGOWY/><MPP>0</MPP></TOWAR><STAWKA_VAT><STAWKA>23.00</STAWKA><FLAGA>2</FLAGA><ZRODLOWA>0.00</ZRODLOWA></STAWKA_VAT><CENY><CENAZCZTEREMAMIEJSCAMI>0</CENAZCZTEREMAMIEJSCAMI><POCZATKOWA_WAL_CENNIKA>4.7000</POCZATKOWA_WAL_CENNIKA><POCZATKOWA_WAL_DOKUMENTU>4.7000</POCZATKOWA_WAL_DOKUMENTU><PO_RABACIE_WAL_CENNIKA>4.4700</PO_RABACIE_WAL_CENNIKA><PO_RABACIE_PLN>4.4700</PO_RABACIE_PLN><PO_RABACIE_WAL_DOKUMENTU>4.4700</PO_RABACIE_WAL_DOKUMENTU></CENY><WALUTA><SYMBOL>PLN</SYMBOL><KURS_L>1.00</KURS_L><KURS_M>1</KURS_M></WALUTA><RABAT>5.00</RABAT><WARTOSC_NETTO>3.63</WARTOSC_NETTO><WARTOSC_BRUTTO>4.47</WARTOSC_BRUTTO><WARTOSC_NETTO_WAL>3.63</WARTOSC_NETTO_WAL><WARTOSC_BRUTTO_WAL>4.47</WARTOSC_BRUTTO_WAL><ILOSC>1.0000</ILOSC><JM>szt.</JM><JM_CALKOWITE>0.00</JM_CALKOWITE><JM_ZLOZONA><JMZ>szt.</JMZ><JM_PRZELICZNIK_L>1.00</JM_PRZELICZNIK_L><JM_PRZELICZNIK_M>1</JM_PRZELICZNIK_M></JM_ZLOZONA></POZYCJA><POZYCJA><LP>5</LP><TOWAR><KOD>709613</KOD><NAZWA>WSTĄŻKA SATYNOWA 1,2CM-35 Y ECRU</NAZWA><OPIS/><EAN>5901720209535</EAN><SWW/><NUMER_KATALOGOWY/><MPP>0</MPP></TOWAR><STAWKA_VAT><STAWKA>23.00</STAWKA><FLAGA>2</FLAGA><ZRODLOWA>0.00</ZRODLOWA></STAWKA_VAT><CENY><CENAZCZTEREMAMIEJSCAMI>0</CENAZCZTEREMAMIEJSCAMI><POCZATKOWA_WAL_CENNIKA>2.4000</POCZATKOWA_WAL_CENNIKA><POCZATKOWA_WAL_DOKUMENTU>2.4000</POCZATKOWA_WAL_DOKUMENTU><PO_RABACIE_WAL_CENNIKA>2.2800</PO_RABACIE_WAL_CENNIKA><PO_RABACIE_PLN>2.2800</PO_RABACIE_PLN><PO_RABACIE_WAL_DOKUMENTU>2.2800</PO_RABACIE_WAL_DOKUMENTU></CENY><WALUTA><SYMBOL>PLN</SYMBOL><KURS_L>1.00</KURS_L><KURS_M>1</KURS_M></WALUTA><RABAT>5.00</RABAT><WARTOSC_NETTO>1.85</WARTOSC_NETTO><WARTOSC_BRUTTO>2.28</WARTOSC_BRUTTO><WARTOSC_NETTO_WAL>1.85</WARTOSC_NETTO_WAL><WARTOSC_BRUTTO_WAL>2.28</WARTOSC_BRUTTO_WAL><ILOSC>1.0000</ILOSC><JM>szt</JM><JM_CALKOWITE>0.00</JM_CALKOWITE><JM_ZLOZONA><JMZ>szt</JMZ><JM_PRZELICZNIK_L>1.00</JM_PRZELICZNIK_L><JM_PRZELICZNIK_M>1</JM_PRZELICZNIK_M></JM_ZLOZONA></POZYCJA><POZYCJA><LP>6</LP><TOWAR><KOD>704660</KOD><NAZWA>WSTĄŻKA SATYNOWA CZERWONA - 3,8cm x 32m</NAZWA><OPIS/><EAN>5901720206602</EAN><SWW/><NUMER_KATALOGOWY/><MPP>0</MPP></TOWAR><STAWKA_VAT><STAWKA>23.00</STAWKA><FLAGA>2</FLAGA><ZRODLOWA>0.00</ZRODLOWA></STAWKA_VAT><CENY><CENAZCZTEREMAMIEJSCAMI>0</CENAZCZTEREMAMIEJSCAMI><POCZATKOWA_WAL_CENNIKA>7.6000</POCZATKOWA_WAL_CENNIKA><POCZATKOWA_WAL_DOKUMENTU>7.6000</POCZATKOWA_WAL_DOKUMENTU><PO_RABACIE_WAL_CENNIKA>7.2200</PO_RABACIE_WAL_CENNIKA><PO_RABACIE_PLN>7.2200</PO_RABACIE_PLN><PO_RABACIE_WAL_DOKUMENTU>7.2200</PO_RABACIE_WAL_DOKUMENTU></CENY><WALUTA><SYMBOL>PLN</SYMBOL><KURS_L>1.00</KURS_L><KURS_M>1</KURS_M></WALUTA><RABAT>5.00</RABAT><WARTOSC_NETTO>5.87</WARTOSC_NETTO><WARTOSC_BRUTTO>7.22</WARTOSC_BRUTTO><WARTOSC_NETTO_WAL>5.87</WARTOSC_NETTO_WAL><WARTOSC_BRUTTO_WAL>7.22</WARTOSC_BRUTTO_WAL><ILOSC>1.0000</ILOSC><JM>szt</JM><JM_CALKOWITE>0.00</JM_CALKOWITE><JM_ZLOZONA><JMZ>szt</JMZ><JM_PRZELICZNIK_L>1.00</JM_PRZELICZNIK_L><JM_PRZELICZNIK_M>1</JM_PRZELICZNIK_M></JM_ZLOZONA></POZYCJA><POZYCJA><LP>7</LP><TOWAR><KOD>704086</KOD><NAZWA>WSTĄŻKA SATYNOWA - 6,5mm x 32m</NAZWA><OPIS/><EAN>5901720206480</EAN><SWW/><NUMER_KATALOGOWY/><MPP>0</MPP></TOWAR><STAWKA_VAT><STAWKA>23.00</STAWKA><FLAGA>2</FLAGA><ZRODLOWA>0.00</ZRODLOWA></STAWKA_VAT><CENY><CENAZCZTEREMAMIEJSCAMI>0</CENAZCZTEREMAMIEJSCAMI><POCZATKOWA_WAL_CENNIKA>1.6000</POCZATKOWA_WAL_CENNIKA><POCZATKOWA_WAL_DOKUMENTU>1.6000</POCZATKOWA_WAL_DOKUMENTU><PO_RABACIE_WAL_CENNIKA>1.5200</PO_RABACIE_WAL_CENNIKA><PO_RABACIE_PLN>1.5200</PO_RABACIE_PLN><PO_RABACIE_WAL_DOKUMENTU>1.5200</PO_RABACIE_WAL_DOKUMENTU></CENY><WALUTA><SYMBOL>PLN</SYMBOL><KURS_L>1.00</KURS_L><KURS_M>1</KURS_M></WALUTA><RABAT>5.00</RABAT><WARTOSC_NETTO>1.24</WARTOSC_NETTO><WARTOSC_BRUTTO>1.52</WARTOSC_BRUTTO><WARTOSC_NETTO_WAL>1.24</WARTOSC_NETTO_WAL><WARTOSC_BRUTTO_WAL>1.52</WARTOSC_BRUTTO_WAL><ILOSC>1.0000</ILOSC><JM>szt</JM><JM_CALKOWITE>0.00</JM_CALKOWITE><JM_ZLOZONA><JMZ>szt</JMZ><JM_PRZELICZNIK_L>1.00</JM_PRZELICZNIK_L><JM_PRZELICZNIK_M>1</JM_PRZELICZNIK_M></JM_ZLOZONA></POZYCJA><POZYCJA><LP>8</LP><TOWAR><KOD>665921</KOD><NAZWA>TOREBKA OZDOBNA</NAZWA><OPIS/><EAN>5900378845799</EAN><SWW/><NUMER_KATALOGOWY/><MPP>0</MPP></TOWAR><STAWKA_VAT><STAWKA>23.00</STAWKA><FLAGA>2</FLAGA><ZRODLOWA>0.00</ZRODLOWA></STAWKA_VAT><CENY><CENAZCZTEREMAMIEJSCAMI>0</CENAZCZTEREMAMIEJSCAMI><POCZATKOWA_WAL_CENNIKA>3.8000</POCZATKOWA_WAL_CENNIKA><POCZATKOWA_WAL_DOKUMENTU>3.8000</POCZATKOWA_WAL_DOKUMENTU><PO_RABACIE_WAL_CENNIKA>3.6100</PO_RABACIE_WAL_CENNIKA><PO_RABACIE_PLN>3.6100</PO_RABACIE_PLN><PO_RABACIE_WAL_DOKUMENTU>3.6100</PO_RABACIE_WAL_DOKUMENTU></CENY><WALUTA><SYMBOL>PLN</SYMBOL><KURS_L>1.00</KURS_L><KURS_M>1</KURS_M></WALUTA><RABAT>5.00</RABAT><WARTOSC_NETTO>5.87</WARTOSC_NETTO><WARTOSC_BRUTTO>7.22</WARTOSC_BRUTTO><WARTOSC_NETTO_WAL>5.87</WARTOSC_NETTO_WAL><WARTOSC_BRUTTO_WAL>7.22</WARTOSC_BRUTTO_WAL><ILOSC>2.0000</ILOSC><JM>szt</JM><JM_CALKOWITE>0.00</JM_CALKOWITE><JM_ZLOZONA><JMZ>szt</JMZ><JM_PRZELICZNIK_L>1.00</JM_PRZELICZNIK_L><JM_PRZELICZNIK_M>1</JM_PRZELICZNIK_M></JM_ZLOZONA></POZYCJA><POZYCJA><LP>9</LP><TOWAR><KOD>507220</KOD><NAZWA>TOREBKA PAPIEROWA NA KWIATY PURE RED</NAZWA><OPIS/><EAN>5900378845911</EAN><SWW/><NUMER_KATALOGOWY/><MPP>0</MPP></TOWAR><STAWKA_VAT><STAWKA>23.00</STAWKA><FLAGA>2</FLAGA><ZRODLOWA>0.00</ZRODLOWA></STAWKA_VAT><CENY><CENAZCZTEREMAMIEJSCAMI>0</CENAZCZTEREMAMIEJSCAMI><POCZATKOWA_WAL_CENNIKA>3.8000</POCZATKOWA_WAL_CENNIKA><POCZATKOWA_WAL_DOKUMENTU>3.8000</POCZATKOWA_WAL_DOKUMENTU><PO_RABACIE_WAL_CENNIKA>3.6100</PO_RABACIE_WAL_CENNIKA><PO_RABACIE_PLN>3.6100</PO_RABACIE_PLN><PO_RABACIE_WAL_DOKUMENTU>3.6100</PO_RABACIE_WAL_DOKUMENTU></CENY><WALUTA><SYMBOL>PLN</SYMBOL><KURS_L>1.00</KURS_L><KURS_M>1</KURS_M></WALUTA><RABAT>5.00</RABAT><WARTOSC_NETTO>8.80</WARTOSC_NETTO><WARTOSC_BRUTTO>10.83</WARTOSC_BRUTTO><WARTOSC_NETTO_WAL>8.80</WARTOSC_NETTO_WAL><WARTOSC_BRUTTO_WAL>10.83</WARTOSC_BRUTTO_WAL><ILOSC>3.0000</ILOSC><JM>szt.</JM><JM_CALKOWITE>0.00</JM_CALKOWITE><JM_ZLOZONA><JMZ>szt.</JMZ><JM_PRZELICZNIK_L>1.00</JM_PRZELICZNIK_L><JM_PRZELICZNIK_M>1</JM_PRZELICZNIK_M></JM_ZLOZONA></POZYCJA><POZYCJA><LP>10</LP><TOWAR><KOD>507156</KOD><NAZWA>TOREBKA PAPIEROWA NA KWIATY </NAZWA><OPIS/><EAN>5900378845751</EAN><SWW/><NUMER_KATALOGOWY/><MPP>0</MPP></TOWAR><STAWKA_VAT><STAWKA>23.00</STAWKA><FLAGA>2</FLAGA><ZRODLOWA>0.00</ZRODLOWA></STAWKA_VAT><CENY><CENAZCZTEREMAMIEJSCAMI>0</CENAZCZTEREMAMIEJSCAMI><POCZATKOWA_WAL_CENNIKA>3.8000</POCZATKOWA_WAL_CENNIKA><POCZATKOWA_WAL_DOKUMENTU>3.8000</POCZATKOWA_WAL_DOKUMENTU><PO_RABACIE_WAL_CENNIKA>3.6100</PO_RABACIE_WAL_CENNIKA><PO_RABACIE_PLN>3.6100</PO_RABACIE_PLN><PO_RABACIE_WAL_DOKUMENTU>3.6100</PO_RABACIE_WAL_DOKUMENTU></CENY><WALUTA><SYMBOL>PLN</SYMBOL><KURS_L>1.00</KURS_L><KURS_M>1</KURS_M></WALUTA><RABAT>5.00</RABAT><WARTOSC_NETTO>29.35</WARTOSC_NETTO><WARTOSC_BRUTTO>36.10</WARTOSC_BRUTTO><WARTOSC_NETTO_WAL>29.35</WARTOSC_NETTO_WAL><WARTOSC_BRUTTO_WAL>36.10</WARTOSC_BRUTTO_WAL><ILOSC>10.0000</ILOSC><JM>szt</JM><JM_CALKOWITE>0.00</JM_CALKOWITE><JM_ZLOZONA><JMZ>szt</JMZ><JM_PRZELICZNIK_L>1.00</JM_PRZELICZNIK_L><JM_PRZELICZNIK_M>1</JM_PRZELICZNIK_M></JM_ZLOZONA></POZYCJA></POZYCJE><KAUCJE/><PLATNOSCI><PLATNOSC><FORMA>gotówka</FORMA><TERMIN>2023-01-23</TERMIN><KWOTA>164.22</KWOTA><KWOTA_W_WAL_SYSTEMOWEJ>164.22</KWOTA_W_WAL_SYSTEMOWEJ><WALUTA><SYMBOL/><KURS_L>1.00</KURS_L><KURS_M>1</KURS_M></WALUTA></PLATNOSC></PLATNOSCI><PLATNOSCI_KAUCJE/><TABELKA_VAT><LINIA_VAT><STAWKA_VAT><STAWKA>23.00</STAWKA><FLAGA>2</FLAGA><ZRODLOWA>0.00</ZRODLOWA></STAWKA_VAT><NETTO>133.51</NETTO><VAT>30.71</VAT><BRUTTO>164.22</BRUTTO><NETTO_WAL>133.51</NETTO_WAL><VAT_WAL>30.71</VAT_WAL><BRUTTO_WAL>164.22</BRUTTO_WAL></LINIA_VAT></TABELKA_VAT><ATRYBUTY/></DOKUMENT></ROOT>
