<?xml version="1.0" encoding="UTF-8"?>
<ROOT xmlns="http://www.cdn.com.pl/optima/dokument"><DOKUMENT><NAGLOWEK><GENERATOR>Comarch Opt!ma</GENERATOR><TYP_DOKUMENTU>302</TYP_DOKUMENTU><RODZAJ_DOKUMENTU>302004</RODZAJ_DOKUMENTU><FV_MARZA>0</FV_MARZA><FV_MARZA_RODZAJ>0</FV_MARZA_RODZAJ><NUMER_PELNY>FA/440/2023</NUMER_PELNY><DATA_DOKUMENTU>2023-01-20</DATA_DOKUMENTU><DATA_WYSTAWIENIA>2023-01-20</DATA_WYSTAWIENIA><DATA_OPERACJI>2023-01-20</DATA_OPERACJI><TERMIN_ZWROTU_KAUCJI>2023-03-21</TERMIN_ZWROTU_KAUCJI><KOREKTA>0</KOREKTA><DETAL>0</DETAL><TYP_NETTO_BRUTTO>2</TYP_NETTO_BRUTTO><RABAT>0.00</RABAT><OPIS>Dok.: FA/440/2023 (Faktura sprzedaży z wygenerowanym WZ)</OPIS><PLATNIK><KOD>QUATTRO</KOD><NIP_KRAJ>PL</NIP_KRAJ><NIP>9661867999</NIP><GLN/><NAZWA>QUATTRO SPÓŁKA Z O.O.</NAZWA><MPP>0</MPP><ADRES><KOD_POCZTOWY>15-561</KOD_POCZTOWY><MIASTO>BIAŁYSTOK</MIASTO><ULICA>ul.PIASKOWA 15</ULICA><KRAJ>Polska</KRAJ></ADRES></PLATNIK><ODBIORCA><KOD>QUATTRO</KOD><NIP_KRAJ>PL</NIP_KRAJ><NIP>9661867999</NIP><GLN/><NAZWA>QUATTRO SPÓŁKA Z O.O.</NAZWA><ADRES><KOD_POCZTOWY>15-561</KOD_POCZTOWY><MIASTO>BIAŁYSTOK</MIASTO><ULICA>ul.PIASKOWA 15</ULICA><KRAJ>Polska</KRAJ></ADRES></ODBIORCA><SPRZEDAWCA><NIP_KRAJ>PL</NIP_KRAJ><NIP>546-000-03-17</NIP><GLN>0000000000000</GLN><NAZWA>P.H.U. "KROKUS" HURTOWNIA KWIATÓW LESZEK WOŁKOWICZ</NAZWA><ADRES><KOD_POCZTOWY>15-257</KOD_POCZTOWY><MIASTO>BIAŁYSTOK</MIASTO><ULICA>ul. A. MICKIEWICZA 95</ULICA><KRAJ>Polska</KRAJ></ADRES><NUMER_KONTA_BANKOWEGO>22-12405211-1111000049289196</NUMER_KONTA_BANKOWEGO><NAZWA_BANKU>BANK PEKAO SA</NAZWA_BANKU></SPRZEDAWCA><KATEGORIA><KOD/><OPIS/></KATEGORIA><PLATNOSC><FORMA>Karta</FORMA><TERMIN>2023-01-20</TERMIN><MPP>0</MPP></PLATNOSC><WALUTA><SYMBOL>PLN</SYMBOL><KURS_L>1.00</KURS_L><KURS_M>1</KURS_M><PLAT_WAL_OD_PLN>0</PLAT_WAL_OD_PLN><KURS_NUMER>3</KURS_NUMER><KURS_DATA>2023-01-20</KURS_DATA></WALUTA><KWOTY><RAZEM_NETTO_WAL>71.55</RAZEM_NETTO_WAL><RAZEM_NETTO>71.55</RAZEM_NETTO><RAZEM_BRUTTO>84.40</RAZEM_BRUTTO><RAZEM_VAT>12.85</RAZEM_VAT></KWOTY><MAGAZYN_ZRODLOWY>MAGAZYN</MAGAZYN_ZRODLOWY><MAGAZYN_DOCELOWY/><KAUCJE_PLATNOSCI>0</KAUCJE_PLATNOSCI><BLOKADA_PLATNOSCI>0</BLOKADA_PLATNOSCI><VAT_DLA_DOK_WAL>0</VAT_DLA_DOK_WAL><TRYB_NETTO_VAT>0</TRYB_NETTO_VAT><STATUS_PLATNIKA>0</STATUS_PLATNIKA><ROZLICZAM_PODATEK_W_OSS>0</ROZLICZAM_PODATEK_W_OSS></NAGLOWEK><POZYCJE><POZYCJA><LP>1</LP><TOWAR><KOD>1000154</KOD><NAZWA>SAINTPAULIA</NAZWA><OPIS/><EAN/><SWW/><NUMER_KATALOGOWY/><MPP>0</MPP></TOWAR><STAWKA_VAT><STAWKA>8.00</STAWKA><FLAGA>2</FLAGA><ZRODLOWA>0.00</ZRODLOWA></STAWKA_VAT><CENY><CENAZCZTEREMAMIEJSCAMI>0</CENAZCZTEREMAMIEJSCAMI><POCZATKOWA_WAL_CENNIKA>11.0000</POCZATKOWA_WAL_CENNIKA><POCZATKOWA_WAL_DOKUMENTU>11.0000</POCZATKOWA_WAL_DOKUMENTU><PO_RABACIE_WAL_CENNIKA>11.0000</PO_RABACIE_WAL_CENNIKA><PO_RABACIE_PLN>11.0000</PO_RABACIE_PLN><PO_RABACIE_WAL_DOKUMENTU>11.0000</PO_RABACIE_WAL_DOKUMENTU></CENY><WALUTA><SYMBOL>PLN</SYMBOL><KURS_L>1.00</KURS_L><KURS_M>1</KURS_M></WALUTA><RABAT>0.00</RABAT><WARTOSC_NETTO>10.19</WARTOSC_NETTO><WARTOSC_BRUTTO>11.00</WARTOSC_BRUTTO><WARTOSC_NETTO_WAL>10.19</WARTOSC_NETTO_WAL><WARTOSC_BRUTTO_WAL>11.00</WARTOSC_BRUTTO_WAL><ILOSC>1.0000</ILOSC><JM>szt</JM><JM_CALKOWITE>0.00</JM_CALKOWITE><JM_ZLOZONA><JMZ>szt</JMZ><JM_PRZELICZNIK_L>1.00</JM_PRZELICZNIK_L><JM_PRZELICZNIK_M>1</JM_PRZELICZNIK_M></JM_ZLOZONA></POZYCJA><POZYCJA><LP>2</LP><TOWAR><KOD>1000160</KOD><NAZWA>CYKLAMEN</NAZWA><OPIS/><EAN/><SWW/><NUMER_KATALOGOWY/><MPP>0</MPP></TOWAR><STAWKA_VAT><STAWKA>8.00</STAWKA><FLAGA>2</FLAGA><ZRODLOWA>0.00</ZRODLOWA></STAWKA_VAT><CENY><CENAZCZTEREMAMIEJSCAMI>0</CENAZCZTEREMAMIEJSCAMI><POCZATKOWA_WAL_CENNIKA>15.0000</POCZATKOWA_WAL_CENNIKA><POCZATKOWA_WAL_DOKUMENTU>15.0000</POCZATKOWA_WAL_DOKUMENTU><PO_RABACIE_WAL_CENNIKA>15.0000</PO_RABACIE_WAL_CENNIKA><PO_RABACIE_PLN>15.0000</PO_RABACIE_PLN><PO_RABACIE_WAL_DOKUMENTU>15.0000</PO_RABACIE_WAL_DOKUMENTU></CENY><WALUTA><SYMBOL>PLN</SYMBOL><KURS_L>1.00</KURS_L><KURS_M>1</KURS_M></WALUTA><RABAT>0.00</RABAT><WARTOSC_NETTO>13.89</WARTOSC_NETTO><WARTOSC_BRUTTO>15.00</WARTOSC_BRUTTO><WARTOSC_NETTO_WAL>13.89</WARTOSC_NETTO_WAL><WARTOSC_BRUTTO_WAL>15.00</WARTOSC_BRUTTO_WAL><ILOSC>1.0000</ILOSC><JM>szt.</JM><JM_CALKOWITE>0.00</JM_CALKOWITE><JM_ZLOZONA><JMZ>szt.</JMZ><JM_PRZELICZNIK_L>1.00</JM_PRZELICZNIK_L><JM_PRZELICZNIK_M>1</JM_PRZELICZNIK_M></JM_ZLOZONA></POZYCJA><POZYCJA><LP>3</LP><TOWAR><KOD>716714</KOD><NAZWA>ZAWIESZKA ŁAPACZ SNÓW ZAW-LS1540B2</NAZWA><OPIS>szerokość/długość: 15x40 cm </OPIS><EAN>5908275940012</EAN><SWW/><NUMER_KATALOGOWY/><MPP>0</MPP></TOWAR><STAWKA_VAT><STAWKA>23.00</STAWKA><FLAGA>2</FLAGA><ZRODLOWA>0.00</ZRODLOWA></STAWKA_VAT><CENY><CENAZCZTEREMAMIEJSCAMI>0</CENAZCZTEREMAMIEJSCAMI><POCZATKOWA_WAL_CENNIKA>18.0000</POCZATKOWA_WAL_CENNIKA><POCZATKOWA_WAL_DOKUMENTU>18.0000</POCZATKOWA_WAL_DOKUMENTU><PO_RABACIE_WAL_CENNIKA>18.0000</PO_RABACIE_WAL_CENNIKA><PO_RABACIE_PLN>18.0000</PO_RABACIE_PLN><PO_RABACIE_WAL_DOKUMENTU>18.0000</PO_RABACIE_WAL_DOKUMENTU></CENY><WALUTA><SYMBOL>PLN</SYMBOL><KURS_L>1.00</KURS_L><KURS_M>1</KURS_M></WALUTA><RABAT>0.00</RABAT><WARTOSC_NETTO>29.27</WARTOSC_NETTO><WARTOSC_BRUTTO>36.00</WARTOSC_BRUTTO><WARTOSC_NETTO_WAL>29.27</WARTOSC_NETTO_WAL><WARTOSC_BRUTTO_WAL>36.00</WARTOSC_BRUTTO_WAL><ILOSC>2.0000</ILOSC><JM>szt</JM><JM_CALKOWITE>0.00</JM_CALKOWITE><JM_ZLOZONA><JMZ>szt</JMZ><JM_PRZELICZNIK_L>1.00</JM_PRZELICZNIK_L><JM_PRZELICZNIK_M>1</JM_PRZELICZNIK_M></JM_ZLOZONA></POZYCJA><POZYCJA><LP>4</LP><TOWAR><KOD>619090</KOD><NAZWA>DONICA BARYŁKA 2 D-14-16+PODSTAWKA CERAMICZNA FI13CM</NAZWA><OPIS/><EAN>5906551020625</EAN><SWW/><NUMER_KATALOGOWY/><MPP>0</MPP></TOWAR><STAWKA_VAT><STAWKA>23.00</STAWKA><FLAGA>2</FLAGA><ZRODLOWA>0.00</ZRODLOWA></STAWKA_VAT><CENY><CENAZCZTEREMAMIEJSCAMI>0</CENAZCZTEREMAMIEJSCAMI><POCZATKOWA_WAL_CENNIKA>22.4000</POCZATKOWA_WAL_CENNIKA><POCZATKOWA_WAL_DOKUMENTU>22.4000</POCZATKOWA_WAL_DOKUMENTU><PO_RABACIE_WAL_CENNIKA>22.4000</PO_RABACIE_WAL_CENNIKA><PO_RABACIE_PLN>22.4000</PO_RABACIE_PLN><PO_RABACIE_WAL_DOKUMENTU>22.4000</PO_RABACIE_WAL_DOKUMENTU></CENY><WALUTA><SYMBOL>PLN</SYMBOL><KURS_L>1.00</KURS_L><KURS_M>1</KURS_M></WALUTA><RABAT>0.00</RABAT><WARTOSC_NETTO>18.21</WARTOSC_NETTO><WARTOSC_BRUTTO>22.40</WARTOSC_BRUTTO><WARTOSC_NETTO_WAL>18.21</WARTOSC_NETTO_WAL><WARTOSC_BRUTTO_WAL>22.40</WARTOSC_BRUTTO_WAL><ILOSC>1.0000</ILOSC><JM>szt.</JM><JM_CALKOWITE>0.00</JM_CALKOWITE><JM_ZLOZONA><JMZ>szt.</JMZ><JM_PRZELICZNIK_L>1.00</JM_PRZELICZNIK_L><JM_PRZELICZNIK_M>1</JM_PRZELICZNIK_M></JM_ZLOZONA></POZYCJA></POZYCJE><KAUCJE/><PLATNOSCI><PLATNOSC><FORMA>Karta</FORMA><TERMIN>2023-01-20</TERMIN><KWOTA>84.40</KWOTA><KWOTA_W_WAL_SYSTEMOWEJ>84.40</KWOTA_W_WAL_SYSTEMOWEJ><WALUTA><SYMBOL/><KURS_L>1.00</KURS_L><KURS_M>1</KURS_M></WALUTA></PLATNOSC></PLATNOSCI><PLATNOSCI_KAUCJE/><TABELKA_VAT><LINIA_VAT><STAWKA_VAT><STAWKA>8.00</STAWKA><FLAGA>2</FLAGA><ZRODLOWA>0.00</ZRODLOWA></STAWKA_VAT><NETTO>24.07</NETTO><VAT>1.93</VAT><BRUTTO>26.00</BRUTTO><NETTO_WAL>24.07</NETTO_WAL><VAT_WAL>1.93</VAT_WAL><BRUTTO_WAL>26.00</BRUTTO_WAL></LINIA_VAT><LINIA_VAT><STAWKA_VAT><STAWKA>23.00</STAWKA><FLAGA>2</FLAGA><ZRODLOWA>0.00</ZRODLOWA></STAWKA_VAT><NETTO>47.48</NETTO><VAT>10.92</VAT><BRUTTO>58.40</BRUTTO><NETTO_WAL>47.48</NETTO_WAL><VAT_WAL>10.92</VAT_WAL><BRUTTO_WAL>58.40</BRUTTO_WAL></LINIA_VAT></TABELKA_VAT><ATRYBUTY/></DOKUMENT></ROOT>
