<?xml version="1.0" encoding="UTF-8"?>
<ROOT xmlns="http://www.cdn.com.pl/optima/dokument"><DOKUMENT><NAGLOWEK><GENERATOR>Comarch Opt!ma</GENERATOR><TYP_DOKUMENTU>302</TYP_DOKUMENTU><RODZAJ_DOKUMENTU>302004</RODZAJ_DOKUMENTU><FV_MARZA>0</FV_MARZA><FV_MARZA_RODZAJ>0</FV_MARZA_RODZAJ><NUMER_PELNY>FA/402/2023</NUMER_PELNY><DATA_DOKUMENTU>2023-01-19</DATA_DOKUMENTU><DATA_WYSTAWIENIA>2023-01-19</DATA_WYSTAWIENIA><DATA_OPERACJI>2023-01-19</DATA_OPERACJI><TERMIN_ZWROTU_KAUCJI>2023-03-20</TERMIN_ZWROTU_KAUCJI><KOREKTA>0</KOREKTA><DETAL>0</DETAL><TYP_NETTO_BRUTTO>2</TYP_NETTO_BRUTTO><RABAT>4.98</RABAT><OPIS>Dok.: FA/402/2023 (Faktura sprzedaży z wygenerowanym WZ)</OPIS><PLATNIK><KOD>NADZIEJA</KOD><NIP_KRAJ>PL</NIP_KRAJ><NIP>5431347981</NIP><GLN/><NAZWA>NADZIEJA MICEWICZ P.P.H.U.,KALIA''</NAZWA><MPP>0</MPP><ADRES><KOD_POCZTOWY>17-240</KOD_POCZTOWY><MIASTO>CZEREMCHA</MIASTO><ULICA>ul.1-go.MAJA 64</ULICA><KRAJ>Polska</KRAJ></ADRES></PLATNIK><ODBIORCA><KOD>NADZIEJA</KOD><NIP_KRAJ>PL</NIP_KRAJ><NIP>5431347981</NIP><GLN/><NAZWA>NADZIEJA MICEWICZ P.P.H.U.,KALIA''</NAZWA><ADRES><KOD_POCZTOWY>17-240</KOD_POCZTOWY><MIASTO>CZEREMCHA</MIASTO><ULICA>ul.1-go.MAJA 64</ULICA><KRAJ>Polska</KRAJ></ADRES></ODBIORCA><SPRZEDAWCA><NIP_KRAJ>PL</NIP_KRAJ><NIP>546-000-03-17</NIP><GLN>0000000000000</GLN><NAZWA>P.H.U. "KROKUS" HURTOWNIA KWIATÓW LESZEK WOŁKOWICZ</NAZWA><ADRES><KOD_POCZTOWY>15-257</KOD_POCZTOWY><MIASTO>BIAŁYSTOK</MIASTO><ULICA>ul. A. MICKIEWICZA 95</ULICA><KRAJ>Polska</KRAJ></ADRES><NUMER_KONTA_BANKOWEGO/><NAZWA_BANKU/></SPRZEDAWCA><KATEGORIA><KOD/><OPIS/></KATEGORIA><PLATNOSC><FORMA>gotówka</FORMA><TERMIN>2023-01-19</TERMIN><MPP>0</MPP></PLATNOSC><WALUTA><SYMBOL>PLN</SYMBOL><KURS_L>1.00</KURS_L><KURS_M>1</KURS_M><PLAT_WAL_OD_PLN>0</PLAT_WAL_OD_PLN><KURS_NUMER>3</KURS_NUMER><KURS_DATA>2023-01-19</KURS_DATA></WALUTA><KWOTY><RAZEM_NETTO_WAL>1134.78</RAZEM_NETTO_WAL><RAZEM_NETTO>1134.78</RAZEM_NETTO><RAZEM_BRUTTO>1395.78</RAZEM_BRUTTO><RAZEM_VAT>261.00</RAZEM_VAT></KWOTY><MAGAZYN_ZRODLOWY>MAGAZYN</MAGAZYN_ZRODLOWY><MAGAZYN_DOCELOWY/><KAUCJE_PLATNOSCI>0</KAUCJE_PLATNOSCI><BLOKADA_PLATNOSCI>0</BLOKADA_PLATNOSCI><VAT_DLA_DOK_WAL>0</VAT_DLA_DOK_WAL><TRYB_NETTO_VAT>0</TRYB_NETTO_VAT><STATUS_PLATNIKA>0</STATUS_PLATNIKA><ROZLICZAM_PODATEK_W_OSS>0</ROZLICZAM_PODATEK_W_OSS></NAGLOWEK><POZYCJE><POZYCJA><LP>1</LP><TOWAR><KOD>101141</KOD><NAZWA>PROSTOKĄT 80/60 NADRUK</NAZWA><OPIS/><EAN>101141</EAN><SWW/><NUMER_KATALOGOWY/><MPP>0</MPP></TOWAR><STAWKA_VAT><STAWKA>23.00</STAWKA><FLAGA>2</FLAGA><ZRODLOWA>0.00</ZRODLOWA></STAWKA_VAT><CENY><CENAZCZTEREMAMIEJSCAMI>0</CENAZCZTEREMAMIEJSCAMI><POCZATKOWA_WAL_CENNIKA>1.2000</POCZATKOWA_WAL_CENNIKA><POCZATKOWA_WAL_DOKUMENTU>1.2000</POCZATKOWA_WAL_DOKUMENTU><PO_RABACIE_WAL_CENNIKA>1.1400</PO_RABACIE_WAL_CENNIKA><PO_RABACIE_PLN>1.1400</PO_RABACIE_PLN><PO_RABACIE_WAL_DOKUMENTU>1.1400</PO_RABACIE_WAL_DOKUMENTU></CENY><WALUTA><SYMBOL>PLN</SYMBOL><KURS_L>1.00</KURS_L><KURS_M>1</KURS_M></WALUTA><RABAT>5.00</RABAT><WARTOSC_NETTO>46.34</WARTOSC_NETTO><WARTOSC_BRUTTO>57.00</WARTOSC_BRUTTO><WARTOSC_NETTO_WAL>46.34</WARTOSC_NETTO_WAL><WARTOSC_BRUTTO_WAL>57.00</WARTOSC_BRUTTO_WAL><ILOSC>50.0000</ILOSC><JM>szt</JM><JM_CALKOWITE>0.00</JM_CALKOWITE><JM_ZLOZONA><JMZ>szt</JMZ><JM_PRZELICZNIK_L>1.00</JM_PRZELICZNIK_L><JM_PRZELICZNIK_M>1</JM_PRZELICZNIK_M></JM_ZLOZONA></POZYCJA><POZYCJA><LP>2</LP><TOWAR><KOD>101190</KOD><NAZWA>PROSTOKĄT 70/50 NADRUK</NAZWA><OPIS/><EAN>101190</EAN><SWW/><NUMER_KATALOGOWY/><MPP>0</MPP></TOWAR><STAWKA_VAT><STAWKA>23.00</STAWKA><FLAGA>2</FLAGA><ZRODLOWA>0.00</ZRODLOWA></STAWKA_VAT><CENY><CENAZCZTEREMAMIEJSCAMI>0</CENAZCZTEREMAMIEJSCAMI><POCZATKOWA_WAL_CENNIKA>0.8500</POCZATKOWA_WAL_CENNIKA><POCZATKOWA_WAL_DOKUMENTU>0.8500</POCZATKOWA_WAL_DOKUMENTU><PO_RABACIE_WAL_CENNIKA>0.8100</PO_RABACIE_WAL_CENNIKA><PO_RABACIE_PLN>0.8100</PO_RABACIE_PLN><PO_RABACIE_WAL_DOKUMENTU>0.8100</PO_RABACIE_WAL_DOKUMENTU></CENY><WALUTA><SYMBOL>PLN</SYMBOL><KURS_L>1.00</KURS_L><KURS_M>1</KURS_M></WALUTA><RABAT>5.00</RABAT><WARTOSC_NETTO>32.93</WARTOSC_NETTO><WARTOSC_BRUTTO>40.50</WARTOSC_BRUTTO><WARTOSC_NETTO_WAL>32.93</WARTOSC_NETTO_WAL><WARTOSC_BRUTTO_WAL>40.50</WARTOSC_BRUTTO_WAL><ILOSC>50.0000</ILOSC><JM>szt</JM><JM_CALKOWITE>0.00</JM_CALKOWITE><JM_ZLOZONA><JMZ>szt</JMZ><JM_PRZELICZNIK_L>1.00</JM_PRZELICZNIK_L><JM_PRZELICZNIK_M>1</JM_PRZELICZNIK_M></JM_ZLOZONA></POZYCJA><POZYCJA><LP>3</LP><TOWAR><KOD>716117</KOD><NAZWA>WSTĄŻKA 4/50</NAZWA><OPIS/><EAN>5901215169108</EAN><SWW/><NUMER_KATALOGOWY/><MPP>0</MPP></TOWAR><STAWKA_VAT><STAWKA>23.00</STAWKA><FLAGA>2</FLAGA><ZRODLOWA>0.00</ZRODLOWA></STAWKA_VAT><CENY><CENAZCZTEREMAMIEJSCAMI>0</CENAZCZTEREMAMIEJSCAMI><POCZATKOWA_WAL_CENNIKA>12.7000</POCZATKOWA_WAL_CENNIKA><POCZATKOWA_WAL_DOKUMENTU>12.7000</POCZATKOWA_WAL_DOKUMENTU><PO_RABACIE_WAL_CENNIKA>12.0700</PO_RABACIE_WAL_CENNIKA><PO_RABACIE_PLN>12.0700</PO_RABACIE_PLN><PO_RABACIE_WAL_DOKUMENTU>12.0700</PO_RABACIE_WAL_DOKUMENTU></CENY><WALUTA><SYMBOL>PLN</SYMBOL><KURS_L>1.00</KURS_L><KURS_M>1</KURS_M></WALUTA><RABAT>5.00</RABAT><WARTOSC_NETTO>19.63</WARTOSC_NETTO><WARTOSC_BRUTTO>24.14</WARTOSC_BRUTTO><WARTOSC_NETTO_WAL>19.63</WARTOSC_NETTO_WAL><WARTOSC_BRUTTO_WAL>24.14</WARTOSC_BRUTTO_WAL><ILOSC>2.0000</ILOSC><JM>szt</JM><JM_CALKOWITE>0.00</JM_CALKOWITE><JM_ZLOZONA><JMZ>szt</JMZ><JM_PRZELICZNIK_L>1.00</JM_PRZELICZNIK_L><JM_PRZELICZNIK_M>1</JM_PRZELICZNIK_M></JM_ZLOZONA></POZYCJA><POZYCJA><LP>4</LP><TOWAR><KOD>705673</KOD><NAZWA>WSTĄŻKA OKOLICZNOŚCIOWA - 6cm x 45m</NAZWA><OPIS/><EAN>5901215041213</EAN><SWW/><NUMER_KATALOGOWY/><MPP>0</MPP></TOWAR><STAWKA_VAT><STAWKA>23.00</STAWKA><FLAGA>2</FLAGA><ZRODLOWA>0.00</ZRODLOWA></STAWKA_VAT><CENY><CENAZCZTEREMAMIEJSCAMI>0</CENAZCZTEREMAMIEJSCAMI><POCZATKOWA_WAL_CENNIKA>16.4000</POCZATKOWA_WAL_CENNIKA><POCZATKOWA_WAL_DOKUMENTU>16.4000</POCZATKOWA_WAL_DOKUMENTU><PO_RABACIE_WAL_CENNIKA>15.5800</PO_RABACIE_WAL_CENNIKA><PO_RABACIE_PLN>15.5800</PO_RABACIE_PLN><PO_RABACIE_WAL_DOKUMENTU>15.5800</PO_RABACIE_WAL_DOKUMENTU></CENY><WALUTA><SYMBOL>PLN</SYMBOL><KURS_L>1.00</KURS_L><KURS_M>1</KURS_M></WALUTA><RABAT>5.00</RABAT><WARTOSC_NETTO>12.67</WARTOSC_NETTO><WARTOSC_BRUTTO>15.58</WARTOSC_BRUTTO><WARTOSC_NETTO_WAL>12.67</WARTOSC_NETTO_WAL><WARTOSC_BRUTTO_WAL>15.58</WARTOSC_BRUTTO_WAL><ILOSC>1.0000</ILOSC><JM>szt</JM><JM_CALKOWITE>0.00</JM_CALKOWITE><JM_ZLOZONA><JMZ>szt</JMZ><JM_PRZELICZNIK_L>1.00</JM_PRZELICZNIK_L><JM_PRZELICZNIK_M>1</JM_PRZELICZNIK_M></JM_ZLOZONA></POZYCJA><POZYCJA><LP>5</LP><TOWAR><KOD>717032</KOD><NAZWA>WSTĄŻKA 6/50</NAZWA><OPIS/><EAN>5901215174737</EAN><SWW/><NUMER_KATALOGOWY/><MPP>0</MPP></TOWAR><STAWKA_VAT><STAWKA>23.00</STAWKA><FLAGA>2</FLAGA><ZRODLOWA>0.00</ZRODLOWA></STAWKA_VAT><CENY><CENAZCZTEREMAMIEJSCAMI>0</CENAZCZTEREMAMIEJSCAMI><POCZATKOWA_WAL_CENNIKA>16.4000</POCZATKOWA_WAL_CENNIKA><POCZATKOWA_WAL_DOKUMENTU>16.4000</POCZATKOWA_WAL_DOKUMENTU><PO_RABACIE_WAL_CENNIKA>15.5800</PO_RABACIE_WAL_CENNIKA><PO_RABACIE_PLN>15.5800</PO_RABACIE_PLN><PO_RABACIE_WAL_DOKUMENTU>15.5800</PO_RABACIE_WAL_DOKUMENTU></CENY><WALUTA><SYMBOL>PLN</SYMBOL><KURS_L>1.00</KURS_L><KURS_M>1</KURS_M></WALUTA><RABAT>5.00</RABAT><WARTOSC_NETTO>12.67</WARTOSC_NETTO><WARTOSC_BRUTTO>15.58</WARTOSC_BRUTTO><WARTOSC_NETTO_WAL>12.67</WARTOSC_NETTO_WAL><WARTOSC_BRUTTO_WAL>15.58</WARTOSC_BRUTTO_WAL><ILOSC>1.0000</ILOSC><JM>szt</JM><JM_CALKOWITE>0.00</JM_CALKOWITE><JM_ZLOZONA><JMZ>szt</JMZ><JM_PRZELICZNIK_L>1.00</JM_PRZELICZNIK_L><JM_PRZELICZNIK_M>1</JM_PRZELICZNIK_M></JM_ZLOZONA></POZYCJA><POZYCJA><LP>6</LP><TOWAR><KOD>717033</KOD><NAZWA>WSTĄŻKA 6/50</NAZWA><OPIS/><EAN>5901215174775</EAN><SWW/><NUMER_KATALOGOWY/><MPP>0</MPP></TOWAR><STAWKA_VAT><STAWKA>23.00</STAWKA><FLAGA>2</FLAGA><ZRODLOWA>0.00</ZRODLOWA></STAWKA_VAT><CENY><CENAZCZTEREMAMIEJSCAMI>0</CENAZCZTEREMAMIEJSCAMI><POCZATKOWA_WAL_CENNIKA>16.4000</POCZATKOWA_WAL_CENNIKA><POCZATKOWA_WAL_DOKUMENTU>16.4000</POCZATKOWA_WAL_DOKUMENTU><PO_RABACIE_WAL_CENNIKA>15.5800</PO_RABACIE_WAL_CENNIKA><PO_RABACIE_PLN>15.5800</PO_RABACIE_PLN><PO_RABACIE_WAL_DOKUMENTU>15.5800</PO_RABACIE_WAL_DOKUMENTU></CENY><WALUTA><SYMBOL>PLN</SYMBOL><KURS_L>1.00</KURS_L><KURS_M>1</KURS_M></WALUTA><RABAT>5.00</RABAT><WARTOSC_NETTO>12.67</WARTOSC_NETTO><WARTOSC_BRUTTO>15.58</WARTOSC_BRUTTO><WARTOSC_NETTO_WAL>12.67</WARTOSC_NETTO_WAL><WARTOSC_BRUTTO_WAL>15.58</WARTOSC_BRUTTO_WAL><ILOSC>1.0000</ILOSC><JM>szt</JM><JM_CALKOWITE>0.00</JM_CALKOWITE><JM_ZLOZONA><JMZ>szt</JMZ><JM_PRZELICZNIK_L>1.00</JM_PRZELICZNIK_L><JM_PRZELICZNIK_M>1</JM_PRZELICZNIK_M></JM_ZLOZONA></POZYCJA><POZYCJA><LP>7</LP><TOWAR><KOD>251251</KOD><NAZWA>KWIATY SZTUCZNE J033</NAZWA><OPIS/><EAN/><SWW/><NUMER_KATALOGOWY/><MPP>0</MPP></TOWAR><STAWKA_VAT><STAWKA>23.00</STAWKA><FLAGA>2</FLAGA><ZRODLOWA>0.00</ZRODLOWA></STAWKA_VAT><CENY><CENAZCZTEREMAMIEJSCAMI>0</CENAZCZTEREMAMIEJSCAMI><POCZATKOWA_WAL_CENNIKA>0.9000</POCZATKOWA_WAL_CENNIKA><POCZATKOWA_WAL_DOKUMENTU>0.9000</POCZATKOWA_WAL_DOKUMENTU><PO_RABACIE_WAL_CENNIKA>0.8600</PO_RABACIE_WAL_CENNIKA><PO_RABACIE_PLN>0.8600</PO_RABACIE_PLN><PO_RABACIE_WAL_DOKUMENTU>0.8600</PO_RABACIE_WAL_DOKUMENTU></CENY><WALUTA><SYMBOL>PLN</SYMBOL><KURS_L>1.00</KURS_L><KURS_M>1</KURS_M></WALUTA><RABAT>5.00</RABAT><WARTOSC_NETTO>33.56</WARTOSC_NETTO><WARTOSC_BRUTTO>41.28</WARTOSC_BRUTTO><WARTOSC_NETTO_WAL>33.56</WARTOSC_NETTO_WAL><WARTOSC_BRUTTO_WAL>41.28</WARTOSC_BRUTTO_WAL><ILOSC>48.0000</ILOSC><JM>szt</JM><JM_CALKOWITE>0.00</JM_CALKOWITE><JM_ZLOZONA><JMZ>szt</JMZ><JM_PRZELICZNIK_L>1.00</JM_PRZELICZNIK_L><JM_PRZELICZNIK_M>1</JM_PRZELICZNIK_M></JM_ZLOZONA></POZYCJA><POZYCJA><LP>8</LP><TOWAR><KOD>251510</KOD><NAZWA>KWIATY SZTUCZNE F002</NAZWA><OPIS/><EAN/><SWW/><NUMER_KATALOGOWY/><MPP>0</MPP></TOWAR><STAWKA_VAT><STAWKA>23.00</STAWKA><FLAGA>2</FLAGA><ZRODLOWA>0.00</ZRODLOWA></STAWKA_VAT><CENY><CENAZCZTEREMAMIEJSCAMI>0</CENAZCZTEREMAMIEJSCAMI><POCZATKOWA_WAL_CENNIKA>0.7600</POCZATKOWA_WAL_CENNIKA><POCZATKOWA_WAL_DOKUMENTU>0.7600</POCZATKOWA_WAL_DOKUMENTU><PO_RABACIE_WAL_CENNIKA>0.7200</PO_RABACIE_WAL_CENNIKA><PO_RABACIE_PLN>0.7200</PO_RABACIE_PLN><PO_RABACIE_WAL_DOKUMENTU>0.7200</PO_RABACIE_WAL_DOKUMENTU></CENY><WALUTA><SYMBOL>PLN</SYMBOL><KURS_L>1.00</KURS_L><KURS_M>1</KURS_M></WALUTA><RABAT>5.00</RABAT><WARTOSC_NETTO>70.24</WARTOSC_NETTO><WARTOSC_BRUTTO>86.40</WARTOSC_BRUTTO><WARTOSC_NETTO_WAL>70.24</WARTOSC_NETTO_WAL><WARTOSC_BRUTTO_WAL>86.40</WARTOSC_BRUTTO_WAL><ILOSC>120.0000</ILOSC><JM>szt</JM><JM_CALKOWITE>0.00</JM_CALKOWITE><JM_ZLOZONA><JMZ>szt</JMZ><JM_PRZELICZNIK_L>1.00</JM_PRZELICZNIK_L><JM_PRZELICZNIK_M>1</JM_PRZELICZNIK_M></JM_ZLOZONA></POZYCJA><POZYCJA><LP>9</LP><TOWAR><KOD>201722</KOD><NAZWA>KWIATY SZTUCZNE</NAZWA><OPIS/><EAN>201722</EAN><SWW/><NUMER_KATALOGOWY/><MPP>0</MPP></TOWAR><STAWKA_VAT><STAWKA>23.00</STAWKA><FLAGA>2</FLAGA><ZRODLOWA>0.00</ZRODLOWA></STAWKA_VAT><CENY><CENAZCZTEREMAMIEJSCAMI>0</CENAZCZTEREMAMIEJSCAMI><POCZATKOWA_WAL_CENNIKA>0.5000</POCZATKOWA_WAL_CENNIKA><POCZATKOWA_WAL_DOKUMENTU>0.5000</POCZATKOWA_WAL_DOKUMENTU><PO_RABACIE_WAL_CENNIKA>0.4800</PO_RABACIE_WAL_CENNIKA><PO_RABACIE_PLN>0.4800</PO_RABACIE_PLN><PO_RABACIE_WAL_DOKUMENTU>0.4800</PO_RABACIE_WAL_DOKUMENTU></CENY><WALUTA><SYMBOL>PLN</SYMBOL><KURS_L>1.00</KURS_L><KURS_M>1</KURS_M></WALUTA><RABAT>5.00</RABAT><WARTOSC_NETTO>56.20</WARTOSC_NETTO><WARTOSC_BRUTTO>69.12</WARTOSC_BRUTTO><WARTOSC_NETTO_WAL>56.20</WARTOSC_NETTO_WAL><WARTOSC_BRUTTO_WAL>69.12</WARTOSC_BRUTTO_WAL><ILOSC>144.0000</ILOSC><JM>szt</JM><JM_CALKOWITE>0.00</JM_CALKOWITE><JM_ZLOZONA><JMZ>szt</JMZ><JM_PRZELICZNIK_L>1.00</JM_PRZELICZNIK_L><JM_PRZELICZNIK_M>1</JM_PRZELICZNIK_M></JM_ZLOZONA></POZYCJA><POZYCJA><LP>10</LP><TOWAR><KOD>251264</KOD><NAZWA>KWIATY SZTUCZNE M414</NAZWA><OPIS/><EAN/><SWW/><NUMER_KATALOGOWY/><MPP>0</MPP></TOWAR><STAWKA_VAT><STAWKA>23.00</STAWKA><FLAGA>2</FLAGA><ZRODLOWA>0.00</ZRODLOWA></STAWKA_VAT><CENY><CENAZCZTEREMAMIEJSCAMI>0</CENAZCZTEREMAMIEJSCAMI><POCZATKOWA_WAL_CENNIKA>0.4600</POCZATKOWA_WAL_CENNIKA><POCZATKOWA_WAL_DOKUMENTU>0.4600</POCZATKOWA_WAL_DOKUMENTU><PO_RABACIE_WAL_CENNIKA>0.4400</PO_RABACIE_WAL_CENNIKA><PO_RABACIE_PLN>0.4400</PO_RABACIE_PLN><PO_RABACIE_WAL_DOKUMENTU>0.4400</PO_RABACIE_WAL_DOKUMENTU></CENY><WALUTA><SYMBOL>PLN</SYMBOL><KURS_L>1.00</KURS_L><KURS_M>1</KURS_M></WALUTA><RABAT>5.00</RABAT><WARTOSC_NETTO>34.34</WARTOSC_NETTO><WARTOSC_BRUTTO>42.24</WARTOSC_BRUTTO><WARTOSC_NETTO_WAL>34.34</WARTOSC_NETTO_WAL><WARTOSC_BRUTTO_WAL>42.24</WARTOSC_BRUTTO_WAL><ILOSC>96.0000</ILOSC><JM>szt</JM><JM_CALKOWITE>0.00</JM_CALKOWITE><JM_ZLOZONA><JMZ>szt</JMZ><JM_PRZELICZNIK_L>1.00</JM_PRZELICZNIK_L><JM_PRZELICZNIK_M>1</JM_PRZELICZNIK_M></JM_ZLOZONA></POZYCJA><POZYCJA><LP>11</LP><TOWAR><KOD>251386</KOD><NAZWA>KWIAT WYROBOWY BL010</NAZWA><OPIS/><EAN/><SWW/><NUMER_KATALOGOWY/><MPP>0</MPP></TOWAR><STAWKA_VAT><STAWKA>23.00</STAWKA><FLAGA>2</FLAGA><ZRODLOWA>0.00</ZRODLOWA></STAWKA_VAT><CENY><CENAZCZTEREMAMIEJSCAMI>0</CENAZCZTEREMAMIEJSCAMI><POCZATKOWA_WAL_CENNIKA>0.7200</POCZATKOWA_WAL_CENNIKA><POCZATKOWA_WAL_DOKUMENTU>0.7200</POCZATKOWA_WAL_DOKUMENTU><PO_RABACIE_WAL_CENNIKA>0.6800</PO_RABACIE_WAL_CENNIKA><PO_RABACIE_PLN>0.6800</PO_RABACIE_PLN><PO_RABACIE_WAL_DOKUMENTU>0.6800</PO_RABACIE_WAL_DOKUMENTU></CENY><WALUTA><SYMBOL>PLN</SYMBOL><KURS_L>1.00</KURS_L><KURS_M>1</KURS_M></WALUTA><RABAT>5.00</RABAT><WARTOSC_NETTO>46.44</WARTOSC_NETTO><WARTOSC_BRUTTO>57.12</WARTOSC_BRUTTO><WARTOSC_NETTO_WAL>46.44</WARTOSC_NETTO_WAL><WARTOSC_BRUTTO_WAL>57.12</WARTOSC_BRUTTO_WAL><ILOSC>84.0000</ILOSC><JM>szt.</JM><JM_CALKOWITE>0.00</JM_CALKOWITE><JM_ZLOZONA><JMZ>szt.</JMZ><JM_PRZELICZNIK_L>1.00</JM_PRZELICZNIK_L><JM_PRZELICZNIK_M>1</JM_PRZELICZNIK_M></JM_ZLOZONA></POZYCJA><POZYCJA><LP>12</LP><TOWAR><KOD>251117</KOD><NAZWA>KWIAT SZTUCZNY L022</NAZWA><OPIS/><EAN/><SWW/><NUMER_KATALOGOWY/><MPP>0</MPP></TOWAR><STAWKA_VAT><STAWKA>23.00</STAWKA><FLAGA>2</FLAGA><ZRODLOWA>0.00</ZRODLOWA></STAWKA_VAT><CENY><CENAZCZTEREMAMIEJSCAMI>0</CENAZCZTEREMAMIEJSCAMI><POCZATKOWA_WAL_CENNIKA>0.6800</POCZATKOWA_WAL_CENNIKA><POCZATKOWA_WAL_DOKUMENTU>0.6800</POCZATKOWA_WAL_DOKUMENTU><PO_RABACIE_WAL_CENNIKA>0.6500</PO_RABACIE_WAL_CENNIKA><PO_RABACIE_PLN>0.6500</PO_RABACIE_PLN><PO_RABACIE_WAL_DOKUMENTU>0.6500</PO_RABACIE_WAL_DOKUMENTU></CENY><WALUTA><SYMBOL>PLN</SYMBOL><KURS_L>1.00</KURS_L><KURS_M>1</KURS_M></WALUTA><RABAT>5.00</RABAT><WARTOSC_NETTO>101.46</WARTOSC_NETTO><WARTOSC_BRUTTO>124.80</WARTOSC_BRUTTO><WARTOSC_NETTO_WAL>101.46</WARTOSC_NETTO_WAL><WARTOSC_BRUTTO_WAL>124.80</WARTOSC_BRUTTO_WAL><ILOSC>192.0000</ILOSC><JM>szt.</JM><JM_CALKOWITE>0.00</JM_CALKOWITE><JM_ZLOZONA><JMZ>szt.</JMZ><JM_PRZELICZNIK_L>1.00</JM_PRZELICZNIK_L><JM_PRZELICZNIK_M>1</JM_PRZELICZNIK_M></JM_ZLOZONA></POZYCJA><POZYCJA><LP>13</LP><TOWAR><KOD>251926</KOD><NAZWA>KWIATY SZTUCZNE BL045</NAZWA><OPIS/><EAN/><SWW/><NUMER_KATALOGOWY/><MPP>0</MPP></TOWAR><STAWKA_VAT><STAWKA>23.00</STAWKA><FLAGA>2</FLAGA><ZRODLOWA>0.00</ZRODLOWA></STAWKA_VAT><CENY><CENAZCZTEREMAMIEJSCAMI>0</CENAZCZTEREMAMIEJSCAMI><POCZATKOWA_WAL_CENNIKA>0.3300</POCZATKOWA_WAL_CENNIKA><POCZATKOWA_WAL_DOKUMENTU>0.3300</POCZATKOWA_WAL_DOKUMENTU><PO_RABACIE_WAL_CENNIKA>0.3100</PO_RABACIE_WAL_CENNIKA><PO_RABACIE_PLN>0.3100</PO_RABACIE_PLN><PO_RABACIE_WAL_DOKUMENTU>0.3100</PO_RABACIE_WAL_DOKUMENTU></CENY><WALUTA><SYMBOL>PLN</SYMBOL><KURS_L>1.00</KURS_L><KURS_M>1</KURS_M></WALUTA><RABAT>5.00</RABAT><WARTOSC_NETTO>157.27</WARTOSC_NETTO><WARTOSC_BRUTTO>193.44</WARTOSC_BRUTTO><WARTOSC_NETTO_WAL>157.27</WARTOSC_NETTO_WAL><WARTOSC_BRUTTO_WAL>193.44</WARTOSC_BRUTTO_WAL><ILOSC>624.0000</ILOSC><JM>szt</JM><JM_CALKOWITE>0.00</JM_CALKOWITE><JM_ZLOZONA><JMZ>szt</JMZ><JM_PRZELICZNIK_L>1.00</JM_PRZELICZNIK_L><JM_PRZELICZNIK_M>1</JM_PRZELICZNIK_M></JM_ZLOZONA></POZYCJA><POZYCJA><LP>14</LP><TOWAR><KOD>250784</KOD><NAZWA>KWIATY SZTUCZNE LIŚĆ F68-03</NAZWA><OPIS/><EAN/><SWW/><NUMER_KATALOGOWY/><MPP>0</MPP></TOWAR><STAWKA_VAT><STAWKA>23.00</STAWKA><FLAGA>2</FLAGA><ZRODLOWA>0.00</ZRODLOWA></STAWKA_VAT><CENY><CENAZCZTEREMAMIEJSCAMI>0</CENAZCZTEREMAMIEJSCAMI><POCZATKOWA_WAL_CENNIKA>0.5200</POCZATKOWA_WAL_CENNIKA><POCZATKOWA_WAL_DOKUMENTU>0.5200</POCZATKOWA_WAL_DOKUMENTU><PO_RABACIE_WAL_CENNIKA>0.4900</PO_RABACIE_WAL_CENNIKA><PO_RABACIE_PLN>0.4900</PO_RABACIE_PLN><PO_RABACIE_WAL_DOKUMENTU>0.4900</PO_RABACIE_WAL_DOKUMENTU></CENY><WALUTA><SYMBOL>PLN</SYMBOL><KURS_L>1.00</KURS_L><KURS_M>1</KURS_M></WALUTA><RABAT>5.00</RABAT><WARTOSC_NETTO>4.78</WARTOSC_NETTO><WARTOSC_BRUTTO>5.88</WARTOSC_BRUTTO><WARTOSC_NETTO_WAL>4.78</WARTOSC_NETTO_WAL><WARTOSC_BRUTTO_WAL>5.88</WARTOSC_BRUTTO_WAL><ILOSC>12.0000</ILOSC><JM>szt</JM><JM_CALKOWITE>0.00</JM_CALKOWITE><JM_ZLOZONA><JMZ>szt</JMZ><JM_PRZELICZNIK_L>1.00</JM_PRZELICZNIK_L><JM_PRZELICZNIK_M>1</JM_PRZELICZNIK_M></JM_ZLOZONA></POZYCJA><POZYCJA><LP>15</LP><TOWAR><KOD>252117</KOD><NAZWA>KWIATY SZTUCZNE LIŚĆ SERWETKA 1193</NAZWA><OPIS/><EAN/><SWW/><NUMER_KATALOGOWY/><MPP>0</MPP></TOWAR><STAWKA_VAT><STAWKA>23.00</STAWKA><FLAGA>2</FLAGA><ZRODLOWA>0.00</ZRODLOWA></STAWKA_VAT><CENY><CENAZCZTEREMAMIEJSCAMI>0</CENAZCZTEREMAMIEJSCAMI><POCZATKOWA_WAL_CENNIKA>0.2300</POCZATKOWA_WAL_CENNIKA><POCZATKOWA_WAL_DOKUMENTU>0.2300</POCZATKOWA_WAL_DOKUMENTU><PO_RABACIE_WAL_CENNIKA>0.2200</PO_RABACIE_WAL_CENNIKA><PO_RABACIE_PLN>0.2200</PO_RABACIE_PLN><PO_RABACIE_WAL_DOKUMENTU>0.2200</PO_RABACIE_WAL_DOKUMENTU></CENY><WALUTA><SYMBOL>PLN</SYMBOL><KURS_L>1.00</KURS_L><KURS_M>1</KURS_M></WALUTA><RABAT>5.00</RABAT><WARTOSC_NETTO>42.93</WARTOSC_NETTO><WARTOSC_BRUTTO>52.80</WARTOSC_BRUTTO><WARTOSC_NETTO_WAL>42.93</WARTOSC_NETTO_WAL><WARTOSC_BRUTTO_WAL>52.80</WARTOSC_BRUTTO_WAL><ILOSC>240.0000</ILOSC><JM>szt</JM><JM_CALKOWITE>0.00</JM_CALKOWITE><JM_ZLOZONA><JMZ>szt</JMZ><JM_PRZELICZNIK_L>1.00</JM_PRZELICZNIK_L><JM_PRZELICZNIK_M>1</JM_PRZELICZNIK_M></JM_ZLOZONA></POZYCJA><POZYCJA><LP>16</LP><TOWAR><KOD>251791</KOD><NAZWA>KWIAT SZTUCZNY M729</NAZWA><OPIS/><EAN/><SWW/><NUMER_KATALOGOWY/><MPP>0</MPP></TOWAR><STAWKA_VAT><STAWKA>23.00</STAWKA><FLAGA>2</FLAGA><ZRODLOWA>0.00</ZRODLOWA></STAWKA_VAT><CENY><CENAZCZTEREMAMIEJSCAMI>0</CENAZCZTEREMAMIEJSCAMI><POCZATKOWA_WAL_CENNIKA>1.7000</POCZATKOWA_WAL_CENNIKA><POCZATKOWA_WAL_DOKUMENTU>1.7000</POCZATKOWA_WAL_DOKUMENTU><PO_RABACIE_WAL_CENNIKA>1.6200</PO_RABACIE_WAL_CENNIKA><PO_RABACIE_PLN>1.6200</PO_RABACIE_PLN><PO_RABACIE_WAL_DOKUMENTU>1.6200</PO_RABACIE_WAL_DOKUMENTU></CENY><WALUTA><SYMBOL>PLN</SYMBOL><KURS_L>1.00</KURS_L><KURS_M>1</KURS_M></WALUTA><RABAT>5.00</RABAT><WARTOSC_NETTO>110.63</WARTOSC_NETTO><WARTOSC_BRUTTO>136.08</WARTOSC_BRUTTO><WARTOSC_NETTO_WAL>110.63</WARTOSC_NETTO_WAL><WARTOSC_BRUTTO_WAL>136.08</WARTOSC_BRUTTO_WAL><ILOSC>84.0000</ILOSC><JM>szt.</JM><JM_CALKOWITE>0.00</JM_CALKOWITE><JM_ZLOZONA><JMZ>szt.</JMZ><JM_PRZELICZNIK_L>1.00</JM_PRZELICZNIK_L><JM_PRZELICZNIK_M>1</JM_PRZELICZNIK_M></JM_ZLOZONA></POZYCJA><POZYCJA><LP>17</LP><TOWAR><KOD>251753</KOD><NAZWA>KWIATY SZTUCZNE LIŚĆ FIKUS 18-066</NAZWA><OPIS/><EAN/><SWW/><NUMER_KATALOGOWY/><MPP>0</MPP></TOWAR><STAWKA_VAT><STAWKA>23.00</STAWKA><FLAGA>2</FLAGA><ZRODLOWA>0.00</ZRODLOWA></STAWKA_VAT><CENY><CENAZCZTEREMAMIEJSCAMI>0</CENAZCZTEREMAMIEJSCAMI><POCZATKOWA_WAL_CENNIKA>2.6000</POCZATKOWA_WAL_CENNIKA><POCZATKOWA_WAL_DOKUMENTU>2.6000</POCZATKOWA_WAL_DOKUMENTU><PO_RABACIE_WAL_CENNIKA>2.4700</PO_RABACIE_WAL_CENNIKA><PO_RABACIE_PLN>2.4700</PO_RABACIE_PLN><PO_RABACIE_WAL_DOKUMENTU>2.4700</PO_RABACIE_WAL_DOKUMENTU></CENY><WALUTA><SYMBOL>PLN</SYMBOL><KURS_L>1.00</KURS_L><KURS_M>1</KURS_M></WALUTA><RABAT>5.00</RABAT><WARTOSC_NETTO>48.20</WARTOSC_NETTO><WARTOSC_BRUTTO>59.28</WARTOSC_BRUTTO><WARTOSC_NETTO_WAL>48.20</WARTOSC_NETTO_WAL><WARTOSC_BRUTTO_WAL>59.28</WARTOSC_BRUTTO_WAL><ILOSC>24.0000</ILOSC><JM>szt</JM><JM_CALKOWITE>0.00</JM_CALKOWITE><JM_ZLOZONA><JMZ>szt</JMZ><JM_PRZELICZNIK_L>1.00</JM_PRZELICZNIK_L><JM_PRZELICZNIK_M>1</JM_PRZELICZNIK_M></JM_ZLOZONA></POZYCJA><POZYCJA><LP>18</LP><TOWAR><KOD>251259</KOD><NAZWA>KWIATY SZTUCZNE LIŚĆ K7-3/27</NAZWA><OPIS/><EAN/><SWW/><NUMER_KATALOGOWY/><MPP>0</MPP></TOWAR><STAWKA_VAT><STAWKA>23.00</STAWKA><FLAGA>2</FLAGA><ZRODLOWA>0.00</ZRODLOWA></STAWKA_VAT><CENY><CENAZCZTEREMAMIEJSCAMI>0</CENAZCZTEREMAMIEJSCAMI><POCZATKOWA_WAL_CENNIKA>2.8600</POCZATKOWA_WAL_CENNIKA><POCZATKOWA_WAL_DOKUMENTU>2.8600</POCZATKOWA_WAL_DOKUMENTU><PO_RABACIE_WAL_CENNIKA>2.7200</PO_RABACIE_WAL_CENNIKA><PO_RABACIE_PLN>2.7200</PO_RABACIE_PLN><PO_RABACIE_WAL_DOKUMENTU>2.7200</PO_RABACIE_WAL_DOKUMENTU></CENY><WALUTA><SYMBOL>PLN</SYMBOL><KURS_L>1.00</KURS_L><KURS_M>1</KURS_M></WALUTA><RABAT>5.00</RABAT><WARTOSC_NETTO>26.54</WARTOSC_NETTO><WARTOSC_BRUTTO>32.64</WARTOSC_BRUTTO><WARTOSC_NETTO_WAL>26.54</WARTOSC_NETTO_WAL><WARTOSC_BRUTTO_WAL>32.64</WARTOSC_BRUTTO_WAL><ILOSC>12.0000</ILOSC><JM>szt</JM><JM_CALKOWITE>0.00</JM_CALKOWITE><JM_ZLOZONA><JMZ>szt</JMZ><JM_PRZELICZNIK_L>1.00</JM_PRZELICZNIK_L><JM_PRZELICZNIK_M>1</JM_PRZELICZNIK_M></JM_ZLOZONA></POZYCJA><POZYCJA><LP>19</LP><TOWAR><KOD>251847</KOD><NAZWA>LEDER ŚREDNI L906</NAZWA><OPIS/><EAN/><SWW/><NUMER_KATALOGOWY/><MPP>0</MPP></TOWAR><STAWKA_VAT><STAWKA>23.00</STAWKA><FLAGA>2</FLAGA><ZRODLOWA>0.00</ZRODLOWA></STAWKA_VAT><CENY><CENAZCZTEREMAMIEJSCAMI>0</CENAZCZTEREMAMIEJSCAMI><POCZATKOWA_WAL_CENNIKA>0.8300</POCZATKOWA_WAL_CENNIKA><POCZATKOWA_WAL_DOKUMENTU>0.8300</POCZATKOWA_WAL_DOKUMENTU><PO_RABACIE_WAL_CENNIKA>0.7900</PO_RABACIE_WAL_CENNIKA><PO_RABACIE_PLN>0.7900</PO_RABACIE_PLN><PO_RABACIE_WAL_DOKUMENTU>0.7900</PO_RABACIE_WAL_DOKUMENTU></CENY><WALUTA><SYMBOL>PLN</SYMBOL><KURS_L>1.00</KURS_L><KURS_M>1</KURS_M></WALUTA><RABAT>5.00</RABAT><WARTOSC_NETTO>15.41</WARTOSC_NETTO><WARTOSC_BRUTTO>18.96</WARTOSC_BRUTTO><WARTOSC_NETTO_WAL>15.41</WARTOSC_NETTO_WAL><WARTOSC_BRUTTO_WAL>18.96</WARTOSC_BRUTTO_WAL><ILOSC>24.0000</ILOSC><JM>szt.</JM><JM_CALKOWITE>0.00</JM_CALKOWITE><JM_ZLOZONA><JMZ>szt.</JMZ><JM_PRZELICZNIK_L>1.00</JM_PRZELICZNIK_L><JM_PRZELICZNIK_M>1</JM_PRZELICZNIK_M></JM_ZLOZONA></POZYCJA><POZYCJA><LP>20</LP><TOWAR><KOD>251215</KOD><NAZWA>KWIATY SZTUCZNE L016</NAZWA><OPIS/><EAN/><SWW/><NUMER_KATALOGOWY/><MPP>0</MPP></TOWAR><STAWKA_VAT><STAWKA>23.00</STAWKA><FLAGA>2</FLAGA><ZRODLOWA>0.00</ZRODLOWA></STAWKA_VAT><CENY><CENAZCZTEREMAMIEJSCAMI>0</CENAZCZTEREMAMIEJSCAMI><POCZATKOWA_WAL_CENNIKA>0.5700</POCZATKOWA_WAL_CENNIKA><POCZATKOWA_WAL_DOKUMENTU>0.5700</POCZATKOWA_WAL_DOKUMENTU><PO_RABACIE_WAL_CENNIKA>0.5400</PO_RABACIE_WAL_CENNIKA><PO_RABACIE_PLN>0.5400</PO_RABACIE_PLN><PO_RABACIE_WAL_DOKUMENTU>0.5400</PO_RABACIE_WAL_DOKUMENTU></CENY><WALUTA><SYMBOL>PLN</SYMBOL><KURS_L>1.00</KURS_L><KURS_M>1</KURS_M></WALUTA><RABAT>5.00</RABAT><WARTOSC_NETTO>73.76</WARTOSC_NETTO><WARTOSC_BRUTTO>90.72</WARTOSC_BRUTTO><WARTOSC_NETTO_WAL>73.76</WARTOSC_NETTO_WAL><WARTOSC_BRUTTO_WAL>90.72</WARTOSC_BRUTTO_WAL><ILOSC>168.0000</ILOSC><JM>szt</JM><JM_CALKOWITE>0.00</JM_CALKOWITE><JM_ZLOZONA><JMZ>szt</JMZ><JM_PRZELICZNIK_L>1.00</JM_PRZELICZNIK_L><JM_PRZELICZNIK_M>1</JM_PRZELICZNIK_M></JM_ZLOZONA></POZYCJA><POZYCJA><LP>21</LP><TOWAR><KOD>251085</KOD><NAZWA>KWIAT SZTUCZNY F049</NAZWA><OPIS/><EAN/><SWW/><NUMER_KATALOGOWY/><MPP>0</MPP></TOWAR><STAWKA_VAT><STAWKA>23.00</STAWKA><FLAGA>2</FLAGA><ZRODLOWA>0.00</ZRODLOWA></STAWKA_VAT><CENY><CENAZCZTEREMAMIEJSCAMI>0</CENAZCZTEREMAMIEJSCAMI><POCZATKOWA_WAL_CENNIKA>1.0600</POCZATKOWA_WAL_CENNIKA><POCZATKOWA_WAL_DOKUMENTU>1.0600</POCZATKOWA_WAL_DOKUMENTU><PO_RABACIE_WAL_CENNIKA>1.0100</PO_RABACIE_WAL_CENNIKA><PO_RABACIE_PLN>1.0100</PO_RABACIE_PLN><PO_RABACIE_WAL_DOKUMENTU>1.0100</PO_RABACIE_WAL_DOKUMENTU></CENY><WALUTA><SYMBOL>PLN</SYMBOL><KURS_L>1.00</KURS_L><KURS_M>1</KURS_M></WALUTA><RABAT>5.00</RABAT><WARTOSC_NETTO>98.54</WARTOSC_NETTO><WARTOSC_BRUTTO>121.20</WARTOSC_BRUTTO><WARTOSC_NETTO_WAL>98.54</WARTOSC_NETTO_WAL><WARTOSC_BRUTTO_WAL>121.20</WARTOSC_BRUTTO_WAL><ILOSC>120.0000</ILOSC><JM>szt.</JM><JM_CALKOWITE>0.00</JM_CALKOWITE><JM_ZLOZONA><JMZ>szt.</JMZ><JM_PRZELICZNIK_L>1.00</JM_PRZELICZNIK_L><JM_PRZELICZNIK_M>1</JM_PRZELICZNIK_M></JM_ZLOZONA></POZYCJA><POZYCJA><LP>22</LP><TOWAR><KOD>252119</KOD><NAZWA>KWIATY SZTUCZNE K099B</NAZWA><OPIS/><EAN/><SWW/><NUMER_KATALOGOWY/><MPP>0</MPP></TOWAR><STAWKA_VAT><STAWKA>23.00</STAWKA><FLAGA>2</FLAGA><ZRODLOWA>0.00</ZRODLOWA></STAWKA_VAT><CENY><CENAZCZTEREMAMIEJSCAMI>0</CENAZCZTEREMAMIEJSCAMI><POCZATKOWA_WAL_CENNIKA>0.7600</POCZATKOWA_WAL_CENNIKA><POCZATKOWA_WAL_DOKUMENTU>0.7600</POCZATKOWA_WAL_DOKUMENTU><PO_RABACIE_WAL_CENNIKA>0.7200</PO_RABACIE_WAL_CENNIKA><PO_RABACIE_PLN>0.7200</PO_RABACIE_PLN><PO_RABACIE_WAL_DOKUMENTU>0.7200</PO_RABACIE_WAL_DOKUMENTU></CENY><WALUTA><SYMBOL>PLN</SYMBOL><KURS_L>1.00</KURS_L><KURS_M>1</KURS_M></WALUTA><RABAT>5.00</RABAT><WARTOSC_NETTO>35.12</WARTOSC_NETTO><WARTOSC_BRUTTO>43.20</WARTOSC_BRUTTO><WARTOSC_NETTO_WAL>35.12</WARTOSC_NETTO_WAL><WARTOSC_BRUTTO_WAL>43.20</WARTOSC_BRUTTO_WAL><ILOSC>60.0000</ILOSC><JM>szt</JM><JM_CALKOWITE>0.00</JM_CALKOWITE><JM_ZLOZONA><JMZ>szt</JMZ><JM_PRZELICZNIK_L>1.00</JM_PRZELICZNIK_L><JM_PRZELICZNIK_M>1</JM_PRZELICZNIK_M></JM_ZLOZONA></POZYCJA><POZYCJA><LP>23</LP><TOWAR><KOD>250881</KOD><NAZWA>KWIAT SZTUCZNY L004</NAZWA><OPIS/><EAN/><SWW/><NUMER_KATALOGOWY/><MPP>0</MPP></TOWAR><STAWKA_VAT><STAWKA>23.00</STAWKA><FLAGA>2</FLAGA><ZRODLOWA>0.00</ZRODLOWA></STAWKA_VAT><CENY><CENAZCZTEREMAMIEJSCAMI>0</CENAZCZTEREMAMIEJSCAMI><POCZATKOWA_WAL_CENNIKA>1.7000</POCZATKOWA_WAL_CENNIKA><POCZATKOWA_WAL_DOKUMENTU>1.7000</POCZATKOWA_WAL_DOKUMENTU><PO_RABACIE_WAL_CENNIKA>1.6200</PO_RABACIE_WAL_CENNIKA><PO_RABACIE_PLN>1.6200</PO_RABACIE_PLN><PO_RABACIE_WAL_DOKUMENTU>1.6200</PO_RABACIE_WAL_DOKUMENTU></CENY><WALUTA><SYMBOL>PLN</SYMBOL><KURS_L>1.00</KURS_L><KURS_M>1</KURS_M></WALUTA><RABAT>5.00</RABAT><WARTOSC_NETTO>15.80</WARTOSC_NETTO><WARTOSC_BRUTTO>19.44</WARTOSC_BRUTTO><WARTOSC_NETTO_WAL>15.80</WARTOSC_NETTO_WAL><WARTOSC_BRUTTO_WAL>19.44</WARTOSC_BRUTTO_WAL><ILOSC>12.0000</ILOSC><JM>szt</JM><JM_CALKOWITE>0.00</JM_CALKOWITE><JM_ZLOZONA><JMZ>szt</JMZ><JM_PRZELICZNIK_L>1.00</JM_PRZELICZNIK_L><JM_PRZELICZNIK_M>1</JM_PRZELICZNIK_M></JM_ZLOZONA></POZYCJA><POZYCJA><LP>24</LP><TOWAR><KOD>507290</KOD><NAZWA>DRUT WYROBOWY DW 100SZT</NAZWA><OPIS/><EAN/><SWW/><NUMER_KATALOGOWY/><MPP>0</MPP></TOWAR><STAWKA_VAT><STAWKA>23.00</STAWKA><FLAGA>2</FLAGA><ZRODLOWA>0.00</ZRODLOWA></STAWKA_VAT><CENY><CENAZCZTEREMAMIEJSCAMI>0</CENAZCZTEREMAMIEJSCAMI><POCZATKOWA_WAL_CENNIKA>6.9000</POCZATKOWA_WAL_CENNIKA><POCZATKOWA_WAL_DOKUMENTU>6.9000</POCZATKOWA_WAL_DOKUMENTU><PO_RABACIE_WAL_CENNIKA>6.5600</PO_RABACIE_WAL_CENNIKA><PO_RABACIE_PLN>6.5600</PO_RABACIE_PLN><PO_RABACIE_WAL_DOKUMENTU>6.5600</PO_RABACIE_WAL_DOKUMENTU></CENY><WALUTA><SYMBOL>PLN</SYMBOL><KURS_L>1.00</KURS_L><KURS_M>1</KURS_M></WALUTA><RABAT>5.00</RABAT><WARTOSC_NETTO>26.67</WARTOSC_NETTO><WARTOSC_BRUTTO>32.80</WARTOSC_BRUTTO><WARTOSC_NETTO_WAL>26.67</WARTOSC_NETTO_WAL><WARTOSC_BRUTTO_WAL>32.80</WARTOSC_BRUTTO_WAL><ILOSC>5.0000</ILOSC><JM>op.</JM><JM_CALKOWITE>0.00</JM_CALKOWITE><JM_ZLOZONA><JMZ>op.</JMZ><JM_PRZELICZNIK_L>1.00</JM_PRZELICZNIK_L><JM_PRZELICZNIK_M>1</JM_PRZELICZNIK_M></JM_ZLOZONA></POZYCJA></POZYCJE><KAUCJE/><PLATNOSCI><PLATNOSC><FORMA>gotówka</FORMA><TERMIN>2023-01-19</TERMIN><KWOTA>1395.78</KWOTA><KWOTA_W_WAL_SYSTEMOWEJ>1395.78</KWOTA_W_WAL_SYSTEMOWEJ><WALUTA><SYMBOL/><KURS_L>1.00</KURS_L><KURS_M>1</KURS_M></WALUTA></PLATNOSC></PLATNOSCI><PLATNOSCI_KAUCJE/><TABELKA_VAT><LINIA_VAT><STAWKA_VAT><STAWKA>23.00</STAWKA><FLAGA>2</FLAGA><ZRODLOWA>0.00</ZRODLOWA></STAWKA_VAT><NETTO>1134.78</NETTO><VAT>261.00</VAT><BRUTTO>1395.78</BRUTTO><NETTO_WAL>1134.78</NETTO_WAL><VAT_WAL>261.00</VAT_WAL><BRUTTO_WAL>1395.78</BRUTTO_WAL></LINIA_VAT></TABELKA_VAT><ATRYBUTY/></DOKUMENT></ROOT>
