<?xml version="1.0" encoding="UTF-8"?>
<ROOT xmlns="http://www.cdn.com.pl/optima/dokument"><DOKUMENT><NAGLOWEK><GENERATOR>Comarch Opt!ma</GENERATOR><TYP_DOKUMENTU>302</TYP_DOKUMENTU><RODZAJ_DOKUMENTU>302004</RODZAJ_DOKUMENTU><FV_MARZA>0</FV_MARZA><FV_MARZA_RODZAJ>0</FV_MARZA_RODZAJ><NUMER_PELNY>FA/484/2023</NUMER_PELNY><DATA_DOKUMENTU>2023-01-24</DATA_DOKUMENTU><DATA_WYSTAWIENIA>2023-01-24</DATA_WYSTAWIENIA><DATA_OPERACJI>2023-01-24</DATA_OPERACJI><TERMIN_ZWROTU_KAUCJI>2023-03-25</TERMIN_ZWROTU_KAUCJI><KOREKTA>0</KOREKTA><DETAL>0</DETAL><TYP_NETTO_BRUTTO>2</TYP_NETTO_BRUTTO><RABAT>0.00</RABAT><OPIS>Dok.: FA/484/2023 (Faktura sprzedaży z wygenerowanym WZ)</OPIS><PLATNIK><KOD>MONIKA BIELSK</KOD><NIP_KRAJ>PL</NIP_KRAJ><NIP>5430009911</NIP><GLN/><NAZWA>FIRMA MONIKA WALENTYNA KICZKO</NAZWA><MPP>0</MPP><ADRES><KOD_POCZTOWY>17-100</KOD_POCZTOWY><MIASTO>BIELSK PODLASKI</MIASTO><ULICA>ul.BIAŁOWIESKA 63</ULICA><KRAJ>Polska</KRAJ></ADRES></PLATNIK><ODBIORCA><KOD>MONIKA BIELSK</KOD><NIP_KRAJ>PL</NIP_KRAJ><NIP>5430009911</NIP><GLN/><NAZWA>FIRMA MONIKA WALENTYNA KICZKO</NAZWA><ADRES><KOD_POCZTOWY>17-100</KOD_POCZTOWY><MIASTO>BIELSK PODLASKI</MIASTO><ULICA>ul.BIAŁOWIESKA 63</ULICA><KRAJ>Polska</KRAJ></ADRES></ODBIORCA><SPRZEDAWCA><NIP_KRAJ>PL</NIP_KRAJ><NIP>546-000-03-17</NIP><GLN>0000000000000</GLN><NAZWA>P.H.U. "KROKUS" HURTOWNIA KWIATÓW LESZEK WOŁKOWICZ</NAZWA><ADRES><KOD_POCZTOWY>15-257</KOD_POCZTOWY><MIASTO>BIAŁYSTOK</MIASTO><ULICA>ul. A. MICKIEWICZA 95</ULICA><KRAJ>Polska</KRAJ></ADRES><NUMER_KONTA_BANKOWEGO>22-12405211-1111000049289196</NUMER_KONTA_BANKOWEGO><NAZWA_BANKU>BANK PEKAO SA</NAZWA_BANKU></SPRZEDAWCA><KATEGORIA><KOD/><OPIS/></KATEGORIA><PLATNOSC><FORMA>Karta</FORMA><TERMIN>2023-01-24</TERMIN><MPP>0</MPP></PLATNOSC><WALUTA><SYMBOL>PLN</SYMBOL><KURS_L>1.00</KURS_L><KURS_M>1</KURS_M><PLAT_WAL_OD_PLN>0</PLAT_WAL_OD_PLN><KURS_NUMER>3</KURS_NUMER><KURS_DATA>2023-01-24</KURS_DATA></WALUTA><KWOTY><RAZEM_NETTO_WAL>69.59</RAZEM_NETTO_WAL><RAZEM_NETTO>69.59</RAZEM_NETTO><RAZEM_BRUTTO>85.60</RAZEM_BRUTTO><RAZEM_VAT>16.01</RAZEM_VAT></KWOTY><MAGAZYN_ZRODLOWY>MAGAZYN</MAGAZYN_ZRODLOWY><MAGAZYN_DOCELOWY/><KAUCJE_PLATNOSCI>0</KAUCJE_PLATNOSCI><BLOKADA_PLATNOSCI>0</BLOKADA_PLATNOSCI><VAT_DLA_DOK_WAL>0</VAT_DLA_DOK_WAL><TRYB_NETTO_VAT>0</TRYB_NETTO_VAT><STATUS_PLATNIKA>0</STATUS_PLATNIKA><ROZLICZAM_PODATEK_W_OSS>0</ROZLICZAM_PODATEK_W_OSS></NAGLOWEK><POZYCJE><POZYCJA><LP>1</LP><TOWAR><KOD>716787</KOD><NAZWA>KREPA WŁOSKA - KREM - 17A1 - 50 cm x 2,5 m (180g)</NAZWA><OPIS/><EAN>8004496171109</EAN><SWW/><NUMER_KATALOGOWY/><MPP>0</MPP></TOWAR><STAWKA_VAT><STAWKA>23.00</STAWKA><FLAGA>2</FLAGA><ZRODLOWA>0.00</ZRODLOWA></STAWKA_VAT><CENY><CENAZCZTEREMAMIEJSCAMI>0</CENAZCZTEREMAMIEJSCAMI><POCZATKOWA_WAL_CENNIKA>5.2000</POCZATKOWA_WAL_CENNIKA><POCZATKOWA_WAL_DOKUMENTU>5.2000</POCZATKOWA_WAL_DOKUMENTU><PO_RABACIE_WAL_CENNIKA>5.2000</PO_RABACIE_WAL_CENNIKA><PO_RABACIE_PLN>5.2000</PO_RABACIE_PLN><PO_RABACIE_WAL_DOKUMENTU>5.2000</PO_RABACIE_WAL_DOKUMENTU></CENY><WALUTA><SYMBOL>PLN</SYMBOL><KURS_L>1.00</KURS_L><KURS_M>1</KURS_M></WALUTA><RABAT>0.00</RABAT><WARTOSC_NETTO>4.23</WARTOSC_NETTO><WARTOSC_BRUTTO>5.20</WARTOSC_BRUTTO><WARTOSC_NETTO_WAL>4.23</WARTOSC_NETTO_WAL><WARTOSC_BRUTTO_WAL>5.20</WARTOSC_BRUTTO_WAL><ILOSC>1.0000</ILOSC><JM>szt.</JM><JM_CALKOWITE>0.00</JM_CALKOWITE><JM_ZLOZONA><JMZ>szt.</JMZ><JM_PRZELICZNIK_L>1.00</JM_PRZELICZNIK_L><JM_PRZELICZNIK_M>1</JM_PRZELICZNIK_M></JM_ZLOZONA></POZYCJA><POZYCJA><LP>2</LP><TOWAR><KOD>901090</KOD><NAZWA>TABLICE REJESTRACYJNE PAPIEROWE ETR</NAZWA><OPIS/><EAN>5903612729824</EAN><SWW/><NUMER_KATALOGOWY/><MPP>0</MPP></TOWAR><STAWKA_VAT><STAWKA>23.00</STAWKA><FLAGA>2</FLAGA><ZRODLOWA>0.00</ZRODLOWA></STAWKA_VAT><CENY><CENAZCZTEREMAMIEJSCAMI>0</CENAZCZTEREMAMIEJSCAMI><POCZATKOWA_WAL_CENNIKA>12.7000</POCZATKOWA_WAL_CENNIKA><POCZATKOWA_WAL_DOKUMENTU>12.7000</POCZATKOWA_WAL_DOKUMENTU><PO_RABACIE_WAL_CENNIKA>12.7000</PO_RABACIE_WAL_CENNIKA><PO_RABACIE_PLN>12.7000</PO_RABACIE_PLN><PO_RABACIE_WAL_DOKUMENTU>12.7000</PO_RABACIE_WAL_DOKUMENTU></CENY><WALUTA><SYMBOL>PLN</SYMBOL><KURS_L>1.00</KURS_L><KURS_M>1</KURS_M></WALUTA><RABAT>0.00</RABAT><WARTOSC_NETTO>20.65</WARTOSC_NETTO><WARTOSC_BRUTTO>25.40</WARTOSC_BRUTTO><WARTOSC_NETTO_WAL>20.65</WARTOSC_NETTO_WAL><WARTOSC_BRUTTO_WAL>25.40</WARTOSC_BRUTTO_WAL><ILOSC>2.0000</ILOSC><JM>op.</JM><JM_CALKOWITE>0.00</JM_CALKOWITE><JM_ZLOZONA><JMZ>op.</JMZ><JM_PRZELICZNIK_L>1.00</JM_PRZELICZNIK_L><JM_PRZELICZNIK_M>1</JM_PRZELICZNIK_M></JM_ZLOZONA></POZYCJA><POZYCJA><LP>3</LP><TOWAR><KOD>705207</KOD><NAZWA>KREPA WŁOSKA - LIŚCIASTOZIELONA - 591 - 50cm x 2,5m (180g)</NAZWA><OPIS/><EAN>8004496059100</EAN><SWW/><NUMER_KATALOGOWY/><MPP>0</MPP></TOWAR><STAWKA_VAT><STAWKA>23.00</STAWKA><FLAGA>2</FLAGA><ZRODLOWA>0.00</ZRODLOWA></STAWKA_VAT><CENY><CENAZCZTEREMAMIEJSCAMI>0</CENAZCZTEREMAMIEJSCAMI><POCZATKOWA_WAL_CENNIKA>5.2000</POCZATKOWA_WAL_CENNIKA><POCZATKOWA_WAL_DOKUMENTU>5.2000</POCZATKOWA_WAL_DOKUMENTU><PO_RABACIE_WAL_CENNIKA>5.2000</PO_RABACIE_WAL_CENNIKA><PO_RABACIE_PLN>5.2000</PO_RABACIE_PLN><PO_RABACIE_WAL_DOKUMENTU>5.2000</PO_RABACIE_WAL_DOKUMENTU></CENY><WALUTA><SYMBOL>PLN</SYMBOL><KURS_L>1.00</KURS_L><KURS_M>1</KURS_M></WALUTA><RABAT>0.00</RABAT><WARTOSC_NETTO>8.46</WARTOSC_NETTO><WARTOSC_BRUTTO>10.40</WARTOSC_BRUTTO><WARTOSC_NETTO_WAL>8.46</WARTOSC_NETTO_WAL><WARTOSC_BRUTTO_WAL>10.40</WARTOSC_BRUTTO_WAL><ILOSC>2.0000</ILOSC><JM>szt</JM><JM_CALKOWITE>0.00</JM_CALKOWITE><JM_ZLOZONA><JMZ>szt</JMZ><JM_PRZELICZNIK_L>1.00</JM_PRZELICZNIK_L><JM_PRZELICZNIK_M>1</JM_PRZELICZNIK_M></JM_ZLOZONA></POZYCJA><POZYCJA><LP>4</LP><TOWAR><KOD>703690</KOD><NAZWA>WSTĄŻKA OZDOBNA - METALICZNOCZERWONA - 5mm x225m</NAZWA><OPIS/><EAN>5901215065837</EAN><SWW/><NUMER_KATALOGOWY/><MPP>0</MPP></TOWAR><STAWKA_VAT><STAWKA>23.00</STAWKA><FLAGA>2</FLAGA><ZRODLOWA>0.00</ZRODLOWA></STAWKA_VAT><CENY><CENAZCZTEREMAMIEJSCAMI>0</CENAZCZTEREMAMIEJSCAMI><POCZATKOWA_WAL_CENNIKA>10.6000</POCZATKOWA_WAL_CENNIKA><POCZATKOWA_WAL_DOKUMENTU>10.6000</POCZATKOWA_WAL_DOKUMENTU><PO_RABACIE_WAL_CENNIKA>10.6000</PO_RABACIE_WAL_CENNIKA><PO_RABACIE_PLN>10.6000</PO_RABACIE_PLN><PO_RABACIE_WAL_DOKUMENTU>10.6000</PO_RABACIE_WAL_DOKUMENTU></CENY><WALUTA><SYMBOL>PLN</SYMBOL><KURS_L>1.00</KURS_L><KURS_M>1</KURS_M></WALUTA><RABAT>0.00</RABAT><WARTOSC_NETTO>8.62</WARTOSC_NETTO><WARTOSC_BRUTTO>10.60</WARTOSC_BRUTTO><WARTOSC_NETTO_WAL>8.62</WARTOSC_NETTO_WAL><WARTOSC_BRUTTO_WAL>10.60</WARTOSC_BRUTTO_WAL><ILOSC>1.0000</ILOSC><JM>szt</JM><JM_CALKOWITE>0.00</JM_CALKOWITE><JM_ZLOZONA><JMZ>szt</JMZ><JM_PRZELICZNIK_L>1.00</JM_PRZELICZNIK_L><JM_PRZELICZNIK_M>1</JM_PRZELICZNIK_M></JM_ZLOZONA></POZYCJA><POZYCJA><LP>5</LP><TOWAR><KOD>142031</KOD><NAZWA>WORKI 60x35x10</NAZWA><OPIS/><EAN/><SWW/><NUMER_KATALOGOWY/><MPP>0</MPP></TOWAR><STAWKA_VAT><STAWKA>23.00</STAWKA><FLAGA>2</FLAGA><ZRODLOWA>0.00</ZRODLOWA></STAWKA_VAT><CENY><CENAZCZTEREMAMIEJSCAMI>0</CENAZCZTEREMAMIEJSCAMI><POCZATKOWA_WAL_CENNIKA>0.2600</POCZATKOWA_WAL_CENNIKA><POCZATKOWA_WAL_DOKUMENTU>0.2600</POCZATKOWA_WAL_DOKUMENTU><PO_RABACIE_WAL_CENNIKA>0.2600</PO_RABACIE_WAL_CENNIKA><PO_RABACIE_PLN>0.2600</PO_RABACIE_PLN><PO_RABACIE_WAL_DOKUMENTU>0.2600</PO_RABACIE_WAL_DOKUMENTU></CENY><WALUTA><SYMBOL>PLN</SYMBOL><KURS_L>1.00</KURS_L><KURS_M>1</KURS_M></WALUTA><RABAT>0.00</RABAT><WARTOSC_NETTO>10.57</WARTOSC_NETTO><WARTOSC_BRUTTO>13.00</WARTOSC_BRUTTO><WARTOSC_NETTO_WAL>10.57</WARTOSC_NETTO_WAL><WARTOSC_BRUTTO_WAL>13.00</WARTOSC_BRUTTO_WAL><ILOSC>50.0000</ILOSC><JM>szt</JM><JM_CALKOWITE>0.00</JM_CALKOWITE><JM_ZLOZONA><JMZ>szt</JMZ><JM_PRZELICZNIK_L>1.00</JM_PRZELICZNIK_L><JM_PRZELICZNIK_M>1</JM_PRZELICZNIK_M></JM_ZLOZONA></POZYCJA><POZYCJA><LP>6</LP><TOWAR><KOD>141949</KOD><NAZWA>TRÓJKĄT FOLIOWY CZYSTY 40/30/10</NAZWA><OPIS/><EAN>141949</EAN><SWW/><NUMER_KATALOGOWY/><MPP>0</MPP></TOWAR><STAWKA_VAT><STAWKA>23.00</STAWKA><FLAGA>2</FLAGA><ZRODLOWA>0.00</ZRODLOWA></STAWKA_VAT><CENY><CENAZCZTEREMAMIEJSCAMI>0</CENAZCZTEREMAMIEJSCAMI><POCZATKOWA_WAL_CENNIKA>0.2100</POCZATKOWA_WAL_CENNIKA><POCZATKOWA_WAL_DOKUMENTU>0.2100</POCZATKOWA_WAL_DOKUMENTU><PO_RABACIE_WAL_CENNIKA>0.2100</PO_RABACIE_WAL_CENNIKA><PO_RABACIE_PLN>0.2100</PO_RABACIE_PLN><PO_RABACIE_WAL_DOKUMENTU>0.2100</PO_RABACIE_WAL_DOKUMENTU></CENY><WALUTA><SYMBOL>PLN</SYMBOL><KURS_L>1.00</KURS_L><KURS_M>1</KURS_M></WALUTA><RABAT>0.00</RABAT><WARTOSC_NETTO>17.07</WARTOSC_NETTO><WARTOSC_BRUTTO>21.00</WARTOSC_BRUTTO><WARTOSC_NETTO_WAL>17.07</WARTOSC_NETTO_WAL><WARTOSC_BRUTTO_WAL>21.00</WARTOSC_BRUTTO_WAL><ILOSC>100.0000</ILOSC><JM>szt</JM><JM_CALKOWITE>0.00</JM_CALKOWITE><JM_ZLOZONA><JMZ>szt</JMZ><JM_PRZELICZNIK_L>1.00</JM_PRZELICZNIK_L><JM_PRZELICZNIK_M>1</JM_PRZELICZNIK_M></JM_ZLOZONA></POZYCJA></POZYCJE><KAUCJE/><PLATNOSCI><PLATNOSC><FORMA>Karta</FORMA><TERMIN>2023-01-24</TERMIN><KWOTA>85.60</KWOTA><KWOTA_W_WAL_SYSTEMOWEJ>85.60</KWOTA_W_WAL_SYSTEMOWEJ><WALUTA><SYMBOL/><KURS_L>1.00</KURS_L><KURS_M>1</KURS_M></WALUTA></PLATNOSC></PLATNOSCI><PLATNOSCI_KAUCJE/><TABELKA_VAT><LINIA_VAT><STAWKA_VAT><STAWKA>23.00</STAWKA><FLAGA>2</FLAGA><ZRODLOWA>0.00</ZRODLOWA></STAWKA_VAT><NETTO>69.59</NETTO><VAT>16.01</VAT><BRUTTO>85.60</BRUTTO><NETTO_WAL>69.59</NETTO_WAL><VAT_WAL>16.01</VAT_WAL><BRUTTO_WAL>85.60</BRUTTO_WAL></LINIA_VAT></TABELKA_VAT><ATRYBUTY/></DOKUMENT></ROOT>
