<?xml version="1.0" encoding="UTF-8"?>
<ROOT xmlns="http://www.cdn.com.pl/optima/dokument"><DOKUMENT><NAGLOWEK><GENERATOR>Comarch Opt!ma</GENERATOR><TYP_DOKUMENTU>302</TYP_DOKUMENTU><RODZAJ_DOKUMENTU>302004</RODZAJ_DOKUMENTU><FV_MARZA>0</FV_MARZA><FV_MARZA_RODZAJ>0</FV_MARZA_RODZAJ><NUMER_PELNY>FA/421/2023</NUMER_PELNY><DATA_DOKUMENTU>2023-01-20</DATA_DOKUMENTU><DATA_WYSTAWIENIA>2023-01-20</DATA_WYSTAWIENIA><DATA_OPERACJI>2023-01-20</DATA_OPERACJI><TERMIN_ZWROTU_KAUCJI>2023-03-21</TERMIN_ZWROTU_KAUCJI><KOREKTA>0</KOREKTA><DETAL>0</DETAL><TYP_NETTO_BRUTTO>2</TYP_NETTO_BRUTTO><RABAT>5.00</RABAT><OPIS>Dok.: FA/421/2023 (Faktura sprzedaży z wygenerowanym WZ)</OPIS><PLATNIK><KOD>FLORYSTYKA W SŁOIKU</KOD><NIP_KRAJ/><NIP>5451187517</NIP><GLN/><NAZWA>FLORYSTYKA W SŁOIKU IWONA SOCZKO</NAZWA><MPP>0</MPP><ADRES><KOD_POCZTOWY>15-066</KOD_POCZTOWY><MIASTO>BIAŁYSTOK</MIASTO><ULICA>UL. MODLIŃSKA 2/1</ULICA><KRAJ>Polska</KRAJ></ADRES></PLATNIK><ODBIORCA><KOD>FLORYSTYKA W SŁOIKU</KOD><NIP_KRAJ/><NIP>5451187517</NIP><GLN/><NAZWA>FLORYSTYKA W SŁOIKU IWONA SOCZKO</NAZWA><ADRES><KOD_POCZTOWY>15-066</KOD_POCZTOWY><MIASTO>BIAŁYSTOK</MIASTO><ULICA>UL. MODLIŃSKA 2/1</ULICA><KRAJ>Polska</KRAJ></ADRES></ODBIORCA><SPRZEDAWCA><NIP_KRAJ>PL</NIP_KRAJ><NIP>546-000-03-17</NIP><GLN>0000000000000</GLN><NAZWA>P.H.U. "KROKUS" HURTOWNIA KWIATÓW LESZEK WOŁKOWICZ</NAZWA><ADRES><KOD_POCZTOWY>15-257</KOD_POCZTOWY><MIASTO>BIAŁYSTOK</MIASTO><ULICA>ul. A. MICKIEWICZA 95</ULICA><KRAJ>Polska</KRAJ></ADRES><NUMER_KONTA_BANKOWEGO/><NAZWA_BANKU/></SPRZEDAWCA><KATEGORIA><KOD/><OPIS/></KATEGORIA><PLATNOSC><FORMA>gotówka</FORMA><TERMIN>2023-01-20</TERMIN><MPP>0</MPP></PLATNOSC><WALUTA><SYMBOL>PLN</SYMBOL><KURS_L>1.00</KURS_L><KURS_M>1</KURS_M><PLAT_WAL_OD_PLN>0</PLAT_WAL_OD_PLN><KURS_NUMER>3</KURS_NUMER><KURS_DATA>2023-01-20</KURS_DATA></WALUTA><KWOTY><RAZEM_NETTO_WAL>243.15</RAZEM_NETTO_WAL><RAZEM_NETTO>243.15</RAZEM_NETTO><RAZEM_BRUTTO>275.62</RAZEM_BRUTTO><RAZEM_VAT>32.47</RAZEM_VAT></KWOTY><MAGAZYN_ZRODLOWY>MAGAZYN</MAGAZYN_ZRODLOWY><MAGAZYN_DOCELOWY/><KAUCJE_PLATNOSCI>0</KAUCJE_PLATNOSCI><BLOKADA_PLATNOSCI>0</BLOKADA_PLATNOSCI><VAT_DLA_DOK_WAL>0</VAT_DLA_DOK_WAL><TRYB_NETTO_VAT>0</TRYB_NETTO_VAT><STATUS_PLATNIKA>0</STATUS_PLATNIKA><ROZLICZAM_PODATEK_W_OSS>0</ROZLICZAM_PODATEK_W_OSS></NAGLOWEK><POZYCJE><POZYCJA><LP>1</LP><TOWAR><KOD>1000201</KOD><NAZWA>ROZA DONICZKOWA</NAZWA><OPIS/><EAN/><SWW/><NUMER_KATALOGOWY/><MPP>0</MPP></TOWAR><STAWKA_VAT><STAWKA>8.00</STAWKA><FLAGA>2</FLAGA><ZRODLOWA>0.00</ZRODLOWA></STAWKA_VAT><CENY><CENAZCZTEREMAMIEJSCAMI>0</CENAZCZTEREMAMIEJSCAMI><POCZATKOWA_WAL_CENNIKA>19.9000</POCZATKOWA_WAL_CENNIKA><POCZATKOWA_WAL_DOKUMENTU>19.9000</POCZATKOWA_WAL_DOKUMENTU><PO_RABACIE_WAL_CENNIKA>18.9100</PO_RABACIE_WAL_CENNIKA><PO_RABACIE_PLN>18.9100</PO_RABACIE_PLN><PO_RABACIE_WAL_DOKUMENTU>18.9100</PO_RABACIE_WAL_DOKUMENTU></CENY><WALUTA><SYMBOL>PLN</SYMBOL><KURS_L>1.00</KURS_L><KURS_M>1</KURS_M></WALUTA><RABAT>5.00</RABAT><WARTOSC_NETTO>35.02</WARTOSC_NETTO><WARTOSC_BRUTTO>37.82</WARTOSC_BRUTTO><WARTOSC_NETTO_WAL>35.02</WARTOSC_NETTO_WAL><WARTOSC_BRUTTO_WAL>37.82</WARTOSC_BRUTTO_WAL><ILOSC>2.0000</ILOSC><JM>szt.</JM><JM_CALKOWITE>0.00</JM_CALKOWITE><JM_ZLOZONA><JMZ>szt.</JMZ><JM_PRZELICZNIK_L>1.00</JM_PRZELICZNIK_L><JM_PRZELICZNIK_M>1</JM_PRZELICZNIK_M></JM_ZLOZONA></POZYCJA><POZYCJA><LP>2</LP><TOWAR><KOD>1000182</KOD><NAZWA>ROZA DONICZKOWA</NAZWA><OPIS/><EAN/><SWW/><NUMER_KATALOGOWY/><MPP>0</MPP></TOWAR><STAWKA_VAT><STAWKA>8.00</STAWKA><FLAGA>2</FLAGA><ZRODLOWA>0.00</ZRODLOWA></STAWKA_VAT><CENY><CENAZCZTEREMAMIEJSCAMI>0</CENAZCZTEREMAMIEJSCAMI><POCZATKOWA_WAL_CENNIKA>18.9000</POCZATKOWA_WAL_CENNIKA><POCZATKOWA_WAL_DOKUMENTU>18.9000</POCZATKOWA_WAL_DOKUMENTU><PO_RABACIE_WAL_CENNIKA>17.9600</PO_RABACIE_WAL_CENNIKA><PO_RABACIE_PLN>17.9600</PO_RABACIE_PLN><PO_RABACIE_WAL_DOKUMENTU>17.9600</PO_RABACIE_WAL_DOKUMENTU></CENY><WALUTA><SYMBOL>PLN</SYMBOL><KURS_L>1.00</KURS_L><KURS_M>1</KURS_M></WALUTA><RABAT>5.00</RABAT><WARTOSC_NETTO>16.63</WARTOSC_NETTO><WARTOSC_BRUTTO>17.96</WARTOSC_BRUTTO><WARTOSC_NETTO_WAL>16.63</WARTOSC_NETTO_WAL><WARTOSC_BRUTTO_WAL>17.96</WARTOSC_BRUTTO_WAL><ILOSC>1.0000</ILOSC><JM>szt.</JM><JM_CALKOWITE>0.00</JM_CALKOWITE><JM_ZLOZONA><JMZ>szt.</JMZ><JM_PRZELICZNIK_L>1.00</JM_PRZELICZNIK_L><JM_PRZELICZNIK_M>1</JM_PRZELICZNIK_M></JM_ZLOZONA></POZYCJA><POZYCJA><LP>3</LP><TOWAR><KOD>1000160</KOD><NAZWA>CYKLAMEN</NAZWA><OPIS/><EAN/><SWW/><NUMER_KATALOGOWY/><MPP>0</MPP></TOWAR><STAWKA_VAT><STAWKA>8.00</STAWKA><FLAGA>2</FLAGA><ZRODLOWA>0.00</ZRODLOWA></STAWKA_VAT><CENY><CENAZCZTEREMAMIEJSCAMI>0</CENAZCZTEREMAMIEJSCAMI><POCZATKOWA_WAL_CENNIKA>15.0000</POCZATKOWA_WAL_CENNIKA><POCZATKOWA_WAL_DOKUMENTU>15.0000</POCZATKOWA_WAL_DOKUMENTU><PO_RABACIE_WAL_CENNIKA>14.2500</PO_RABACIE_WAL_CENNIKA><PO_RABACIE_PLN>14.2500</PO_RABACIE_PLN><PO_RABACIE_WAL_DOKUMENTU>14.2500</PO_RABACIE_WAL_DOKUMENTU></CENY><WALUTA><SYMBOL>PLN</SYMBOL><KURS_L>1.00</KURS_L><KURS_M>1</KURS_M></WALUTA><RABAT>5.00</RABAT><WARTOSC_NETTO>26.39</WARTOSC_NETTO><WARTOSC_BRUTTO>28.50</WARTOSC_BRUTTO><WARTOSC_NETTO_WAL>26.39</WARTOSC_NETTO_WAL><WARTOSC_BRUTTO_WAL>28.50</WARTOSC_BRUTTO_WAL><ILOSC>2.0000</ILOSC><JM>szt.</JM><JM_CALKOWITE>0.00</JM_CALKOWITE><JM_ZLOZONA><JMZ>szt.</JMZ><JM_PRZELICZNIK_L>1.00</JM_PRZELICZNIK_L><JM_PRZELICZNIK_M>1</JM_PRZELICZNIK_M></JM_ZLOZONA></POZYCJA><POZYCJA><LP>4</LP><TOWAR><KOD>1000184</KOD><NAZWA>SKRZYDLOKWIAT</NAZWA><OPIS/><EAN/><SWW/><NUMER_KATALOGOWY/><MPP>0</MPP></TOWAR><STAWKA_VAT><STAWKA>8.00</STAWKA><FLAGA>2</FLAGA><ZRODLOWA>0.00</ZRODLOWA></STAWKA_VAT><CENY><CENAZCZTEREMAMIEJSCAMI>0</CENAZCZTEREMAMIEJSCAMI><POCZATKOWA_WAL_CENNIKA>8.9000</POCZATKOWA_WAL_CENNIKA><POCZATKOWA_WAL_DOKUMENTU>8.9000</POCZATKOWA_WAL_DOKUMENTU><PO_RABACIE_WAL_CENNIKA>8.4600</PO_RABACIE_WAL_CENNIKA><PO_RABACIE_PLN>8.4600</PO_RABACIE_PLN><PO_RABACIE_WAL_DOKUMENTU>8.4600</PO_RABACIE_WAL_DOKUMENTU></CENY><WALUTA><SYMBOL>PLN</SYMBOL><KURS_L>1.00</KURS_L><KURS_M>1</KURS_M></WALUTA><RABAT>5.00</RABAT><WARTOSC_NETTO>78.33</WARTOSC_NETTO><WARTOSC_BRUTTO>84.60</WARTOSC_BRUTTO><WARTOSC_NETTO_WAL>78.33</WARTOSC_NETTO_WAL><WARTOSC_BRUTTO_WAL>84.60</WARTOSC_BRUTTO_WAL><ILOSC>10.0000</ILOSC><JM>szt.</JM><JM_CALKOWITE>0.00</JM_CALKOWITE><JM_ZLOZONA><JMZ>szt.</JMZ><JM_PRZELICZNIK_L>1.00</JM_PRZELICZNIK_L><JM_PRZELICZNIK_M>1</JM_PRZELICZNIK_M></JM_ZLOZONA></POZYCJA><POZYCJA><LP>5</LP><TOWAR><KOD>142023</KOD><NAZWA>FOLIA ROLKA WZÓR</NAZWA><OPIS/><EAN/><SWW/><NUMER_KATALOGOWY/><MPP>0</MPP></TOWAR><STAWKA_VAT><STAWKA>23.00</STAWKA><FLAGA>2</FLAGA><ZRODLOWA>0.00</ZRODLOWA></STAWKA_VAT><CENY><CENAZCZTEREMAMIEJSCAMI>0</CENAZCZTEREMAMIEJSCAMI><POCZATKOWA_WAL_CENNIKA>17.0000</POCZATKOWA_WAL_CENNIKA><POCZATKOWA_WAL_DOKUMENTU>17.0000</POCZATKOWA_WAL_DOKUMENTU><PO_RABACIE_WAL_CENNIKA>16.1500</PO_RABACIE_WAL_CENNIKA><PO_RABACIE_PLN>16.1500</PO_RABACIE_PLN><PO_RABACIE_WAL_DOKUMENTU>16.1500</PO_RABACIE_WAL_DOKUMENTU></CENY><WALUTA><SYMBOL>PLN</SYMBOL><KURS_L>1.00</KURS_L><KURS_M>1</KURS_M></WALUTA><RABAT>5.00</RABAT><WARTOSC_NETTO>13.13</WARTOSC_NETTO><WARTOSC_BRUTTO>16.15</WARTOSC_BRUTTO><WARTOSC_NETTO_WAL>13.13</WARTOSC_NETTO_WAL><WARTOSC_BRUTTO_WAL>16.15</WARTOSC_BRUTTO_WAL><ILOSC>1.0000</ILOSC><JM>op.</JM><JM_CALKOWITE>0.00</JM_CALKOWITE><JM_ZLOZONA><JMZ>op.</JMZ><JM_PRZELICZNIK_L>1.00</JM_PRZELICZNIK_L><JM_PRZELICZNIK_M>1</JM_PRZELICZNIK_M></JM_ZLOZONA></POZYCJA><POZYCJA><LP>6</LP><TOWAR><KOD>142069</KOD><NAZWA>FOLIA MAt</NAZWA><OPIS/><EAN/><SWW/><NUMER_KATALOGOWY/><MPP>0</MPP></TOWAR><STAWKA_VAT><STAWKA>23.00</STAWKA><FLAGA>2</FLAGA><ZRODLOWA>0.00</ZRODLOWA></STAWKA_VAT><CENY><CENAZCZTEREMAMIEJSCAMI>0</CENAZCZTEREMAMIEJSCAMI><POCZATKOWA_WAL_CENNIKA>15.4000</POCZATKOWA_WAL_CENNIKA><POCZATKOWA_WAL_DOKUMENTU>15.4000</POCZATKOWA_WAL_DOKUMENTU><PO_RABACIE_WAL_CENNIKA>14.6300</PO_RABACIE_WAL_CENNIKA><PO_RABACIE_PLN>14.6300</PO_RABACIE_PLN><PO_RABACIE_WAL_DOKUMENTU>14.6300</PO_RABACIE_WAL_DOKUMENTU></CENY><WALUTA><SYMBOL>PLN</SYMBOL><KURS_L>1.00</KURS_L><KURS_M>1</KURS_M></WALUTA><RABAT>5.00</RABAT><WARTOSC_NETTO>11.89</WARTOSC_NETTO><WARTOSC_BRUTTO>14.63</WARTOSC_BRUTTO><WARTOSC_NETTO_WAL>11.89</WARTOSC_NETTO_WAL><WARTOSC_BRUTTO_WAL>14.63</WARTOSC_BRUTTO_WAL><ILOSC>1.0000</ILOSC><JM>szt</JM><JM_CALKOWITE>0.00</JM_CALKOWITE><JM_ZLOZONA><JMZ>szt</JMZ><JM_PRZELICZNIK_L>1.00</JM_PRZELICZNIK_L><JM_PRZELICZNIK_M>1</JM_PRZELICZNIK_M></JM_ZLOZONA></POZYCJA><POZYCJA><LP>7</LP><TOWAR><KOD>507257</KOD><NAZWA>PIK DEKORACYJNY</NAZWA><OPIS/><EAN/><SWW/><NUMER_KATALOGOWY/><MPP>0</MPP></TOWAR><STAWKA_VAT><STAWKA>23.00</STAWKA><FLAGA>2</FLAGA><ZRODLOWA>0.00</ZRODLOWA></STAWKA_VAT><CENY><CENAZCZTEREMAMIEJSCAMI>0</CENAZCZTEREMAMIEJSCAMI><POCZATKOWA_WAL_CENNIKA>6.3000</POCZATKOWA_WAL_CENNIKA><POCZATKOWA_WAL_DOKUMENTU>6.3000</POCZATKOWA_WAL_DOKUMENTU><PO_RABACIE_WAL_CENNIKA>5.9900</PO_RABACIE_WAL_CENNIKA><PO_RABACIE_PLN>5.9900</PO_RABACIE_PLN><PO_RABACIE_WAL_DOKUMENTU>5.9900</PO_RABACIE_WAL_DOKUMENTU></CENY><WALUTA><SYMBOL>PLN</SYMBOL><KURS_L>1.00</KURS_L><KURS_M>1</KURS_M></WALUTA><RABAT>5.00</RABAT><WARTOSC_NETTO>14.61</WARTOSC_NETTO><WARTOSC_BRUTTO>17.97</WARTOSC_BRUTTO><WARTOSC_NETTO_WAL>14.61</WARTOSC_NETTO_WAL><WARTOSC_BRUTTO_WAL>17.97</WARTOSC_BRUTTO_WAL><ILOSC>3.0000</ILOSC><JM>op.</JM><JM_CALKOWITE>0.00</JM_CALKOWITE><JM_ZLOZONA><JMZ>op.</JMZ><JM_PRZELICZNIK_L>1.00</JM_PRZELICZNIK_L><JM_PRZELICZNIK_M>1</JM_PRZELICZNIK_M></JM_ZLOZONA></POZYCJA><POZYCJA><LP>8</LP><TOWAR><KOD>663923</KOD><NAZWA>OSŁONKA WY20-15 MIX</NAZWA><OPIS/><EAN>5903288153510</EAN><SWW/><NUMER_KATALOGOWY/><MPP>0</MPP></TOWAR><STAWKA_VAT><STAWKA>23.00</STAWKA><FLAGA>2</FLAGA><ZRODLOWA>0.00</ZRODLOWA></STAWKA_VAT><CENY><CENAZCZTEREMAMIEJSCAMI>0</CENAZCZTEREMAMIEJSCAMI><POCZATKOWA_WAL_CENNIKA>8.9000</POCZATKOWA_WAL_CENNIKA><POCZATKOWA_WAL_DOKUMENTU>8.9000</POCZATKOWA_WAL_DOKUMENTU><PO_RABACIE_WAL_CENNIKA>8.4600</PO_RABACIE_WAL_CENNIKA><PO_RABACIE_PLN>8.4600</PO_RABACIE_PLN><PO_RABACIE_WAL_DOKUMENTU>8.4600</PO_RABACIE_WAL_DOKUMENTU></CENY><WALUTA><SYMBOL>PLN</SYMBOL><KURS_L>1.00</KURS_L><KURS_M>1</KURS_M></WALUTA><RABAT>5.00</RABAT><WARTOSC_NETTO>34.39</WARTOSC_NETTO><WARTOSC_BRUTTO>42.30</WARTOSC_BRUTTO><WARTOSC_NETTO_WAL>34.39</WARTOSC_NETTO_WAL><WARTOSC_BRUTTO_WAL>42.30</WARTOSC_BRUTTO_WAL><ILOSC>5.0000</ILOSC><JM>szt</JM><JM_CALKOWITE>0.00</JM_CALKOWITE><JM_ZLOZONA><JMZ>szt</JMZ><JM_PRZELICZNIK_L>1.00</JM_PRZELICZNIK_L><JM_PRZELICZNIK_M>1</JM_PRZELICZNIK_M></JM_ZLOZONA></POZYCJA><POZYCJA><LP>9</LP><TOWAR><KOD>506779</KOD><NAZWA>KLAMERKA SERCE Z BIEDRONKA 8 SZT/KPL</NAZWA><OPIS/><EAN>5908257368414</EAN><SWW/><NUMER_KATALOGOWY/><MPP>0</MPP></TOWAR><STAWKA_VAT><STAWKA>23.00</STAWKA><FLAGA>2</FLAGA><ZRODLOWA>0.00</ZRODLOWA></STAWKA_VAT><CENY><CENAZCZTEREMAMIEJSCAMI>0</CENAZCZTEREMAMIEJSCAMI><POCZATKOWA_WAL_CENNIKA>6.7000</POCZATKOWA_WAL_CENNIKA><POCZATKOWA_WAL_DOKUMENTU>6.7000</POCZATKOWA_WAL_DOKUMENTU><PO_RABACIE_WAL_CENNIKA>6.3700</PO_RABACIE_WAL_CENNIKA><PO_RABACIE_PLN>6.3700</PO_RABACIE_PLN><PO_RABACIE_WAL_DOKUMENTU>6.3700</PO_RABACIE_WAL_DOKUMENTU></CENY><WALUTA><SYMBOL>PLN</SYMBOL><KURS_L>1.00</KURS_L><KURS_M>1</KURS_M></WALUTA><RABAT>5.00</RABAT><WARTOSC_NETTO>5.18</WARTOSC_NETTO><WARTOSC_BRUTTO>6.37</WARTOSC_BRUTTO><WARTOSC_NETTO_WAL>5.18</WARTOSC_NETTO_WAL><WARTOSC_BRUTTO_WAL>6.37</WARTOSC_BRUTTO_WAL><ILOSC>1.0000</ILOSC><JM>KPL</JM><JM_CALKOWITE>0.00</JM_CALKOWITE><JM_ZLOZONA><JMZ>KPL</JMZ><JM_PRZELICZNIK_L>1.00</JM_PRZELICZNIK_L><JM_PRZELICZNIK_M>1</JM_PRZELICZNIK_M></JM_ZLOZONA></POZYCJA><POZYCJA><LP>10</LP><TOWAR><KOD>507368</KOD><NAZWA>KLAMERKA SERCE DREWNIANE KLEJ 8SZT/KPL HY-3453</NAZWA><OPIS/><EAN>5908257372008</EAN><SWW/><NUMER_KATALOGOWY/><MPP>0</MPP></TOWAR><STAWKA_VAT><STAWKA>23.00</STAWKA><FLAGA>2</FLAGA><ZRODLOWA>0.00</ZRODLOWA></STAWKA_VAT><CENY><CENAZCZTEREMAMIEJSCAMI>0</CENAZCZTEREMAMIEJSCAMI><POCZATKOWA_WAL_CENNIKA>4.9000</POCZATKOWA_WAL_CENNIKA><POCZATKOWA_WAL_DOKUMENTU>4.9000</POCZATKOWA_WAL_DOKUMENTU><PO_RABACIE_WAL_CENNIKA>4.6600</PO_RABACIE_WAL_CENNIKA><PO_RABACIE_PLN>4.6600</PO_RABACIE_PLN><PO_RABACIE_WAL_DOKUMENTU>4.6600</PO_RABACIE_WAL_DOKUMENTU></CENY><WALUTA><SYMBOL>PLN</SYMBOL><KURS_L>1.00</KURS_L><KURS_M>1</KURS_M></WALUTA><RABAT>5.00</RABAT><WARTOSC_NETTO>7.58</WARTOSC_NETTO><WARTOSC_BRUTTO>9.32</WARTOSC_BRUTTO><WARTOSC_NETTO_WAL>7.58</WARTOSC_NETTO_WAL><WARTOSC_BRUTTO_WAL>9.32</WARTOSC_BRUTTO_WAL><ILOSC>2.0000</ILOSC><JM>KPL</JM><JM_CALKOWITE>0.00</JM_CALKOWITE><JM_ZLOZONA><JMZ>KPL</JMZ><JM_PRZELICZNIK_L>1.00</JM_PRZELICZNIK_L><JM_PRZELICZNIK_M>1</JM_PRZELICZNIK_M></JM_ZLOZONA></POZYCJA></POZYCJE><KAUCJE/><PLATNOSCI><PLATNOSC><FORMA>gotówka</FORMA><TERMIN>2023-01-20</TERMIN><KWOTA>275.62</KWOTA><KWOTA_W_WAL_SYSTEMOWEJ>275.62</KWOTA_W_WAL_SYSTEMOWEJ><WALUTA><SYMBOL/><KURS_L>1.00</KURS_L><KURS_M>1</KURS_M></WALUTA></PLATNOSC></PLATNOSCI><PLATNOSCI_KAUCJE/><TABELKA_VAT><LINIA_VAT><STAWKA_VAT><STAWKA>8.00</STAWKA><FLAGA>2</FLAGA><ZRODLOWA>0.00</ZRODLOWA></STAWKA_VAT><NETTO>156.37</NETTO><VAT>12.51</VAT><BRUTTO>168.88</BRUTTO><NETTO_WAL>156.37</NETTO_WAL><VAT_WAL>12.51</VAT_WAL><BRUTTO_WAL>168.88</BRUTTO_WAL></LINIA_VAT><LINIA_VAT><STAWKA_VAT><STAWKA>23.00</STAWKA><FLAGA>2</FLAGA><ZRODLOWA>0.00</ZRODLOWA></STAWKA_VAT><NETTO>86.78</NETTO><VAT>19.96</VAT><BRUTTO>106.74</BRUTTO><NETTO_WAL>86.78</NETTO_WAL><VAT_WAL>19.96</VAT_WAL><BRUTTO_WAL>106.74</BRUTTO_WAL></LINIA_VAT></TABELKA_VAT><ATRYBUTY/></DOKUMENT></ROOT>
