<?xml version="1.0" encoding="UTF-8"?>
<ROOT xmlns="http://www.cdn.com.pl/optima/dokument"><DOKUMENT><NAGLOWEK><GENERATOR>Comarch Opt!ma</GENERATOR><TYP_DOKUMENTU>302</TYP_DOKUMENTU><RODZAJ_DOKUMENTU>302004</RODZAJ_DOKUMENTU><FV_MARZA>0</FV_MARZA><FV_MARZA_RODZAJ>0</FV_MARZA_RODZAJ><NUMER_PELNY>FA/458/2023</NUMER_PELNY><DATA_DOKUMENTU>2023-01-21</DATA_DOKUMENTU><DATA_WYSTAWIENIA>2023-01-21</DATA_WYSTAWIENIA><DATA_OPERACJI>2023-01-21</DATA_OPERACJI><TERMIN_ZWROTU_KAUCJI>2023-03-22</TERMIN_ZWROTU_KAUCJI><KOREKTA>0</KOREKTA><DETAL>0</DETAL><TYP_NETTO_BRUTTO>2</TYP_NETTO_BRUTTO><RABAT>4.81</RABAT><OPIS>Dok.: FA/458/2023 (Faktura sprzedaży z wygenerowanym WZ)</OPIS><PLATNIK><KOD>GALERIA KWIATÓW-GOŚC</KOD><NIP_KRAJ>PL</NIP_KRAJ><NIP>8441112028</NIP><GLN/><NAZWA>SKLEP RYBNY-GALERIA KWIATÓW ZENON GOŚCIŃSKI</NAZWA><MPP>0</MPP><ADRES><KOD_POCZTOWY>16-400</KOD_POCZTOWY><MIASTO>SUWAŁKI</MIASTO><ULICA>ul.ANDERSA 7</ULICA><KRAJ>Polska</KRAJ></ADRES></PLATNIK><ODBIORCA><KOD>GALERIA KWIATÓW-GOŚC</KOD><NIP_KRAJ>PL</NIP_KRAJ><NIP>8441112028</NIP><GLN/><NAZWA>SKLEP RYBNY-GALERIA KWIATÓW ZENON GOŚCIŃSKI</NAZWA><ADRES><KOD_POCZTOWY>16-400</KOD_POCZTOWY><MIASTO>SUWAŁKI</MIASTO><ULICA>ul.ANDERSA 7</ULICA><KRAJ>Polska</KRAJ></ADRES></ODBIORCA><SPRZEDAWCA><NIP_KRAJ>PL</NIP_KRAJ><NIP>546-000-03-17</NIP><GLN>0000000000000</GLN><NAZWA>P.H.U. "KROKUS" HURTOWNIA KWIATÓW LESZEK WOŁKOWICZ</NAZWA><ADRES><KOD_POCZTOWY>15-257</KOD_POCZTOWY><MIASTO>BIAŁYSTOK</MIASTO><ULICA>ul. A. MICKIEWICZA 95</ULICA><KRAJ>Polska</KRAJ></ADRES><NUMER_KONTA_BANKOWEGO/><NAZWA_BANKU/></SPRZEDAWCA><KATEGORIA><KOD/><OPIS/></KATEGORIA><PLATNOSC><FORMA>gotówka</FORMA><TERMIN>2023-01-21</TERMIN><MPP>0</MPP></PLATNOSC><WALUTA><SYMBOL>PLN</SYMBOL><KURS_L>1.00</KURS_L><KURS_M>1</KURS_M><PLAT_WAL_OD_PLN>0</PLAT_WAL_OD_PLN><KURS_NUMER>3</KURS_NUMER><KURS_DATA>2023-01-21</KURS_DATA></WALUTA><KWOTY><RAZEM_NETTO_WAL>123.01</RAZEM_NETTO_WAL><RAZEM_NETTO>123.01</RAZEM_NETTO><RAZEM_BRUTTO>140.50</RAZEM_BRUTTO><RAZEM_VAT>17.49</RAZEM_VAT></KWOTY><MAGAZYN_ZRODLOWY>MAGAZYN</MAGAZYN_ZRODLOWY><MAGAZYN_DOCELOWY/><KAUCJE_PLATNOSCI>0</KAUCJE_PLATNOSCI><BLOKADA_PLATNOSCI>0</BLOKADA_PLATNOSCI><VAT_DLA_DOK_WAL>0</VAT_DLA_DOK_WAL><TRYB_NETTO_VAT>0</TRYB_NETTO_VAT><STATUS_PLATNIKA>0</STATUS_PLATNIKA><ROZLICZAM_PODATEK_W_OSS>0</ROZLICZAM_PODATEK_W_OSS></NAGLOWEK><POZYCJE><POZYCJA><LP>1</LP><TOWAR><KOD>1000162</KOD><NAZWA>GOZDZIK</NAZWA><OPIS/><EAN/><SWW/><NUMER_KATALOGOWY/><MPP>0</MPP></TOWAR><STAWKA_VAT><STAWKA>8.00</STAWKA><FLAGA>2</FLAGA><ZRODLOWA>0.00</ZRODLOWA></STAWKA_VAT><CENY><CENAZCZTEREMAMIEJSCAMI>0</CENAZCZTEREMAMIEJSCAMI><POCZATKOWA_WAL_CENNIKA>8.5000</POCZATKOWA_WAL_CENNIKA><POCZATKOWA_WAL_DOKUMENTU>8.5000</POCZATKOWA_WAL_DOKUMENTU><PO_RABACIE_WAL_CENNIKA>8.0800</PO_RABACIE_WAL_CENNIKA><PO_RABACIE_PLN>8.0800</PO_RABACIE_PLN><PO_RABACIE_WAL_DOKUMENTU>8.0800</PO_RABACIE_WAL_DOKUMENTU></CENY><WALUTA><SYMBOL>PLN</SYMBOL><KURS_L>1.00</KURS_L><KURS_M>1</KURS_M></WALUTA><RABAT>5.00</RABAT><WARTOSC_NETTO>7.48</WARTOSC_NETTO><WARTOSC_BRUTTO>8.08</WARTOSC_BRUTTO><WARTOSC_NETTO_WAL>7.48</WARTOSC_NETTO_WAL><WARTOSC_BRUTTO_WAL>8.08</WARTOSC_BRUTTO_WAL><ILOSC>1.0000</ILOSC><JM>szt.</JM><JM_CALKOWITE>0.00</JM_CALKOWITE><JM_ZLOZONA><JMZ>szt.</JMZ><JM_PRZELICZNIK_L>1.00</JM_PRZELICZNIK_L><JM_PRZELICZNIK_M>1</JM_PRZELICZNIK_M></JM_ZLOZONA></POZYCJA><POZYCJA><LP>2</LP><TOWAR><KOD>1000195</KOD><NAZWA>PRYMULA</NAZWA><OPIS/><EAN/><SWW/><NUMER_KATALOGOWY/><MPP>0</MPP></TOWAR><STAWKA_VAT><STAWKA>8.00</STAWKA><FLAGA>2</FLAGA><ZRODLOWA>0.00</ZRODLOWA></STAWKA_VAT><CENY><CENAZCZTEREMAMIEJSCAMI>0</CENAZCZTEREMAMIEJSCAMI><POCZATKOWA_WAL_CENNIKA>4.9000</POCZATKOWA_WAL_CENNIKA><POCZATKOWA_WAL_DOKUMENTU>4.9000</POCZATKOWA_WAL_DOKUMENTU><PO_RABACIE_WAL_CENNIKA>4.6600</PO_RABACIE_WAL_CENNIKA><PO_RABACIE_PLN>4.6600</PO_RABACIE_PLN><PO_RABACIE_WAL_DOKUMENTU>4.6600</PO_RABACIE_WAL_DOKUMENTU></CENY><WALUTA><SYMBOL>PLN</SYMBOL><KURS_L>1.00</KURS_L><KURS_M>1</KURS_M></WALUTA><RABAT>5.00</RABAT><WARTOSC_NETTO>51.78</WARTOSC_NETTO><WARTOSC_BRUTTO>55.92</WARTOSC_BRUTTO><WARTOSC_NETTO_WAL>51.78</WARTOSC_NETTO_WAL><WARTOSC_BRUTTO_WAL>55.92</WARTOSC_BRUTTO_WAL><ILOSC>12.0000</ILOSC><JM>szt.</JM><JM_CALKOWITE>0.00</JM_CALKOWITE><JM_ZLOZONA><JMZ>szt.</JMZ><JM_PRZELICZNIK_L>1.00</JM_PRZELICZNIK_L><JM_PRZELICZNIK_M>1</JM_PRZELICZNIK_M></JM_ZLOZONA></POZYCJA><POZYCJA><LP>3</LP><TOWAR><KOD>1000168</KOD><NAZWA>KALANCHOE</NAZWA><OPIS/><EAN/><SWW/><NUMER_KATALOGOWY/><MPP>0</MPP></TOWAR><STAWKA_VAT><STAWKA>8.00</STAWKA><FLAGA>2</FLAGA><ZRODLOWA>0.00</ZRODLOWA></STAWKA_VAT><CENY><CENAZCZTEREMAMIEJSCAMI>0</CENAZCZTEREMAMIEJSCAMI><POCZATKOWA_WAL_CENNIKA>14.5000</POCZATKOWA_WAL_CENNIKA><POCZATKOWA_WAL_DOKUMENTU>14.5000</POCZATKOWA_WAL_DOKUMENTU><PO_RABACIE_WAL_CENNIKA>13.7800</PO_RABACIE_WAL_CENNIKA><PO_RABACIE_PLN>13.7800</PO_RABACIE_PLN><PO_RABACIE_WAL_DOKUMENTU>13.7800</PO_RABACIE_WAL_DOKUMENTU></CENY><WALUTA><SYMBOL>PLN</SYMBOL><KURS_L>1.00</KURS_L><KURS_M>1</KURS_M></WALUTA><RABAT>5.00</RABAT><WARTOSC_NETTO>12.76</WARTOSC_NETTO><WARTOSC_BRUTTO>13.78</WARTOSC_BRUTTO><WARTOSC_NETTO_WAL>12.76</WARTOSC_NETTO_WAL><WARTOSC_BRUTTO_WAL>13.78</WARTOSC_BRUTTO_WAL><ILOSC>1.0000</ILOSC><JM>szt.</JM><JM_CALKOWITE>0.00</JM_CALKOWITE><JM_ZLOZONA><JMZ>szt.</JMZ><JM_PRZELICZNIK_L>1.00</JM_PRZELICZNIK_L><JM_PRZELICZNIK_M>1</JM_PRZELICZNIK_M></JM_ZLOZONA></POZYCJA><POZYCJA><LP>4</LP><TOWAR><KOD>141939</KOD><NAZWA>TORBA FOL. 44/12/90 20 MIK. W TYM OPŁ. REC.0,20</NAZWA><OPIS/><EAN>141939</EAN><SWW/><NUMER_KATALOGOWY/><MPP>0</MPP></TOWAR><STAWKA_VAT><STAWKA>23.00</STAWKA><FLAGA>2</FLAGA><ZRODLOWA>0.00</ZRODLOWA></STAWKA_VAT><CENY><CENAZCZTEREMAMIEJSCAMI>0</CENAZCZTEREMAMIEJSCAMI><POCZATKOWA_WAL_CENNIKA>0.5000</POCZATKOWA_WAL_CENNIKA><POCZATKOWA_WAL_DOKUMENTU>0.5000</POCZATKOWA_WAL_DOKUMENTU><PO_RABACIE_WAL_CENNIKA>0.4800</PO_RABACIE_WAL_CENNIKA><PO_RABACIE_PLN>0.4800</PO_RABACIE_PLN><PO_RABACIE_WAL_DOKUMENTU>0.4800</PO_RABACIE_WAL_DOKUMENTU></CENY><WALUTA><SYMBOL>PLN</SYMBOL><KURS_L>1.00</KURS_L><KURS_M>1</KURS_M></WALUTA><RABAT>5.00</RABAT><WARTOSC_NETTO>0.39</WARTOSC_NETTO><WARTOSC_BRUTTO>0.48</WARTOSC_BRUTTO><WARTOSC_NETTO_WAL>0.39</WARTOSC_NETTO_WAL><WARTOSC_BRUTTO_WAL>0.48</WARTOSC_BRUTTO_WAL><ILOSC>1.0000</ILOSC><JM>szt</JM><JM_CALKOWITE>0.00</JM_CALKOWITE><JM_ZLOZONA><JMZ>szt</JMZ><JM_PRZELICZNIK_L>1.00</JM_PRZELICZNIK_L><JM_PRZELICZNIK_M>1</JM_PRZELICZNIK_M></JM_ZLOZONA></POZYCJA><POZYCJA><LP>5</LP><TOWAR><KOD>142071</KOD><NAZWA>FOLIA ROLKA METAL 500/9Y</NAZWA><OPIS/><EAN/><SWW/><NUMER_KATALOGOWY/><MPP>0</MPP></TOWAR><STAWKA_VAT><STAWKA>23.00</STAWKA><FLAGA>2</FLAGA><ZRODLOWA>0.00</ZRODLOWA></STAWKA_VAT><CENY><CENAZCZTEREMAMIEJSCAMI>0</CENAZCZTEREMAMIEJSCAMI><POCZATKOWA_WAL_CENNIKA>16.8000</POCZATKOWA_WAL_CENNIKA><POCZATKOWA_WAL_DOKUMENTU>16.8000</POCZATKOWA_WAL_DOKUMENTU><PO_RABACIE_WAL_CENNIKA>15.9600</PO_RABACIE_WAL_CENNIKA><PO_RABACIE_PLN>15.9600</PO_RABACIE_PLN><PO_RABACIE_WAL_DOKUMENTU>15.9600</PO_RABACIE_WAL_DOKUMENTU></CENY><WALUTA><SYMBOL>PLN</SYMBOL><KURS_L>1.00</KURS_L><KURS_M>1</KURS_M></WALUTA><RABAT>5.00</RABAT><WARTOSC_NETTO>12.98</WARTOSC_NETTO><WARTOSC_BRUTTO>15.96</WARTOSC_BRUTTO><WARTOSC_NETTO_WAL>12.98</WARTOSC_NETTO_WAL><WARTOSC_BRUTTO_WAL>15.96</WARTOSC_BRUTTO_WAL><ILOSC>1.0000</ILOSC><JM>rol</JM><JM_CALKOWITE>0.00</JM_CALKOWITE><JM_ZLOZONA><JMZ>rol</JMZ><JM_PRZELICZNIK_L>1.00</JM_PRZELICZNIK_L><JM_PRZELICZNIK_M>1</JM_PRZELICZNIK_M></JM_ZLOZONA></POZYCJA><POZYCJA><LP>6</LP><TOWAR><KOD>141864</KOD><NAZWA>ROLKA KOLOROWA 50/70 MIX KOLORÓW</NAZWA><OPIS/><EAN>141864</EAN><SWW/><NUMER_KATALOGOWY/><MPP>0</MPP></TOWAR><STAWKA_VAT><STAWKA>23.00</STAWKA><FLAGA>2</FLAGA><ZRODLOWA>0.00</ZRODLOWA></STAWKA_VAT><CENY><CENAZCZTEREMAMIEJSCAMI>0</CENAZCZTEREMAMIEJSCAMI><POCZATKOWA_WAL_CENNIKA>18.2000</POCZATKOWA_WAL_CENNIKA><POCZATKOWA_WAL_DOKUMENTU>18.2000</POCZATKOWA_WAL_DOKUMENTU><PO_RABACIE_WAL_CENNIKA>17.2900</PO_RABACIE_WAL_CENNIKA><PO_RABACIE_PLN>17.2900</PO_RABACIE_PLN><PO_RABACIE_WAL_DOKUMENTU>17.2900</PO_RABACIE_WAL_DOKUMENTU></CENY><WALUTA><SYMBOL>PLN</SYMBOL><KURS_L>1.00</KURS_L><KURS_M>1</KURS_M></WALUTA><RABAT>5.00</RABAT><WARTOSC_NETTO>14.06</WARTOSC_NETTO><WARTOSC_BRUTTO>17.29</WARTOSC_BRUTTO><WARTOSC_NETTO_WAL>14.06</WARTOSC_NETTO_WAL><WARTOSC_BRUTTO_WAL>17.29</WARTOSC_BRUTTO_WAL><ILOSC>1.0000</ILOSC><JM>szt</JM><JM_CALKOWITE>0.00</JM_CALKOWITE><JM_ZLOZONA><JMZ>szt</JMZ><JM_PRZELICZNIK_L>1.00</JM_PRZELICZNIK_L><JM_PRZELICZNIK_M>1</JM_PRZELICZNIK_M></JM_ZLOZONA></POZYCJA><POZYCJA><LP>7</LP><TOWAR><KOD>507257</KOD><NAZWA>PIK DEKORACYJNY</NAZWA><OPIS/><EAN/><SWW/><NUMER_KATALOGOWY/><MPP>0</MPP></TOWAR><STAWKA_VAT><STAWKA>23.00</STAWKA><FLAGA>2</FLAGA><ZRODLOWA>0.00</ZRODLOWA></STAWKA_VAT><CENY><CENAZCZTEREMAMIEJSCAMI>0</CENAZCZTEREMAMIEJSCAMI><POCZATKOWA_WAL_CENNIKA>6.3000</POCZATKOWA_WAL_CENNIKA><POCZATKOWA_WAL_DOKUMENTU>6.3000</POCZATKOWA_WAL_DOKUMENTU><PO_RABACIE_WAL_CENNIKA>5.9900</PO_RABACIE_WAL_CENNIKA><PO_RABACIE_PLN>5.9900</PO_RABACIE_PLN><PO_RABACIE_WAL_DOKUMENTU>5.9900</PO_RABACIE_WAL_DOKUMENTU></CENY><WALUTA><SYMBOL>PLN</SYMBOL><KURS_L>1.00</KURS_L><KURS_M>1</KURS_M></WALUTA><RABAT>5.00</RABAT><WARTOSC_NETTO>4.87</WARTOSC_NETTO><WARTOSC_BRUTTO>5.99</WARTOSC_BRUTTO><WARTOSC_NETTO_WAL>4.87</WARTOSC_NETTO_WAL><WARTOSC_BRUTTO_WAL>5.99</WARTOSC_BRUTTO_WAL><ILOSC>1.0000</ILOSC><JM>op.</JM><JM_CALKOWITE>0.00</JM_CALKOWITE><JM_ZLOZONA><JMZ>op.</JMZ><JM_PRZELICZNIK_L>1.00</JM_PRZELICZNIK_L><JM_PRZELICZNIK_M>1</JM_PRZELICZNIK_M></JM_ZLOZONA></POZYCJA><POZYCJA><LP>8</LP><TOWAR><KOD>101533</KOD><NAZWA>SERWETA 40 MIX II</NAZWA><OPIS/><EAN>101533</EAN><SWW/><NUMER_KATALOGOWY/><MPP>0</MPP></TOWAR><STAWKA_VAT><STAWKA>23.00</STAWKA><FLAGA>2</FLAGA><ZRODLOWA>0.00</ZRODLOWA></STAWKA_VAT><CENY><CENAZCZTEREMAMIEJSCAMI>0</CENAZCZTEREMAMIEJSCAMI><POCZATKOWA_WAL_CENNIKA>0.4800</POCZATKOWA_WAL_CENNIKA><POCZATKOWA_WAL_DOKUMENTU>0.4800</POCZATKOWA_WAL_DOKUMENTU><PO_RABACIE_WAL_CENNIKA>0.4600</PO_RABACIE_WAL_CENNIKA><PO_RABACIE_PLN>0.4600</PO_RABACIE_PLN><PO_RABACIE_WAL_DOKUMENTU>0.4600</PO_RABACIE_WAL_DOKUMENTU></CENY><WALUTA><SYMBOL>PLN</SYMBOL><KURS_L>1.00</KURS_L><KURS_M>1</KURS_M></WALUTA><RABAT>5.00</RABAT><WARTOSC_NETTO>18.70</WARTOSC_NETTO><WARTOSC_BRUTTO>23.00</WARTOSC_BRUTTO><WARTOSC_NETTO_WAL>18.70</WARTOSC_NETTO_WAL><WARTOSC_BRUTTO_WAL>23.00</WARTOSC_BRUTTO_WAL><ILOSC>50.0000</ILOSC><JM>szt.</JM><JM_CALKOWITE>0.00</JM_CALKOWITE><JM_ZLOZONA><JMZ>szt.</JMZ><JM_PRZELICZNIK_L>1.00</JM_PRZELICZNIK_L><JM_PRZELICZNIK_M>1</JM_PRZELICZNIK_M></JM_ZLOZONA></POZYCJA></POZYCJE><KAUCJE/><PLATNOSCI><PLATNOSC><FORMA>gotówka</FORMA><TERMIN>2023-01-21</TERMIN><KWOTA>140.50</KWOTA><KWOTA_W_WAL_SYSTEMOWEJ>140.50</KWOTA_W_WAL_SYSTEMOWEJ><WALUTA><SYMBOL/><KURS_L>1.00</KURS_L><KURS_M>1</KURS_M></WALUTA></PLATNOSC></PLATNOSCI><PLATNOSCI_KAUCJE/><TABELKA_VAT><LINIA_VAT><STAWKA_VAT><STAWKA>8.00</STAWKA><FLAGA>2</FLAGA><ZRODLOWA>0.00</ZRODLOWA></STAWKA_VAT><NETTO>72.02</NETTO><VAT>5.76</VAT><BRUTTO>77.78</BRUTTO><NETTO_WAL>72.02</NETTO_WAL><VAT_WAL>5.76</VAT_WAL><BRUTTO_WAL>77.78</BRUTTO_WAL></LINIA_VAT><LINIA_VAT><STAWKA_VAT><STAWKA>23.00</STAWKA><FLAGA>2</FLAGA><ZRODLOWA>0.00</ZRODLOWA></STAWKA_VAT><NETTO>50.99</NETTO><VAT>11.73</VAT><BRUTTO>62.72</BRUTTO><NETTO_WAL>50.99</NETTO_WAL><VAT_WAL>11.73</VAT_WAL><BRUTTO_WAL>62.72</BRUTTO_WAL></LINIA_VAT></TABELKA_VAT><ATRYBUTY/></DOKUMENT></ROOT>
