<?xml version="1.0" encoding="UTF-8"?>
<ROOT xmlns="http://www.cdn.com.pl/optima/dokument"><DOKUMENT><NAGLOWEK><GENERATOR>Comarch Opt!ma</GENERATOR><TYP_DOKUMENTU>302</TYP_DOKUMENTU><RODZAJ_DOKUMENTU>302004</RODZAJ_DOKUMENTU><FV_MARZA>0</FV_MARZA><FV_MARZA_RODZAJ>0</FV_MARZA_RODZAJ><NUMER_PELNY>FA/488/2023</NUMER_PELNY><DATA_DOKUMENTU>2023-01-24</DATA_DOKUMENTU><DATA_WYSTAWIENIA>2023-01-24</DATA_WYSTAWIENIA><DATA_OPERACJI>2023-01-24</DATA_OPERACJI><TERMIN_ZWROTU_KAUCJI>2023-03-25</TERMIN_ZWROTU_KAUCJI><KOREKTA>0</KOREKTA><DETAL>0</DETAL><TYP_NETTO_BRUTTO>2</TYP_NETTO_BRUTTO><RABAT>4.93</RABAT><OPIS>Dok.: FA/488/2023 (Faktura sprzedaży z wygenerowanym WZ)</OPIS><PLATNIK><KOD>JAŚMIN WARSZAWSKA</KOD><NIP_KRAJ>PL</NIP_KRAJ><NIP>9662000104</NIP><GLN/><NAZWA>KWIACIARNIA,,JAŚMIN''S.C. KATARZYNA OLĘDZKA ROBERT OLĘDZKI</NAZWA><MPP>0</MPP><ADRES><KOD_POCZTOWY>15-062</KOD_POCZTOWY><MIASTO>BIAŁYSTOK</MIASTO><ULICA>ul.WARSZAWSKA  44</ULICA><KRAJ>Polska</KRAJ></ADRES></PLATNIK><ODBIORCA><KOD>JAŚMIN WARSZAWSKA</KOD><NIP_KRAJ>PL</NIP_KRAJ><NIP>9662000104</NIP><GLN/><NAZWA>KWIACIARNIA,,JAŚMIN''S.C. KATARZYNA OLĘDZKA ROBERT OLĘDZKI</NAZWA><ADRES><KOD_POCZTOWY>15-062</KOD_POCZTOWY><MIASTO>BIAŁYSTOK</MIASTO><ULICA>ul.WARSZAWSKA  44</ULICA><KRAJ>Polska</KRAJ></ADRES></ODBIORCA><SPRZEDAWCA><NIP_KRAJ>PL</NIP_KRAJ><NIP>546-000-03-17</NIP><GLN>0000000000000</GLN><NAZWA>P.H.U. "KROKUS" HURTOWNIA KWIATÓW LESZEK WOŁKOWICZ</NAZWA><ADRES><KOD_POCZTOWY>15-257</KOD_POCZTOWY><MIASTO>BIAŁYSTOK</MIASTO><ULICA>ul. A. MICKIEWICZA 95</ULICA><KRAJ>Polska</KRAJ></ADRES><NUMER_KONTA_BANKOWEGO>22-12405211-1111000049289196</NUMER_KONTA_BANKOWEGO><NAZWA_BANKU>BANK PEKAO SA</NAZWA_BANKU></SPRZEDAWCA><KATEGORIA><KOD/><OPIS/></KATEGORIA><PLATNOSC><FORMA>przelew</FORMA><TERMIN>2023-02-07</TERMIN><MPP>0</MPP></PLATNOSC><WALUTA><SYMBOL>PLN</SYMBOL><KURS_L>1.00</KURS_L><KURS_M>1</KURS_M><PLAT_WAL_OD_PLN>0</PLAT_WAL_OD_PLN><KURS_NUMER>3</KURS_NUMER><KURS_DATA>2023-01-24</KURS_DATA></WALUTA><KWOTY><RAZEM_NETTO_WAL>135.95</RAZEM_NETTO_WAL><RAZEM_NETTO>135.95</RAZEM_NETTO><RAZEM_BRUTTO>167.22</RAZEM_BRUTTO><RAZEM_VAT>31.27</RAZEM_VAT></KWOTY><MAGAZYN_ZRODLOWY>MAGAZYN</MAGAZYN_ZRODLOWY><MAGAZYN_DOCELOWY/><KAUCJE_PLATNOSCI>0</KAUCJE_PLATNOSCI><BLOKADA_PLATNOSCI>0</BLOKADA_PLATNOSCI><VAT_DLA_DOK_WAL>0</VAT_DLA_DOK_WAL><TRYB_NETTO_VAT>0</TRYB_NETTO_VAT><STATUS_PLATNIKA>0</STATUS_PLATNIKA><ROZLICZAM_PODATEK_W_OSS>0</ROZLICZAM_PODATEK_W_OSS></NAGLOWEK><POZYCJE><POZYCJA><LP>1</LP><TOWAR><KOD>401006</KOD><NAZWA>GĄBKA NORMAL - MOKRA - 23cm x 11cm x 7cm</NAZWA><OPIS/><EAN>5906031123051</EAN><SWW/><NUMER_KATALOGOWY/><MPP>0</MPP></TOWAR><STAWKA_VAT><STAWKA>23.00</STAWKA><FLAGA>2</FLAGA><ZRODLOWA>0.00</ZRODLOWA></STAWKA_VAT><CENY><CENAZCZTEREMAMIEJSCAMI>0</CENAZCZTEREMAMIEJSCAMI><POCZATKOWA_WAL_CENNIKA>2.3000</POCZATKOWA_WAL_CENNIKA><POCZATKOWA_WAL_DOKUMENTU>2.3000</POCZATKOWA_WAL_DOKUMENTU><PO_RABACIE_WAL_CENNIKA>2.1900</PO_RABACIE_WAL_CENNIKA><PO_RABACIE_PLN>2.1900</PO_RABACIE_PLN><PO_RABACIE_WAL_DOKUMENTU>2.1900</PO_RABACIE_WAL_DOKUMENTU></CENY><WALUTA><SYMBOL>PLN</SYMBOL><KURS_L>1.00</KURS_L><KURS_M>1</KURS_M></WALUTA><RABAT>5.00</RABAT><WARTOSC_NETTO>35.61</WARTOSC_NETTO><WARTOSC_BRUTTO>43.80</WARTOSC_BRUTTO><WARTOSC_NETTO_WAL>35.61</WARTOSC_NETTO_WAL><WARTOSC_BRUTTO_WAL>43.80</WARTOSC_BRUTTO_WAL><ILOSC>20.0000</ILOSC><JM>szt</JM><JM_CALKOWITE>0.00</JM_CALKOWITE><JM_ZLOZONA><JMZ>szt</JMZ><JM_PRZELICZNIK_L>1.00</JM_PRZELICZNIK_L><JM_PRZELICZNIK_M>1</JM_PRZELICZNIK_M></JM_ZLOZONA></POZYCJA><POZYCJA><LP>2</LP><TOWAR><KOD>401099</KOD><NAZWA>TAŚMA MASKUJĄCA ZIELONA - 25mm x 30m</NAZWA><OPIS/><EAN>401099</EAN><SWW/><NUMER_KATALOGOWY/><MPP>0</MPP></TOWAR><STAWKA_VAT><STAWKA>23.00</STAWKA><FLAGA>2</FLAGA><ZRODLOWA>0.00</ZRODLOWA></STAWKA_VAT><CENY><CENAZCZTEREMAMIEJSCAMI>0</CENAZCZTEREMAMIEJSCAMI><POCZATKOWA_WAL_CENNIKA>8.7000</POCZATKOWA_WAL_CENNIKA><POCZATKOWA_WAL_DOKUMENTU>8.7000</POCZATKOWA_WAL_DOKUMENTU><PO_RABACIE_WAL_CENNIKA>8.2700</PO_RABACIE_WAL_CENNIKA><PO_RABACIE_PLN>8.2700</PO_RABACIE_PLN><PO_RABACIE_WAL_DOKUMENTU>8.2700</PO_RABACIE_WAL_DOKUMENTU></CENY><WALUTA><SYMBOL>PLN</SYMBOL><KURS_L>1.00</KURS_L><KURS_M>1</KURS_M></WALUTA><RABAT>5.00</RABAT><WARTOSC_NETTO>6.72</WARTOSC_NETTO><WARTOSC_BRUTTO>8.27</WARTOSC_BRUTTO><WARTOSC_NETTO_WAL>6.72</WARTOSC_NETTO_WAL><WARTOSC_BRUTTO_WAL>8.27</WARTOSC_BRUTTO_WAL><ILOSC>1.0000</ILOSC><JM>szt</JM><JM_CALKOWITE>0.00</JM_CALKOWITE><JM_ZLOZONA><JMZ>szt</JMZ><JM_PRZELICZNIK_L>1.00</JM_PRZELICZNIK_L><JM_PRZELICZNIK_M>1</JM_PRZELICZNIK_M></JM_ZLOZONA></POZYCJA><POZYCJA><LP>3</LP><TOWAR><KOD>708452</KOD><NAZWA>TAŚMA OZDOBNA OLIWKA 3/100</NAZWA><OPIS/><EAN>5901215047918</EAN><SWW/><NUMER_KATALOGOWY/><MPP>0</MPP></TOWAR><STAWKA_VAT><STAWKA>23.00</STAWKA><FLAGA>2</FLAGA><ZRODLOWA>0.00</ZRODLOWA></STAWKA_VAT><CENY><CENAZCZTEREMAMIEJSCAMI>0</CENAZCZTEREMAMIEJSCAMI><POCZATKOWA_WAL_CENNIKA>10.8000</POCZATKOWA_WAL_CENNIKA><POCZATKOWA_WAL_DOKUMENTU>10.8000</POCZATKOWA_WAL_DOKUMENTU><PO_RABACIE_WAL_CENNIKA>10.2600</PO_RABACIE_WAL_CENNIKA><PO_RABACIE_PLN>10.2600</PO_RABACIE_PLN><PO_RABACIE_WAL_DOKUMENTU>10.2600</PO_RABACIE_WAL_DOKUMENTU></CENY><WALUTA><SYMBOL>PLN</SYMBOL><KURS_L>1.00</KURS_L><KURS_M>1</KURS_M></WALUTA><RABAT>5.00</RABAT><WARTOSC_NETTO>16.68</WARTOSC_NETTO><WARTOSC_BRUTTO>20.52</WARTOSC_BRUTTO><WARTOSC_NETTO_WAL>16.68</WARTOSC_NETTO_WAL><WARTOSC_BRUTTO_WAL>20.52</WARTOSC_BRUTTO_WAL><ILOSC>2.0000</ILOSC><JM>szt</JM><JM_CALKOWITE>0.00</JM_CALKOWITE><JM_ZLOZONA><JMZ>szt</JMZ><JM_PRZELICZNIK_L>1.00</JM_PRZELICZNIK_L><JM_PRZELICZNIK_M>1</JM_PRZELICZNIK_M></JM_ZLOZONA></POZYCJA><POZYCJA><LP>4</LP><TOWAR><KOD>402053</KOD><NAZWA>NABŁYSZCZACZ DO KWIATÓW</NAZWA><OPIS/><EAN>5907691079993</EAN><SWW/><NUMER_KATALOGOWY/><MPP>0</MPP></TOWAR><STAWKA_VAT><STAWKA>23.00</STAWKA><FLAGA>2</FLAGA><ZRODLOWA>0.00</ZRODLOWA></STAWKA_VAT><CENY><CENAZCZTEREMAMIEJSCAMI>0</CENAZCZTEREMAMIEJSCAMI><POCZATKOWA_WAL_CENNIKA>21.9000</POCZATKOWA_WAL_CENNIKA><POCZATKOWA_WAL_DOKUMENTU>21.9000</POCZATKOWA_WAL_DOKUMENTU><PO_RABACIE_WAL_CENNIKA>20.8100</PO_RABACIE_WAL_CENNIKA><PO_RABACIE_PLN>20.8100</PO_RABACIE_PLN><PO_RABACIE_WAL_DOKUMENTU>20.8100</PO_RABACIE_WAL_DOKUMENTU></CENY><WALUTA><SYMBOL>PLN</SYMBOL><KURS_L>1.00</KURS_L><KURS_M>1</KURS_M></WALUTA><RABAT>5.00</RABAT><WARTOSC_NETTO>33.84</WARTOSC_NETTO><WARTOSC_BRUTTO>41.62</WARTOSC_BRUTTO><WARTOSC_NETTO_WAL>33.84</WARTOSC_NETTO_WAL><WARTOSC_BRUTTO_WAL>41.62</WARTOSC_BRUTTO_WAL><ILOSC>2.0000</ILOSC><JM>szt</JM><JM_CALKOWITE>0.00</JM_CALKOWITE><JM_ZLOZONA><JMZ>szt</JMZ><JM_PRZELICZNIK_L>1.00</JM_PRZELICZNIK_L><JM_PRZELICZNIK_M>1</JM_PRZELICZNIK_M></JM_ZLOZONA></POZYCJA><POZYCJA><LP>5</LP><TOWAR><KOD>664781</KOD><NAZWA>PUDEŁKO Z WKŁADKĄ PVC BSJ3868/WH</NAZWA><OPIS/><EAN>5902811273992</EAN><SWW/><NUMER_KATALOGOWY/><MPP>0</MPP></TOWAR><STAWKA_VAT><STAWKA>23.00</STAWKA><FLAGA>2</FLAGA><ZRODLOWA>0.00</ZRODLOWA></STAWKA_VAT><CENY><CENAZCZTEREMAMIEJSCAMI>0</CENAZCZTEREMAMIEJSCAMI><POCZATKOWA_WAL_CENNIKA>18.6000</POCZATKOWA_WAL_CENNIKA><POCZATKOWA_WAL_DOKUMENTU>18.6000</POCZATKOWA_WAL_DOKUMENTU><PO_RABACIE_WAL_CENNIKA>17.6700</PO_RABACIE_WAL_CENNIKA><PO_RABACIE_PLN>17.6700</PO_RABACIE_PLN><PO_RABACIE_WAL_DOKUMENTU>17.6700</PO_RABACIE_WAL_DOKUMENTU></CENY><WALUTA><SYMBOL>PLN</SYMBOL><KURS_L>1.00</KURS_L><KURS_M>1</KURS_M></WALUTA><RABAT>5.00</RABAT><WARTOSC_NETTO>43.10</WARTOSC_NETTO><WARTOSC_BRUTTO>53.01</WARTOSC_BRUTTO><WARTOSC_NETTO_WAL>43.10</WARTOSC_NETTO_WAL><WARTOSC_BRUTTO_WAL>53.01</WARTOSC_BRUTTO_WAL><ILOSC>3.0000</ILOSC><JM>szt</JM><JM_CALKOWITE>0.00</JM_CALKOWITE><JM_ZLOZONA><JMZ>szt</JMZ><JM_PRZELICZNIK_L>1.00</JM_PRZELICZNIK_L><JM_PRZELICZNIK_M>1</JM_PRZELICZNIK_M></JM_ZLOZONA></POZYCJA></POZYCJE><KAUCJE/><PLATNOSCI><PLATNOSC><FORMA>przelew</FORMA><TERMIN>2023-02-07</TERMIN><KWOTA>167.22</KWOTA><KWOTA_W_WAL_SYSTEMOWEJ>167.22</KWOTA_W_WAL_SYSTEMOWEJ><WALUTA><SYMBOL/><KURS_L>1.00</KURS_L><KURS_M>1</KURS_M></WALUTA></PLATNOSC></PLATNOSCI><PLATNOSCI_KAUCJE/><TABELKA_VAT><LINIA_VAT><STAWKA_VAT><STAWKA>23.00</STAWKA><FLAGA>2</FLAGA><ZRODLOWA>0.00</ZRODLOWA></STAWKA_VAT><NETTO>135.95</NETTO><VAT>31.27</VAT><BRUTTO>167.22</BRUTTO><NETTO_WAL>135.95</NETTO_WAL><VAT_WAL>31.27</VAT_WAL><BRUTTO_WAL>167.22</BRUTTO_WAL></LINIA_VAT></TABELKA_VAT><ATRYBUTY/></DOKUMENT></ROOT>
