<?xml version="1.0" encoding="UTF-8"?>
<ROOT xmlns="http://www.cdn.com.pl/optima/dokument"><DOKUMENT><NAGLOWEK><GENERATOR>Comarch Opt!ma</GENERATOR><TYP_DOKUMENTU>302</TYP_DOKUMENTU><RODZAJ_DOKUMENTU>302004</RODZAJ_DOKUMENTU><FV_MARZA>0</FV_MARZA><FV_MARZA_RODZAJ>0</FV_MARZA_RODZAJ><NUMER_PELNY>FA/430/2023</NUMER_PELNY><DATA_DOKUMENTU>2023-01-20</DATA_DOKUMENTU><DATA_WYSTAWIENIA>2023-01-20</DATA_WYSTAWIENIA><DATA_OPERACJI>2023-01-20</DATA_OPERACJI><TERMIN_ZWROTU_KAUCJI>2023-03-21</TERMIN_ZWROTU_KAUCJI><KOREKTA>0</KOREKTA><DETAL>0</DETAL><TYP_NETTO_BRUTTO>2</TYP_NETTO_BRUTTO><RABAT>10.00</RABAT><OPIS>Dok.: FA/430/2023 (Faktura sprzedaży z wygenerowanym WZ)</OPIS><PLATNIK><KOD>BOGALA ŚWIAT ROŚLIN</KOD><NIP_KRAJ/><NIP>8461669337</NIP><GLN/><NAZWA>P.H.U. ŚWIAT ROŚLIN Marcin Bogala</NAZWA><MPP>0</MPP><ADRES><KOD_POCZTOWY>16-300</KOD_POCZTOWY><MIASTO>Augustów</MIASTO><ULICA>ul. Wypusty 70lok.5</ULICA><KRAJ>Polska</KRAJ></ADRES></PLATNIK><ODBIORCA><KOD>BOGALA ŚWIAT ROŚLIN</KOD><NIP_KRAJ/><NIP>8461669337</NIP><GLN/><NAZWA>P.H.U. ŚWIAT ROŚLIN Marcin Bogala</NAZWA><ADRES><KOD_POCZTOWY>16-300</KOD_POCZTOWY><MIASTO>Augustów</MIASTO><ULICA>ul. Wypusty 70lok.5</ULICA><KRAJ>Polska</KRAJ></ADRES></ODBIORCA><SPRZEDAWCA><NIP_KRAJ>PL</NIP_KRAJ><NIP>546-000-03-17</NIP><GLN>0000000000000</GLN><NAZWA>P.H.U. "KROKUS" HURTOWNIA KWIATÓW LESZEK WOŁKOWICZ</NAZWA><ADRES><KOD_POCZTOWY>15-257</KOD_POCZTOWY><MIASTO>BIAŁYSTOK</MIASTO><ULICA>ul. A. MICKIEWICZA 95</ULICA><KRAJ>Polska</KRAJ></ADRES><NUMER_KONTA_BANKOWEGO/><NAZWA_BANKU/></SPRZEDAWCA><KATEGORIA><KOD/><OPIS/></KATEGORIA><PLATNOSC><FORMA>gotówka</FORMA><TERMIN>2023-01-20</TERMIN><MPP>0</MPP></PLATNOSC><WALUTA><SYMBOL>PLN</SYMBOL><KURS_L>1.00</KURS_L><KURS_M>1</KURS_M><PLAT_WAL_OD_PLN>0</PLAT_WAL_OD_PLN><KURS_NUMER>3</KURS_NUMER><KURS_DATA>2023-01-20</KURS_DATA></WALUTA><KWOTY><RAZEM_NETTO_WAL>1488.00</RAZEM_NETTO_WAL><RAZEM_NETTO>1488.00</RAZEM_NETTO><RAZEM_BRUTTO>1607.04</RAZEM_BRUTTO><RAZEM_VAT>119.04</RAZEM_VAT></KWOTY><MAGAZYN_ZRODLOWY>MAGAZYN</MAGAZYN_ZRODLOWY><MAGAZYN_DOCELOWY/><KAUCJE_PLATNOSCI>0</KAUCJE_PLATNOSCI><BLOKADA_PLATNOSCI>0</BLOKADA_PLATNOSCI><VAT_DLA_DOK_WAL>0</VAT_DLA_DOK_WAL><TRYB_NETTO_VAT>0</TRYB_NETTO_VAT><STATUS_PLATNIKA>0</STATUS_PLATNIKA><ROZLICZAM_PODATEK_W_OSS>0</ROZLICZAM_PODATEK_W_OSS></NAGLOWEK><POZYCJE><POZYCJA><LP>1</LP><TOWAR><KOD>1000145</KOD><NAZWA>SUCCULENT</NAZWA><OPIS/><EAN/><SWW/><NUMER_KATALOGOWY/><MPP>0</MPP></TOWAR><STAWKA_VAT><STAWKA>8.00</STAWKA><FLAGA>2</FLAGA><ZRODLOWA>0.00</ZRODLOWA></STAWKA_VAT><CENY><CENAZCZTEREMAMIEJSCAMI>0</CENAZCZTEREMAMIEJSCAMI><POCZATKOWA_WAL_CENNIKA>5.9000</POCZATKOWA_WAL_CENNIKA><POCZATKOWA_WAL_DOKUMENTU>5.9000</POCZATKOWA_WAL_DOKUMENTU><PO_RABACIE_WAL_CENNIKA>5.3100</PO_RABACIE_WAL_CENNIKA><PO_RABACIE_PLN>5.3100</PO_RABACIE_PLN><PO_RABACIE_WAL_DOKUMENTU>5.3100</PO_RABACIE_WAL_DOKUMENTU></CENY><WALUTA><SYMBOL>PLN</SYMBOL><KURS_L>1.00</KURS_L><KURS_M>1</KURS_M></WALUTA><RABAT>10.00</RABAT><WARTOSC_NETTO>590.00</WARTOSC_NETTO><WARTOSC_BRUTTO>637.20</WARTOSC_BRUTTO><WARTOSC_NETTO_WAL>590.00</WARTOSC_NETTO_WAL><WARTOSC_BRUTTO_WAL>637.20</WARTOSC_BRUTTO_WAL><ILOSC>120.0000</ILOSC><JM>szt.</JM><JM_CALKOWITE>0.00</JM_CALKOWITE><JM_ZLOZONA><JMZ>szt.</JMZ><JM_PRZELICZNIK_L>1.00</JM_PRZELICZNIK_L><JM_PRZELICZNIK_M>1</JM_PRZELICZNIK_M></JM_ZLOZONA></POZYCJA><POZYCJA><LP>2</LP><TOWAR><KOD>1000100</KOD><NAZWA>ZAMIOKULKAS</NAZWA><OPIS/><EAN/><SWW/><NUMER_KATALOGOWY/><MPP>0</MPP></TOWAR><STAWKA_VAT><STAWKA>8.00</STAWKA><FLAGA>2</FLAGA><ZRODLOWA>0.00</ZRODLOWA></STAWKA_VAT><CENY><CENAZCZTEREMAMIEJSCAMI>0</CENAZCZTEREMAMIEJSCAMI><POCZATKOWA_WAL_CENNIKA>19.9000</POCZATKOWA_WAL_CENNIKA><POCZATKOWA_WAL_DOKUMENTU>19.9000</POCZATKOWA_WAL_DOKUMENTU><PO_RABACIE_WAL_CENNIKA>17.9100</PO_RABACIE_WAL_CENNIKA><PO_RABACIE_PLN>17.9100</PO_RABACIE_PLN><PO_RABACIE_WAL_DOKUMENTU>17.9100</PO_RABACIE_WAL_DOKUMENTU></CENY><WALUTA><SYMBOL>PLN</SYMBOL><KURS_L>1.00</KURS_L><KURS_M>1</KURS_M></WALUTA><RABAT>10.00</RABAT><WARTOSC_NETTO>497.50</WARTOSC_NETTO><WARTOSC_BRUTTO>537.30</WARTOSC_BRUTTO><WARTOSC_NETTO_WAL>497.50</WARTOSC_NETTO_WAL><WARTOSC_BRUTTO_WAL>537.30</WARTOSC_BRUTTO_WAL><ILOSC>30.0000</ILOSC><JM>szt</JM><JM_CALKOWITE>0.00</JM_CALKOWITE><JM_ZLOZONA><JMZ>szt</JMZ><JM_PRZELICZNIK_L>1.00</JM_PRZELICZNIK_L><JM_PRZELICZNIK_M>1</JM_PRZELICZNIK_M></JM_ZLOZONA></POZYCJA><POZYCJA><LP>3</LP><TOWAR><KOD>1000141</KOD><NAZWA>SPATHYFILIUM</NAZWA><OPIS/><EAN/><SWW/><NUMER_KATALOGOWY/><MPP>0</MPP></TOWAR><STAWKA_VAT><STAWKA>8.00</STAWKA><FLAGA>2</FLAGA><ZRODLOWA>0.00</ZRODLOWA></STAWKA_VAT><CENY><CENAZCZTEREMAMIEJSCAMI>0</CENAZCZTEREMAMIEJSCAMI><POCZATKOWA_WAL_CENNIKA>8.9000</POCZATKOWA_WAL_CENNIKA><POCZATKOWA_WAL_DOKUMENTU>8.9000</POCZATKOWA_WAL_DOKUMENTU><PO_RABACIE_WAL_CENNIKA>8.0100</PO_RABACIE_WAL_CENNIKA><PO_RABACIE_PLN>8.0100</PO_RABACIE_PLN><PO_RABACIE_WAL_DOKUMENTU>8.0100</PO_RABACIE_WAL_DOKUMENTU></CENY><WALUTA><SYMBOL>PLN</SYMBOL><KURS_L>1.00</KURS_L><KURS_M>1</KURS_M></WALUTA><RABAT>10.00</RABAT><WARTOSC_NETTO>400.50</WARTOSC_NETTO><WARTOSC_BRUTTO>432.54</WARTOSC_BRUTTO><WARTOSC_NETTO_WAL>400.50</WARTOSC_NETTO_WAL><WARTOSC_BRUTTO_WAL>432.54</WARTOSC_BRUTTO_WAL><ILOSC>54.0000</ILOSC><JM>szt.</JM><JM_CALKOWITE>0.00</JM_CALKOWITE><JM_ZLOZONA><JMZ>szt.</JMZ><JM_PRZELICZNIK_L>1.00</JM_PRZELICZNIK_L><JM_PRZELICZNIK_M>1</JM_PRZELICZNIK_M></JM_ZLOZONA></POZYCJA></POZYCJE><KAUCJE/><PLATNOSCI><PLATNOSC><FORMA>gotówka</FORMA><TERMIN>2023-01-20</TERMIN><KWOTA>1607.04</KWOTA><KWOTA_W_WAL_SYSTEMOWEJ>1607.04</KWOTA_W_WAL_SYSTEMOWEJ><WALUTA><SYMBOL/><KURS_L>1.00</KURS_L><KURS_M>1</KURS_M></WALUTA></PLATNOSC></PLATNOSCI><PLATNOSCI_KAUCJE/><TABELKA_VAT><LINIA_VAT><STAWKA_VAT><STAWKA>8.00</STAWKA><FLAGA>2</FLAGA><ZRODLOWA>0.00</ZRODLOWA></STAWKA_VAT><NETTO>1488.00</NETTO><VAT>119.04</VAT><BRUTTO>1607.04</BRUTTO><NETTO_WAL>1488.00</NETTO_WAL><VAT_WAL>119.04</VAT_WAL><BRUTTO_WAL>1607.04</BRUTTO_WAL></LINIA_VAT></TABELKA_VAT><ATRYBUTY/></DOKUMENT></ROOT>
