<?xml version="1.0" encoding="UTF-8"?>
<ROOT xmlns="http://www.cdn.com.pl/optima/dokument"><DOKUMENT><NAGLOWEK><GENERATOR>Comarch Opt!ma</GENERATOR><TYP_DOKUMENTU>302</TYP_DOKUMENTU><RODZAJ_DOKUMENTU>302004</RODZAJ_DOKUMENTU><FV_MARZA>0</FV_MARZA><FV_MARZA_RODZAJ>0</FV_MARZA_RODZAJ><NUMER_PELNY>FA/47/2023</NUMER_PELNY><DATA_DOKUMENTU>2023-01-04</DATA_DOKUMENTU><DATA_WYSTAWIENIA>2023-01-04</DATA_WYSTAWIENIA><DATA_OPERACJI>2023-01-04</DATA_OPERACJI><TERMIN_ZWROTU_KAUCJI>2023-03-05</TERMIN_ZWROTU_KAUCJI><KOREKTA>0</KOREKTA><DETAL>0</DETAL><TYP_NETTO_BRUTTO>2</TYP_NETTO_BRUTTO><RABAT>4.91</RABAT><OPIS>Dok.: FA/47/2023 (Faktura sprzedaży z wygenerowanym WZ)</OPIS><PLATNIK><KOD>U KASI</KOD><NIP_KRAJ/><NIP>5431005128</NIP><GLN/><NAZWA>Kwiaciarnia u Kasi Katarzyna Mojsik</NAZWA><MPP>0</MPP><ADRES><KOD_POCZTOWY>17-100</KOD_POCZTOWY><MIASTO>Bielsk Podlaski</MIASTO><ULICA>ul. 3 Maja 12a</ULICA><KRAJ>Polska</KRAJ></ADRES></PLATNIK><ODBIORCA><KOD>U KASI</KOD><NIP_KRAJ/><NIP>5431005128</NIP><GLN/><NAZWA>Kwiaciarnia u Kasi Katarzyna Mojsik</NAZWA><ADRES><KOD_POCZTOWY>17-100</KOD_POCZTOWY><MIASTO>Bielsk Podlaski</MIASTO><ULICA>ul. 3 Maja 12a</ULICA><KRAJ>Polska</KRAJ></ADRES></ODBIORCA><SPRZEDAWCA><NIP_KRAJ>PL</NIP_KRAJ><NIP>546-000-03-17</NIP><GLN>0000000000000</GLN><NAZWA>P.H.U. "KROKUS" HURTOWNIA KWIATÓW LESZEK WOŁKOWICZ</NAZWA><ADRES><KOD_POCZTOWY>15-257</KOD_POCZTOWY><MIASTO>BIAŁYSTOK</MIASTO><ULICA>ul. A. MICKIEWICZA 95</ULICA><KRAJ>Polska</KRAJ></ADRES><NUMER_KONTA_BANKOWEGO>22-12405211-1111000049289196</NUMER_KONTA_BANKOWEGO><NAZWA_BANKU>BANK PEKAO SA</NAZWA_BANKU></SPRZEDAWCA><KATEGORIA><KOD/><OPIS/></KATEGORIA><PLATNOSC><FORMA>przelew</FORMA><TERMIN>2023-01-18</TERMIN><MPP>0</MPP></PLATNOSC><WALUTA><SYMBOL>PLN</SYMBOL><KURS_L>1.00</KURS_L><KURS_M>1</KURS_M><PLAT_WAL_OD_PLN>0</PLAT_WAL_OD_PLN><KURS_NUMER>3</KURS_NUMER><KURS_DATA>2023-01-04</KURS_DATA></WALUTA><KWOTY><RAZEM_NETTO_WAL>1288.45</RAZEM_NETTO_WAL><RAZEM_NETTO>1288.45</RAZEM_NETTO><RAZEM_BRUTTO>1524.48</RAZEM_BRUTTO><RAZEM_VAT>236.03</RAZEM_VAT></KWOTY><MAGAZYN_ZRODLOWY>MAGAZYN</MAGAZYN_ZRODLOWY><MAGAZYN_DOCELOWY/><KAUCJE_PLATNOSCI>0</KAUCJE_PLATNOSCI><BLOKADA_PLATNOSCI>0</BLOKADA_PLATNOSCI><VAT_DLA_DOK_WAL>0</VAT_DLA_DOK_WAL><TRYB_NETTO_VAT>0</TRYB_NETTO_VAT><STATUS_PLATNIKA>0</STATUS_PLATNIKA><ROZLICZAM_PODATEK_W_OSS>0</ROZLICZAM_PODATEK_W_OSS></NAGLOWEK><POZYCJE><POZYCJA><LP>1</LP><TOWAR><KOD>602071</KOD><NAZWA>ZESTAW 2 KUBKÓW</NAZWA><OPIS/><EAN>5907511304618</EAN><SWW/><NUMER_KATALOGOWY/><MPP>0</MPP></TOWAR><STAWKA_VAT><STAWKA>23.00</STAWKA><FLAGA>2</FLAGA><ZRODLOWA>0.00</ZRODLOWA></STAWKA_VAT><CENY><CENAZCZTEREMAMIEJSCAMI>0</CENAZCZTEREMAMIEJSCAMI><POCZATKOWA_WAL_CENNIKA>36.4000</POCZATKOWA_WAL_CENNIKA><POCZATKOWA_WAL_DOKUMENTU>36.4000</POCZATKOWA_WAL_DOKUMENTU><PO_RABACIE_WAL_CENNIKA>34.5800</PO_RABACIE_WAL_CENNIKA><PO_RABACIE_PLN>34.5800</PO_RABACIE_PLN><PO_RABACIE_WAL_DOKUMENTU>34.5800</PO_RABACIE_WAL_DOKUMENTU></CENY><WALUTA><SYMBOL>PLN</SYMBOL><KURS_L>1.00</KURS_L><KURS_M>1</KURS_M></WALUTA><RABAT>5.00</RABAT><WARTOSC_NETTO>28.11</WARTOSC_NETTO><WARTOSC_BRUTTO>34.58</WARTOSC_BRUTTO><WARTOSC_NETTO_WAL>28.11</WARTOSC_NETTO_WAL><WARTOSC_BRUTTO_WAL>34.58</WARTOSC_BRUTTO_WAL><ILOSC>1.0000</ILOSC><JM>szt</JM><JM_CALKOWITE>0.00</JM_CALKOWITE><JM_ZLOZONA><JMZ>szt</JMZ><JM_PRZELICZNIK_L>1.00</JM_PRZELICZNIK_L><JM_PRZELICZNIK_M>1</JM_PRZELICZNIK_M></JM_ZLOZONA></POZYCJA><POZYCJA><LP>2</LP><TOWAR><KOD>619071</KOD><NAZWA>FILIŻANKA ZE SPODKIEM CR2-27</NAZWA><OPIS/><EAN>5907587752764</EAN><SWW/><NUMER_KATALOGOWY/><MPP>0</MPP></TOWAR><STAWKA_VAT><STAWKA>23.00</STAWKA><FLAGA>2</FLAGA><ZRODLOWA>0.00</ZRODLOWA></STAWKA_VAT><CENY><CENAZCZTEREMAMIEJSCAMI>0</CENAZCZTEREMAMIEJSCAMI><POCZATKOWA_WAL_CENNIKA>38.4000</POCZATKOWA_WAL_CENNIKA><POCZATKOWA_WAL_DOKUMENTU>38.4000</POCZATKOWA_WAL_DOKUMENTU><PO_RABACIE_WAL_CENNIKA>36.4800</PO_RABACIE_WAL_CENNIKA><PO_RABACIE_PLN>36.4800</PO_RABACIE_PLN><PO_RABACIE_WAL_DOKUMENTU>36.4800</PO_RABACIE_WAL_DOKUMENTU></CENY><WALUTA><SYMBOL>PLN</SYMBOL><KURS_L>1.00</KURS_L><KURS_M>1</KURS_M></WALUTA><RABAT>5.00</RABAT><WARTOSC_NETTO>29.66</WARTOSC_NETTO><WARTOSC_BRUTTO>36.48</WARTOSC_BRUTTO><WARTOSC_NETTO_WAL>29.66</WARTOSC_NETTO_WAL><WARTOSC_BRUTTO_WAL>36.48</WARTOSC_BRUTTO_WAL><ILOSC>1.0000</ILOSC><JM>KPL</JM><JM_CALKOWITE>0.00</JM_CALKOWITE><JM_ZLOZONA><JMZ>KPL</JMZ><JM_PRZELICZNIK_L>1.00</JM_PRZELICZNIK_L><JM_PRZELICZNIK_M>1</JM_PRZELICZNIK_M></JM_ZLOZONA></POZYCJA><POZYCJA><LP>3</LP><TOWAR><KOD>620948</KOD><NAZWA>FILIŻANKA ZE SPODKIEM CR2-41</NAZWA><OPIS/><EAN>5907587753990</EAN><SWW/><NUMER_KATALOGOWY/><MPP>0</MPP></TOWAR><STAWKA_VAT><STAWKA>23.00</STAWKA><FLAGA>2</FLAGA><ZRODLOWA>0.00</ZRODLOWA></STAWKA_VAT><CENY><CENAZCZTEREMAMIEJSCAMI>0</CENAZCZTEREMAMIEJSCAMI><POCZATKOWA_WAL_CENNIKA>41.9000</POCZATKOWA_WAL_CENNIKA><POCZATKOWA_WAL_DOKUMENTU>41.9000</POCZATKOWA_WAL_DOKUMENTU><PO_RABACIE_WAL_CENNIKA>39.8100</PO_RABACIE_WAL_CENNIKA><PO_RABACIE_PLN>39.8100</PO_RABACIE_PLN><PO_RABACIE_WAL_DOKUMENTU>39.8100</PO_RABACIE_WAL_DOKUMENTU></CENY><WALUTA><SYMBOL>PLN</SYMBOL><KURS_L>1.00</KURS_L><KURS_M>1</KURS_M></WALUTA><RABAT>5.00</RABAT><WARTOSC_NETTO>32.37</WARTOSC_NETTO><WARTOSC_BRUTTO>39.81</WARTOSC_BRUTTO><WARTOSC_NETTO_WAL>32.37</WARTOSC_NETTO_WAL><WARTOSC_BRUTTO_WAL>39.81</WARTOSC_BRUTTO_WAL><ILOSC>1.0000</ILOSC><JM>KPL</JM><JM_CALKOWITE>0.00</JM_CALKOWITE><JM_ZLOZONA><JMZ>KPL</JMZ><JM_PRZELICZNIK_L>1.00</JM_PRZELICZNIK_L><JM_PRZELICZNIK_M>1</JM_PRZELICZNIK_M></JM_ZLOZONA></POZYCJA><POZYCJA><LP>4</LP><TOWAR><KOD>664068</KOD><NAZWA>FILIŻANKA ZE SPODKIEM CR2-65</NAZWA><OPIS/><EAN>5907587757011</EAN><SWW/><NUMER_KATALOGOWY/><MPP>0</MPP></TOWAR><STAWKA_VAT><STAWKA>23.00</STAWKA><FLAGA>2</FLAGA><ZRODLOWA>0.00</ZRODLOWA></STAWKA_VAT><CENY><CENAZCZTEREMAMIEJSCAMI>0</CENAZCZTEREMAMIEJSCAMI><POCZATKOWA_WAL_CENNIKA>33.6000</POCZATKOWA_WAL_CENNIKA><POCZATKOWA_WAL_DOKUMENTU>33.6000</POCZATKOWA_WAL_DOKUMENTU><PO_RABACIE_WAL_CENNIKA>31.9200</PO_RABACIE_WAL_CENNIKA><PO_RABACIE_PLN>31.9200</PO_RABACIE_PLN><PO_RABACIE_WAL_DOKUMENTU>31.9200</PO_RABACIE_WAL_DOKUMENTU></CENY><WALUTA><SYMBOL>PLN</SYMBOL><KURS_L>1.00</KURS_L><KURS_M>1</KURS_M></WALUTA><RABAT>5.00</RABAT><WARTOSC_NETTO>25.95</WARTOSC_NETTO><WARTOSC_BRUTTO>31.92</WARTOSC_BRUTTO><WARTOSC_NETTO_WAL>25.95</WARTOSC_NETTO_WAL><WARTOSC_BRUTTO_WAL>31.92</WARTOSC_BRUTTO_WAL><ILOSC>1.0000</ILOSC><JM>KPL</JM><JM_CALKOWITE>0.00</JM_CALKOWITE><JM_ZLOZONA><JMZ>KPL</JMZ><JM_PRZELICZNIK_L>1.00</JM_PRZELICZNIK_L><JM_PRZELICZNIK_M>1</JM_PRZELICZNIK_M></JM_ZLOZONA></POZYCJA><POZYCJA><LP>5</LP><TOWAR><KOD>666216</KOD><NAZWA>FILIŻANKA ZE SPODKIEM CR2-92</NAZWA><OPIS/><EAN>5907587758704</EAN><SWW/><NUMER_KATALOGOWY/><MPP>0</MPP></TOWAR><STAWKA_VAT><STAWKA>23.00</STAWKA><FLAGA>2</FLAGA><ZRODLOWA>0.00</ZRODLOWA></STAWKA_VAT><CENY><CENAZCZTEREMAMIEJSCAMI>0</CENAZCZTEREMAMIEJSCAMI><POCZATKOWA_WAL_CENNIKA>39.8000</POCZATKOWA_WAL_CENNIKA><POCZATKOWA_WAL_DOKUMENTU>39.8000</POCZATKOWA_WAL_DOKUMENTU><PO_RABACIE_WAL_CENNIKA>37.8100</PO_RABACIE_WAL_CENNIKA><PO_RABACIE_PLN>37.8100</PO_RABACIE_PLN><PO_RABACIE_WAL_DOKUMENTU>37.8100</PO_RABACIE_WAL_DOKUMENTU></CENY><WALUTA><SYMBOL>PLN</SYMBOL><KURS_L>1.00</KURS_L><KURS_M>1</KURS_M></WALUTA><RABAT>5.00</RABAT><WARTOSC_NETTO>30.74</WARTOSC_NETTO><WARTOSC_BRUTTO>37.81</WARTOSC_BRUTTO><WARTOSC_NETTO_WAL>30.74</WARTOSC_NETTO_WAL><WARTOSC_BRUTTO_WAL>37.81</WARTOSC_BRUTTO_WAL><ILOSC>1.0000</ILOSC><JM>KPL</JM><JM_CALKOWITE>0.00</JM_CALKOWITE><JM_ZLOZONA><JMZ>KPL</JMZ><JM_PRZELICZNIK_L>1.00</JM_PRZELICZNIK_L><JM_PRZELICZNIK_M>1</JM_PRZELICZNIK_M></JM_ZLOZONA></POZYCJA><POZYCJA><LP>6</LP><TOWAR><KOD>714333</KOD><NAZWA>SUSZ MECH MAŁY</NAZWA><OPIS/><EAN>714333</EAN><SWW/><NUMER_KATALOGOWY/><MPP>0</MPP></TOWAR><STAWKA_VAT><STAWKA>23.00</STAWKA><FLAGA>2</FLAGA><ZRODLOWA>0.00</ZRODLOWA></STAWKA_VAT><CENY><CENAZCZTEREMAMIEJSCAMI>0</CENAZCZTEREMAMIEJSCAMI><POCZATKOWA_WAL_CENNIKA>21.0000</POCZATKOWA_WAL_CENNIKA><POCZATKOWA_WAL_DOKUMENTU>21.0000</POCZATKOWA_WAL_DOKUMENTU><PO_RABACIE_WAL_CENNIKA>19.9500</PO_RABACIE_WAL_CENNIKA><PO_RABACIE_PLN>19.9500</PO_RABACIE_PLN><PO_RABACIE_WAL_DOKUMENTU>19.9500</PO_RABACIE_WAL_DOKUMENTU></CENY><WALUTA><SYMBOL>PLN</SYMBOL><KURS_L>1.00</KURS_L><KURS_M>1</KURS_M></WALUTA><RABAT>5.00</RABAT><WARTOSC_NETTO>16.22</WARTOSC_NETTO><WARTOSC_BRUTTO>19.95</WARTOSC_BRUTTO><WARTOSC_NETTO_WAL>16.22</WARTOSC_NETTO_WAL><WARTOSC_BRUTTO_WAL>19.95</WARTOSC_BRUTTO_WAL><ILOSC>1.0000</ILOSC><JM>op.</JM><JM_CALKOWITE>0.00</JM_CALKOWITE><JM_ZLOZONA><JMZ>op.</JMZ><JM_PRZELICZNIK_L>1.00</JM_PRZELICZNIK_L><JM_PRZELICZNIK_M>1</JM_PRZELICZNIK_M></JM_ZLOZONA></POZYCJA><POZYCJA><LP>7</LP><TOWAR><KOD>665170</KOD><NAZWA>KUBEK Z ZAPARZACZEM 330ML.ULUBIONE ZIÓŁKA BABCI</NAZWA><OPIS/><EAN>5908276497799</EAN><SWW/><NUMER_KATALOGOWY/><MPP>0</MPP></TOWAR><STAWKA_VAT><STAWKA>23.00</STAWKA><FLAGA>2</FLAGA><ZRODLOWA>0.00</ZRODLOWA></STAWKA_VAT><CENY><CENAZCZTEREMAMIEJSCAMI>0</CENAZCZTEREMAMIEJSCAMI><POCZATKOWA_WAL_CENNIKA>34.9000</POCZATKOWA_WAL_CENNIKA><POCZATKOWA_WAL_DOKUMENTU>34.9000</POCZATKOWA_WAL_DOKUMENTU><PO_RABACIE_WAL_CENNIKA>33.1600</PO_RABACIE_WAL_CENNIKA><PO_RABACIE_PLN>33.1600</PO_RABACIE_PLN><PO_RABACIE_WAL_DOKUMENTU>33.1600</PO_RABACIE_WAL_DOKUMENTU></CENY><WALUTA><SYMBOL>PLN</SYMBOL><KURS_L>1.00</KURS_L><KURS_M>1</KURS_M></WALUTA><RABAT>5.00</RABAT><WARTOSC_NETTO>26.96</WARTOSC_NETTO><WARTOSC_BRUTTO>33.16</WARTOSC_BRUTTO><WARTOSC_NETTO_WAL>26.96</WARTOSC_NETTO_WAL><WARTOSC_BRUTTO_WAL>33.16</WARTOSC_BRUTTO_WAL><ILOSC>1.0000</ILOSC><JM>szt</JM><JM_CALKOWITE>0.00</JM_CALKOWITE><JM_ZLOZONA><JMZ>szt</JMZ><JM_PRZELICZNIK_L>1.00</JM_PRZELICZNIK_L><JM_PRZELICZNIK_M>1</JM_PRZELICZNIK_M></JM_ZLOZONA></POZYCJA><POZYCJA><LP>8</LP><TOWAR><KOD>665189</KOD><NAZWA>KUBEK BOSS 300ML.SENIOR RODU</NAZWA><OPIS/><EAN>5908276497980</EAN><SWW/><NUMER_KATALOGOWY/><MPP>0</MPP></TOWAR><STAWKA_VAT><STAWKA>23.00</STAWKA><FLAGA>2</FLAGA><ZRODLOWA>0.00</ZRODLOWA></STAWKA_VAT><CENY><CENAZCZTEREMAMIEJSCAMI>0</CENAZCZTEREMAMIEJSCAMI><POCZATKOWA_WAL_CENNIKA>15.5000</POCZATKOWA_WAL_CENNIKA><POCZATKOWA_WAL_DOKUMENTU>15.5000</POCZATKOWA_WAL_DOKUMENTU><PO_RABACIE_WAL_CENNIKA>14.7300</PO_RABACIE_WAL_CENNIKA><PO_RABACIE_PLN>14.7300</PO_RABACIE_PLN><PO_RABACIE_WAL_DOKUMENTU>14.7300</PO_RABACIE_WAL_DOKUMENTU></CENY><WALUTA><SYMBOL>PLN</SYMBOL><KURS_L>1.00</KURS_L><KURS_M>1</KURS_M></WALUTA><RABAT>5.00</RABAT><WARTOSC_NETTO>11.98</WARTOSC_NETTO><WARTOSC_BRUTTO>14.73</WARTOSC_BRUTTO><WARTOSC_NETTO_WAL>11.98</WARTOSC_NETTO_WAL><WARTOSC_BRUTTO_WAL>14.73</WARTOSC_BRUTTO_WAL><ILOSC>1.0000</ILOSC><JM>szt</JM><JM_CALKOWITE>0.00</JM_CALKOWITE><JM_ZLOZONA><JMZ>szt</JMZ><JM_PRZELICZNIK_L>1.00</JM_PRZELICZNIK_L><JM_PRZELICZNIK_M>1</JM_PRZELICZNIK_M></JM_ZLOZONA></POZYCJA><POZYCJA><LP>9</LP><TOWAR><KOD>701150</KOD><NAZWA>SIATKA JUTOWA - KREMOWA - 50cm x 5m</NAZWA><OPIS/><EAN>5907582718529</EAN><SWW/><NUMER_KATALOGOWY/><MPP>0</MPP></TOWAR><STAWKA_VAT><STAWKA>23.00</STAWKA><FLAGA>2</FLAGA><ZRODLOWA>0.00</ZRODLOWA></STAWKA_VAT><CENY><CENAZCZTEREMAMIEJSCAMI>0</CENAZCZTEREMAMIEJSCAMI><POCZATKOWA_WAL_CENNIKA>23.8000</POCZATKOWA_WAL_CENNIKA><POCZATKOWA_WAL_DOKUMENTU>23.8000</POCZATKOWA_WAL_DOKUMENTU><PO_RABACIE_WAL_CENNIKA>22.6100</PO_RABACIE_WAL_CENNIKA><PO_RABACIE_PLN>22.6100</PO_RABACIE_PLN><PO_RABACIE_WAL_DOKUMENTU>22.6100</PO_RABACIE_WAL_DOKUMENTU></CENY><WALUTA><SYMBOL>PLN</SYMBOL><KURS_L>1.00</KURS_L><KURS_M>1</KURS_M></WALUTA><RABAT>5.00</RABAT><WARTOSC_NETTO>36.76</WARTOSC_NETTO><WARTOSC_BRUTTO>45.22</WARTOSC_BRUTTO><WARTOSC_NETTO_WAL>36.76</WARTOSC_NETTO_WAL><WARTOSC_BRUTTO_WAL>45.22</WARTOSC_BRUTTO_WAL><ILOSC>2.0000</ILOSC><JM>szt</JM><JM_CALKOWITE>0.00</JM_CALKOWITE><JM_ZLOZONA><JMZ>szt</JMZ><JM_PRZELICZNIK_L>1.00</JM_PRZELICZNIK_L><JM_PRZELICZNIK_M>1</JM_PRZELICZNIK_M></JM_ZLOZONA></POZYCJA><POZYCJA><LP>10</LP><TOWAR><KOD>717549</KOD><NAZWA>ORGANZA BRONZING 39CM X 9Y</NAZWA><OPIS/><EAN>5901720266187</EAN><SWW/><NUMER_KATALOGOWY/><MPP>0</MPP></TOWAR><STAWKA_VAT><STAWKA>23.00</STAWKA><FLAGA>2</FLAGA><ZRODLOWA>0.00</ZRODLOWA></STAWKA_VAT><CENY><CENAZCZTEREMAMIEJSCAMI>0</CENAZCZTEREMAMIEJSCAMI><POCZATKOWA_WAL_CENNIKA>18.9000</POCZATKOWA_WAL_CENNIKA><POCZATKOWA_WAL_DOKUMENTU>18.9000</POCZATKOWA_WAL_DOKUMENTU><PO_RABACIE_WAL_CENNIKA>17.9600</PO_RABACIE_WAL_CENNIKA><PO_RABACIE_PLN>17.9600</PO_RABACIE_PLN><PO_RABACIE_WAL_DOKUMENTU>17.9600</PO_RABACIE_WAL_DOKUMENTU></CENY><WALUTA><SYMBOL>PLN</SYMBOL><KURS_L>1.00</KURS_L><KURS_M>1</KURS_M></WALUTA><RABAT>5.00</RABAT><WARTOSC_NETTO>14.60</WARTOSC_NETTO><WARTOSC_BRUTTO>17.96</WARTOSC_BRUTTO><WARTOSC_NETTO_WAL>14.60</WARTOSC_NETTO_WAL><WARTOSC_BRUTTO_WAL>17.96</WARTOSC_BRUTTO_WAL><ILOSC>1.0000</ILOSC><JM>szt</JM><JM_CALKOWITE>0.00</JM_CALKOWITE><JM_ZLOZONA><JMZ>szt</JMZ><JM_PRZELICZNIK_L>1.00</JM_PRZELICZNIK_L><JM_PRZELICZNIK_M>1</JM_PRZELICZNIK_M></JM_ZLOZONA></POZYCJA><POZYCJA><LP>11</LP><TOWAR><KOD>903668</KOD><NAZWA>SERWETKI LUNCH 33X33</NAZWA><OPIS/><EAN>5906360110579</EAN><SWW/><NUMER_KATALOGOWY/><MPP>0</MPP></TOWAR><STAWKA_VAT><STAWKA>23.00</STAWKA><FLAGA>2</FLAGA><ZRODLOWA>0.00</ZRODLOWA></STAWKA_VAT><CENY><CENAZCZTEREMAMIEJSCAMI>0</CENAZCZTEREMAMIEJSCAMI><POCZATKOWA_WAL_CENNIKA>5.1000</POCZATKOWA_WAL_CENNIKA><POCZATKOWA_WAL_DOKUMENTU>5.1000</POCZATKOWA_WAL_DOKUMENTU><PO_RABACIE_WAL_CENNIKA>4.8500</PO_RABACIE_WAL_CENNIKA><PO_RABACIE_PLN>4.8500</PO_RABACIE_PLN><PO_RABACIE_WAL_DOKUMENTU>4.8500</PO_RABACIE_WAL_DOKUMENTU></CENY><WALUTA><SYMBOL>PLN</SYMBOL><KURS_L>1.00</KURS_L><KURS_M>1</KURS_M></WALUTA><RABAT>5.00</RABAT><WARTOSC_NETTO>3.94</WARTOSC_NETTO><WARTOSC_BRUTTO>4.85</WARTOSC_BRUTTO><WARTOSC_NETTO_WAL>3.94</WARTOSC_NETTO_WAL><WARTOSC_BRUTTO_WAL>4.85</WARTOSC_BRUTTO_WAL><ILOSC>1.0000</ILOSC><JM>szt</JM><JM_CALKOWITE>0.00</JM_CALKOWITE><JM_ZLOZONA><JMZ>szt</JMZ><JM_PRZELICZNIK_L>1.00</JM_PRZELICZNIK_L><JM_PRZELICZNIK_M>1</JM_PRZELICZNIK_M></JM_ZLOZONA></POZYCJA><POZYCJA><LP>12</LP><TOWAR><KOD>713358</KOD><NAZWA>ORGANZA 12 CM BIAŁA</NAZWA><OPIS/><EAN>5902581013941</EAN><SWW/><NUMER_KATALOGOWY/><MPP>0</MPP></TOWAR><STAWKA_VAT><STAWKA>23.00</STAWKA><FLAGA>2</FLAGA><ZRODLOWA>0.00</ZRODLOWA></STAWKA_VAT><CENY><CENAZCZTEREMAMIEJSCAMI>0</CENAZCZTEREMAMIEJSCAMI><POCZATKOWA_WAL_CENNIKA>4.6000</POCZATKOWA_WAL_CENNIKA><POCZATKOWA_WAL_DOKUMENTU>4.6000</POCZATKOWA_WAL_DOKUMENTU><PO_RABACIE_WAL_CENNIKA>4.3700</PO_RABACIE_WAL_CENNIKA><PO_RABACIE_PLN>4.3700</PO_RABACIE_PLN><PO_RABACIE_WAL_DOKUMENTU>4.3700</PO_RABACIE_WAL_DOKUMENTU></CENY><WALUTA><SYMBOL>PLN</SYMBOL><KURS_L>1.00</KURS_L><KURS_M>1</KURS_M></WALUTA><RABAT>5.00</RABAT><WARTOSC_NETTO>3.55</WARTOSC_NETTO><WARTOSC_BRUTTO>4.37</WARTOSC_BRUTTO><WARTOSC_NETTO_WAL>3.55</WARTOSC_NETTO_WAL><WARTOSC_BRUTTO_WAL>4.37</WARTOSC_BRUTTO_WAL><ILOSC>1.0000</ILOSC><JM>szt</JM><JM_CALKOWITE>0.00</JM_CALKOWITE><JM_ZLOZONA><JMZ>szt</JMZ><JM_PRZELICZNIK_L>1.00</JM_PRZELICZNIK_L><JM_PRZELICZNIK_M>1</JM_PRZELICZNIK_M></JM_ZLOZONA></POZYCJA><POZYCJA><LP>13</LP><TOWAR><KOD>701931</KOD><NAZWA>KAPELUSZ BURLAP - 10cm</NAZWA><OPIS/><EAN>5904913567375</EAN><SWW/><NUMER_KATALOGOWY/><MPP>0</MPP></TOWAR><STAWKA_VAT><STAWKA>23.00</STAWKA><FLAGA>2</FLAGA><ZRODLOWA>0.00</ZRODLOWA></STAWKA_VAT><CENY><CENAZCZTEREMAMIEJSCAMI>0</CENAZCZTEREMAMIEJSCAMI><POCZATKOWA_WAL_CENNIKA>1.6000</POCZATKOWA_WAL_CENNIKA><POCZATKOWA_WAL_DOKUMENTU>1.6000</POCZATKOWA_WAL_DOKUMENTU><PO_RABACIE_WAL_CENNIKA>1.5200</PO_RABACIE_WAL_CENNIKA><PO_RABACIE_PLN>1.5200</PO_RABACIE_PLN><PO_RABACIE_WAL_DOKUMENTU>1.5200</PO_RABACIE_WAL_DOKUMENTU></CENY><WALUTA><SYMBOL>PLN</SYMBOL><KURS_L>1.00</KURS_L><KURS_M>1</KURS_M></WALUTA><RABAT>5.00</RABAT><WARTOSC_NETTO>14.83</WARTOSC_NETTO><WARTOSC_BRUTTO>18.24</WARTOSC_BRUTTO><WARTOSC_NETTO_WAL>14.83</WARTOSC_NETTO_WAL><WARTOSC_BRUTTO_WAL>18.24</WARTOSC_BRUTTO_WAL><ILOSC>12.0000</ILOSC><JM>szt</JM><JM_CALKOWITE>0.00</JM_CALKOWITE><JM_ZLOZONA><JMZ>szt</JMZ><JM_PRZELICZNIK_L>1.00</JM_PRZELICZNIK_L><JM_PRZELICZNIK_M>1</JM_PRZELICZNIK_M></JM_ZLOZONA></POZYCJA><POZYCJA><LP>14</LP><TOWAR><KOD>903909</KOD><NAZWA>KARNET PR</NAZWA><OPIS/><EAN>5901924435662</EAN><SWW/><NUMER_KATALOGOWY/><MPP>0</MPP></TOWAR><STAWKA_VAT><STAWKA>23.00</STAWKA><FLAGA>2</FLAGA><ZRODLOWA>0.00</ZRODLOWA></STAWKA_VAT><CENY><CENAZCZTEREMAMIEJSCAMI>0</CENAZCZTEREMAMIEJSCAMI><POCZATKOWA_WAL_CENNIKA>3.9000</POCZATKOWA_WAL_CENNIKA><POCZATKOWA_WAL_DOKUMENTU>3.9000</POCZATKOWA_WAL_DOKUMENTU><PO_RABACIE_WAL_CENNIKA>3.7100</PO_RABACIE_WAL_CENNIKA><PO_RABACIE_PLN>3.7100</PO_RABACIE_PLN><PO_RABACIE_WAL_DOKUMENTU>3.7100</PO_RABACIE_WAL_DOKUMENTU></CENY><WALUTA><SYMBOL>PLN</SYMBOL><KURS_L>1.00</KURS_L><KURS_M>1</KURS_M></WALUTA><RABAT>5.00</RABAT><WARTOSC_NETTO>12.07</WARTOSC_NETTO><WARTOSC_BRUTTO>14.84</WARTOSC_BRUTTO><WARTOSC_NETTO_WAL>12.07</WARTOSC_NETTO_WAL><WARTOSC_BRUTTO_WAL>14.84</WARTOSC_BRUTTO_WAL><ILOSC>4.0000</ILOSC><JM>szt</JM><JM_CALKOWITE>0.00</JM_CALKOWITE><JM_ZLOZONA><JMZ>szt</JMZ><JM_PRZELICZNIK_L>1.00</JM_PRZELICZNIK_L><JM_PRZELICZNIK_M>1</JM_PRZELICZNIK_M></JM_ZLOZONA></POZYCJA><POZYCJA><LP>15</LP><TOWAR><KOD>901037</KOD><NAZWA>KARNET DK</NAZWA><OPIS/><EAN>5907511304717</EAN><SWW/><NUMER_KATALOGOWY/><MPP>0</MPP></TOWAR><STAWKA_VAT><STAWKA>23.00</STAWKA><FLAGA>2</FLAGA><ZRODLOWA>0.00</ZRODLOWA></STAWKA_VAT><CENY><CENAZCZTEREMAMIEJSCAMI>0</CENAZCZTEREMAMIEJSCAMI><POCZATKOWA_WAL_CENNIKA>4.8000</POCZATKOWA_WAL_CENNIKA><POCZATKOWA_WAL_DOKUMENTU>4.8000</POCZATKOWA_WAL_DOKUMENTU><PO_RABACIE_WAL_CENNIKA>4.5600</PO_RABACIE_WAL_CENNIKA><PO_RABACIE_PLN>4.5600</PO_RABACIE_PLN><PO_RABACIE_WAL_DOKUMENTU>4.5600</PO_RABACIE_WAL_DOKUMENTU></CENY><WALUTA><SYMBOL>PLN</SYMBOL><KURS_L>1.00</KURS_L><KURS_M>1</KURS_M></WALUTA><RABAT>5.00</RABAT><WARTOSC_NETTO>14.83</WARTOSC_NETTO><WARTOSC_BRUTTO>18.24</WARTOSC_BRUTTO><WARTOSC_NETTO_WAL>14.83</WARTOSC_NETTO_WAL><WARTOSC_BRUTTO_WAL>18.24</WARTOSC_BRUTTO_WAL><ILOSC>4.0000</ILOSC><JM>szt</JM><JM_CALKOWITE>0.00</JM_CALKOWITE><JM_ZLOZONA><JMZ>szt</JMZ><JM_PRZELICZNIK_L>1.00</JM_PRZELICZNIK_L><JM_PRZELICZNIK_M>1</JM_PRZELICZNIK_M></JM_ZLOZONA></POZYCJA><POZYCJA><LP>16</LP><TOWAR><KOD>252120</KOD><NAZWA>KWIATY SZTUCZNE BL004</NAZWA><OPIS/><EAN/><SWW/><NUMER_KATALOGOWY/><MPP>0</MPP></TOWAR><STAWKA_VAT><STAWKA>23.00</STAWKA><FLAGA>2</FLAGA><ZRODLOWA>0.00</ZRODLOWA></STAWKA_VAT><CENY><CENAZCZTEREMAMIEJSCAMI>0</CENAZCZTEREMAMIEJSCAMI><POCZATKOWA_WAL_CENNIKA>0.7100</POCZATKOWA_WAL_CENNIKA><POCZATKOWA_WAL_DOKUMENTU>0.7100</POCZATKOWA_WAL_DOKUMENTU><PO_RABACIE_WAL_CENNIKA>0.6700</PO_RABACIE_WAL_CENNIKA><PO_RABACIE_PLN>0.6700</PO_RABACIE_PLN><PO_RABACIE_WAL_DOKUMENTU>0.6700</PO_RABACIE_WAL_DOKUMENTU></CENY><WALUTA><SYMBOL>PLN</SYMBOL><KURS_L>1.00</KURS_L><KURS_M>1</KURS_M></WALUTA><RABAT>5.00</RABAT><WARTOSC_NETTO>19.61</WARTOSC_NETTO><WARTOSC_BRUTTO>24.12</WARTOSC_BRUTTO><WARTOSC_NETTO_WAL>19.61</WARTOSC_NETTO_WAL><WARTOSC_BRUTTO_WAL>24.12</WARTOSC_BRUTTO_WAL><ILOSC>36.0000</ILOSC><JM>szt</JM><JM_CALKOWITE>0.00</JM_CALKOWITE><JM_ZLOZONA><JMZ>szt</JMZ><JM_PRZELICZNIK_L>1.00</JM_PRZELICZNIK_L><JM_PRZELICZNIK_M>1</JM_PRZELICZNIK_M></JM_ZLOZONA></POZYCJA><POZYCJA><LP>17</LP><TOWAR><KOD>251773</KOD><NAZWA>KWIATY SZTUCZNE K135</NAZWA><OPIS/><EAN/><SWW/><NUMER_KATALOGOWY/><MPP>0</MPP></TOWAR><STAWKA_VAT><STAWKA>23.00</STAWKA><FLAGA>2</FLAGA><ZRODLOWA>0.00</ZRODLOWA></STAWKA_VAT><CENY><CENAZCZTEREMAMIEJSCAMI>0</CENAZCZTEREMAMIEJSCAMI><POCZATKOWA_WAL_CENNIKA>1.9000</POCZATKOWA_WAL_CENNIKA><POCZATKOWA_WAL_DOKUMENTU>1.9000</POCZATKOWA_WAL_DOKUMENTU><PO_RABACIE_WAL_CENNIKA>1.8100</PO_RABACIE_WAL_CENNIKA><PO_RABACIE_PLN>1.8100</PO_RABACIE_PLN><PO_RABACIE_WAL_DOKUMENTU>1.8100</PO_RABACIE_WAL_DOKUMENTU></CENY><WALUTA><SYMBOL>PLN</SYMBOL><KURS_L>1.00</KURS_L><KURS_M>1</KURS_M></WALUTA><RABAT>5.00</RABAT><WARTOSC_NETTO>52.98</WARTOSC_NETTO><WARTOSC_BRUTTO>65.16</WARTOSC_BRUTTO><WARTOSC_NETTO_WAL>52.98</WARTOSC_NETTO_WAL><WARTOSC_BRUTTO_WAL>65.16</WARTOSC_BRUTTO_WAL><ILOSC>36.0000</ILOSC><JM>szt</JM><JM_CALKOWITE>0.00</JM_CALKOWITE><JM_ZLOZONA><JMZ>szt</JMZ><JM_PRZELICZNIK_L>1.00</JM_PRZELICZNIK_L><JM_PRZELICZNIK_M>1</JM_PRZELICZNIK_M></JM_ZLOZONA></POZYCJA><POZYCJA><LP>18</LP><TOWAR><KOD>252125</KOD><NAZWA>KWIATY SZTUCZNE KW001</NAZWA><OPIS/><EAN/><SWW/><NUMER_KATALOGOWY/><MPP>0</MPP></TOWAR><STAWKA_VAT><STAWKA>23.00</STAWKA><FLAGA>2</FLAGA><ZRODLOWA>0.00</ZRODLOWA></STAWKA_VAT><CENY><CENAZCZTEREMAMIEJSCAMI>0</CENAZCZTEREMAMIEJSCAMI><POCZATKOWA_WAL_CENNIKA>0.4600</POCZATKOWA_WAL_CENNIKA><POCZATKOWA_WAL_DOKUMENTU>0.4600</POCZATKOWA_WAL_DOKUMENTU><PO_RABACIE_WAL_CENNIKA>0.4400</PO_RABACIE_WAL_CENNIKA><PO_RABACIE_PLN>0.4400</PO_RABACIE_PLN><PO_RABACIE_WAL_DOKUMENTU>0.4400</PO_RABACIE_WAL_DOKUMENTU></CENY><WALUTA><SYMBOL>PLN</SYMBOL><KURS_L>1.00</KURS_L><KURS_M>1</KURS_M></WALUTA><RABAT>5.00</RABAT><WARTOSC_NETTO>34.34</WARTOSC_NETTO><WARTOSC_BRUTTO>42.24</WARTOSC_BRUTTO><WARTOSC_NETTO_WAL>34.34</WARTOSC_NETTO_WAL><WARTOSC_BRUTTO_WAL>42.24</WARTOSC_BRUTTO_WAL><ILOSC>96.0000</ILOSC><JM>szt</JM><JM_CALKOWITE>0.00</JM_CALKOWITE><JM_ZLOZONA><JMZ>szt</JMZ><JM_PRZELICZNIK_L>1.00</JM_PRZELICZNIK_L><JM_PRZELICZNIK_M>1</JM_PRZELICZNIK_M></JM_ZLOZONA></POZYCJA><POZYCJA><LP>19</LP><TOWAR><KOD>251386</KOD><NAZWA>KWIAT WYROBOWY BL010</NAZWA><OPIS/><EAN/><SWW/><NUMER_KATALOGOWY/><MPP>0</MPP></TOWAR><STAWKA_VAT><STAWKA>23.00</STAWKA><FLAGA>2</FLAGA><ZRODLOWA>0.00</ZRODLOWA></STAWKA_VAT><CENY><CENAZCZTEREMAMIEJSCAMI>0</CENAZCZTEREMAMIEJSCAMI><POCZATKOWA_WAL_CENNIKA>0.7200</POCZATKOWA_WAL_CENNIKA><POCZATKOWA_WAL_DOKUMENTU>0.7200</POCZATKOWA_WAL_DOKUMENTU><PO_RABACIE_WAL_CENNIKA>0.6800</PO_RABACIE_WAL_CENNIKA><PO_RABACIE_PLN>0.6800</PO_RABACIE_PLN><PO_RABACIE_WAL_DOKUMENTU>0.6800</PO_RABACIE_WAL_DOKUMENTU></CENY><WALUTA><SYMBOL>PLN</SYMBOL><KURS_L>1.00</KURS_L><KURS_M>1</KURS_M></WALUTA><RABAT>5.00</RABAT><WARTOSC_NETTO>19.90</WARTOSC_NETTO><WARTOSC_BRUTTO>24.48</WARTOSC_BRUTTO><WARTOSC_NETTO_WAL>19.90</WARTOSC_NETTO_WAL><WARTOSC_BRUTTO_WAL>24.48</WARTOSC_BRUTTO_WAL><ILOSC>36.0000</ILOSC><JM>szt.</JM><JM_CALKOWITE>0.00</JM_CALKOWITE><JM_ZLOZONA><JMZ>szt.</JMZ><JM_PRZELICZNIK_L>1.00</JM_PRZELICZNIK_L><JM_PRZELICZNIK_M>1</JM_PRZELICZNIK_M></JM_ZLOZONA></POZYCJA><POZYCJA><LP>20</LP><TOWAR><KOD>251076</KOD><NAZWA>KWIATY SZTUCZNE T51</NAZWA><OPIS/><EAN/><SWW/><NUMER_KATALOGOWY/><MPP>0</MPP></TOWAR><STAWKA_VAT><STAWKA>23.00</STAWKA><FLAGA>2</FLAGA><ZRODLOWA>0.00</ZRODLOWA></STAWKA_VAT><CENY><CENAZCZTEREMAMIEJSCAMI>0</CENAZCZTEREMAMIEJSCAMI><POCZATKOWA_WAL_CENNIKA>1.8000</POCZATKOWA_WAL_CENNIKA><POCZATKOWA_WAL_DOKUMENTU>1.8000</POCZATKOWA_WAL_DOKUMENTU><PO_RABACIE_WAL_CENNIKA>1.7100</PO_RABACIE_WAL_CENNIKA><PO_RABACIE_PLN>1.7100</PO_RABACIE_PLN><PO_RABACIE_WAL_DOKUMENTU>1.7100</PO_RABACIE_WAL_DOKUMENTU></CENY><WALUTA><SYMBOL>PLN</SYMBOL><KURS_L>1.00</KURS_L><KURS_M>1</KURS_M></WALUTA><RABAT>5.00</RABAT><WARTOSC_NETTO>66.73</WARTOSC_NETTO><WARTOSC_BRUTTO>82.08</WARTOSC_BRUTTO><WARTOSC_NETTO_WAL>66.73</WARTOSC_NETTO_WAL><WARTOSC_BRUTTO_WAL>82.08</WARTOSC_BRUTTO_WAL><ILOSC>48.0000</ILOSC><JM>szt</JM><JM_CALKOWITE>0.00</JM_CALKOWITE><JM_ZLOZONA><JMZ>szt</JMZ><JM_PRZELICZNIK_L>1.00</JM_PRZELICZNIK_L><JM_PRZELICZNIK_M>1</JM_PRZELICZNIK_M></JM_ZLOZONA></POZYCJA><POZYCJA><LP>21</LP><TOWAR><KOD>251117</KOD><NAZWA>KWIAT SZTUCZNY L022</NAZWA><OPIS/><EAN/><SWW/><NUMER_KATALOGOWY/><MPP>0</MPP></TOWAR><STAWKA_VAT><STAWKA>23.00</STAWKA><FLAGA>2</FLAGA><ZRODLOWA>0.00</ZRODLOWA></STAWKA_VAT><CENY><CENAZCZTEREMAMIEJSCAMI>0</CENAZCZTEREMAMIEJSCAMI><POCZATKOWA_WAL_CENNIKA>0.6800</POCZATKOWA_WAL_CENNIKA><POCZATKOWA_WAL_DOKUMENTU>0.6800</POCZATKOWA_WAL_DOKUMENTU><PO_RABACIE_WAL_CENNIKA>0.6500</PO_RABACIE_WAL_CENNIKA><PO_RABACIE_PLN>0.6500</PO_RABACIE_PLN><PO_RABACIE_WAL_DOKUMENTU>0.6500</PO_RABACIE_WAL_DOKUMENTU></CENY><WALUTA><SYMBOL>PLN</SYMBOL><KURS_L>1.00</KURS_L><KURS_M>1</KURS_M></WALUTA><RABAT>5.00</RABAT><WARTOSC_NETTO>25.37</WARTOSC_NETTO><WARTOSC_BRUTTO>31.20</WARTOSC_BRUTTO><WARTOSC_NETTO_WAL>25.37</WARTOSC_NETTO_WAL><WARTOSC_BRUTTO_WAL>31.20</WARTOSC_BRUTTO_WAL><ILOSC>48.0000</ILOSC><JM>szt.</JM><JM_CALKOWITE>0.00</JM_CALKOWITE><JM_ZLOZONA><JMZ>szt.</JMZ><JM_PRZELICZNIK_L>1.00</JM_PRZELICZNIK_L><JM_PRZELICZNIK_M>1</JM_PRZELICZNIK_M></JM_ZLOZONA></POZYCJA><POZYCJA><LP>22</LP><TOWAR><KOD>251660</KOD><NAZWA>KWIATY SZTUCZNE BA002</NAZWA><OPIS/><EAN/><SWW/><NUMER_KATALOGOWY/><MPP>0</MPP></TOWAR><STAWKA_VAT><STAWKA>23.00</STAWKA><FLAGA>2</FLAGA><ZRODLOWA>0.00</ZRODLOWA></STAWKA_VAT><CENY><CENAZCZTEREMAMIEJSCAMI>0</CENAZCZTEREMAMIEJSCAMI><POCZATKOWA_WAL_CENNIKA>0.7500</POCZATKOWA_WAL_CENNIKA><POCZATKOWA_WAL_DOKUMENTU>0.7500</POCZATKOWA_WAL_DOKUMENTU><PO_RABACIE_WAL_CENNIKA>0.7100</PO_RABACIE_WAL_CENNIKA><PO_RABACIE_PLN>0.7100</PO_RABACIE_PLN><PO_RABACIE_WAL_DOKUMENTU>0.7100</PO_RABACIE_WAL_DOKUMENTU></CENY><WALUTA><SYMBOL>PLN</SYMBOL><KURS_L>1.00</KURS_L><KURS_M>1</KURS_M></WALUTA><RABAT>5.00</RABAT><WARTOSC_NETTO>20.78</WARTOSC_NETTO><WARTOSC_BRUTTO>25.56</WARTOSC_BRUTTO><WARTOSC_NETTO_WAL>20.78</WARTOSC_NETTO_WAL><WARTOSC_BRUTTO_WAL>25.56</WARTOSC_BRUTTO_WAL><ILOSC>36.0000</ILOSC><JM>szt</JM><JM_CALKOWITE>0.00</JM_CALKOWITE><JM_ZLOZONA><JMZ>szt</JMZ><JM_PRZELICZNIK_L>1.00</JM_PRZELICZNIK_L><JM_PRZELICZNIK_M>1</JM_PRZELICZNIK_M></JM_ZLOZONA></POZYCJA><POZYCJA><LP>23</LP><TOWAR><KOD>251699</KOD><NAZWA>KWIATY SZTUCZNE LIŚĆ RODODENDRONU L843</NAZWA><OPIS/><EAN/><SWW/><NUMER_KATALOGOWY/><MPP>0</MPP></TOWAR><STAWKA_VAT><STAWKA>23.00</STAWKA><FLAGA>2</FLAGA><ZRODLOWA>0.00</ZRODLOWA></STAWKA_VAT><CENY><CENAZCZTEREMAMIEJSCAMI>0</CENAZCZTEREMAMIEJSCAMI><POCZATKOWA_WAL_CENNIKA>1.0000</POCZATKOWA_WAL_CENNIKA><POCZATKOWA_WAL_DOKUMENTU>1.0000</POCZATKOWA_WAL_DOKUMENTU><PO_RABACIE_WAL_CENNIKA>0.9500</PO_RABACIE_WAL_CENNIKA><PO_RABACIE_PLN>0.9500</PO_RABACIE_PLN><PO_RABACIE_WAL_DOKUMENTU>0.9500</PO_RABACIE_WAL_DOKUMENTU></CENY><WALUTA><SYMBOL>PLN</SYMBOL><KURS_L>1.00</KURS_L><KURS_M>1</KURS_M></WALUTA><RABAT>5.00</RABAT><WARTOSC_NETTO>18.54</WARTOSC_NETTO><WARTOSC_BRUTTO>22.80</WARTOSC_BRUTTO><WARTOSC_NETTO_WAL>18.54</WARTOSC_NETTO_WAL><WARTOSC_BRUTTO_WAL>22.80</WARTOSC_BRUTTO_WAL><ILOSC>24.0000</ILOSC><JM>szt</JM><JM_CALKOWITE>0.00</JM_CALKOWITE><JM_ZLOZONA><JMZ>szt</JMZ><JM_PRZELICZNIK_L>1.00</JM_PRZELICZNIK_L><JM_PRZELICZNIK_M>1</JM_PRZELICZNIK_M></JM_ZLOZONA></POZYCJA><POZYCJA><LP>24</LP><TOWAR><KOD>252047</KOD><NAZWA>KWIATY SZTUCZNE </NAZWA><OPIS/><EAN/><SWW/><NUMER_KATALOGOWY/><MPP>0</MPP></TOWAR><STAWKA_VAT><STAWKA>23.00</STAWKA><FLAGA>2</FLAGA><ZRODLOWA>0.00</ZRODLOWA></STAWKA_VAT><CENY><CENAZCZTEREMAMIEJSCAMI>0</CENAZCZTEREMAMIEJSCAMI><POCZATKOWA_WAL_CENNIKA>0.6500</POCZATKOWA_WAL_CENNIKA><POCZATKOWA_WAL_DOKUMENTU>0.6500</POCZATKOWA_WAL_DOKUMENTU><PO_RABACIE_WAL_CENNIKA>0.6200</PO_RABACIE_WAL_CENNIKA><PO_RABACIE_PLN>0.6200</PO_RABACIE_PLN><PO_RABACIE_WAL_DOKUMENTU>0.6200</PO_RABACIE_WAL_DOKUMENTU></CENY><WALUTA><SYMBOL>PLN</SYMBOL><KURS_L>1.00</KURS_L><KURS_M>1</KURS_M></WALUTA><RABAT>5.00</RABAT><WARTOSC_NETTO>36.29</WARTOSC_NETTO><WARTOSC_BRUTTO>44.64</WARTOSC_BRUTTO><WARTOSC_NETTO_WAL>36.29</WARTOSC_NETTO_WAL><WARTOSC_BRUTTO_WAL>44.64</WARTOSC_BRUTTO_WAL><ILOSC>72.0000</ILOSC><JM>szt</JM><JM_CALKOWITE>0.00</JM_CALKOWITE><JM_ZLOZONA><JMZ>szt</JMZ><JM_PRZELICZNIK_L>1.00</JM_PRZELICZNIK_L><JM_PRZELICZNIK_M>1</JM_PRZELICZNIK_M></JM_ZLOZONA></POZYCJA><POZYCJA><LP>25</LP><TOWAR><KOD>250784</KOD><NAZWA>KWIATY SZTUCZNE LIŚĆ F68-03</NAZWA><OPIS/><EAN/><SWW/><NUMER_KATALOGOWY/><MPP>0</MPP></TOWAR><STAWKA_VAT><STAWKA>23.00</STAWKA><FLAGA>2</FLAGA><ZRODLOWA>0.00</ZRODLOWA></STAWKA_VAT><CENY><CENAZCZTEREMAMIEJSCAMI>0</CENAZCZTEREMAMIEJSCAMI><POCZATKOWA_WAL_CENNIKA>0.5200</POCZATKOWA_WAL_CENNIKA><POCZATKOWA_WAL_DOKUMENTU>0.5200</POCZATKOWA_WAL_DOKUMENTU><PO_RABACIE_WAL_CENNIKA>0.4900</PO_RABACIE_WAL_CENNIKA><PO_RABACIE_PLN>0.4900</PO_RABACIE_PLN><PO_RABACIE_WAL_DOKUMENTU>0.4900</PO_RABACIE_WAL_DOKUMENTU></CENY><WALUTA><SYMBOL>PLN</SYMBOL><KURS_L>1.00</KURS_L><KURS_M>1</KURS_M></WALUTA><RABAT>5.00</RABAT><WARTOSC_NETTO>9.56</WARTOSC_NETTO><WARTOSC_BRUTTO>11.76</WARTOSC_BRUTTO><WARTOSC_NETTO_WAL>9.56</WARTOSC_NETTO_WAL><WARTOSC_BRUTTO_WAL>11.76</WARTOSC_BRUTTO_WAL><ILOSC>24.0000</ILOSC><JM>szt</JM><JM_CALKOWITE>0.00</JM_CALKOWITE><JM_ZLOZONA><JMZ>szt</JMZ><JM_PRZELICZNIK_L>1.00</JM_PRZELICZNIK_L><JM_PRZELICZNIK_M>1</JM_PRZELICZNIK_M></JM_ZLOZONA></POZYCJA><POZYCJA><LP>26</LP><TOWAR><KOD>251321</KOD><NAZWA>KWIAT SZTUCZNY RÓŻA YFS004</NAZWA><OPIS/><EAN/><SWW/><NUMER_KATALOGOWY/><MPP>0</MPP></TOWAR><STAWKA_VAT><STAWKA>23.00</STAWKA><FLAGA>2</FLAGA><ZRODLOWA>0.00</ZRODLOWA></STAWKA_VAT><CENY><CENAZCZTEREMAMIEJSCAMI>0</CENAZCZTEREMAMIEJSCAMI><POCZATKOWA_WAL_CENNIKA>2.0000</POCZATKOWA_WAL_CENNIKA><POCZATKOWA_WAL_DOKUMENTU>2.0000</POCZATKOWA_WAL_DOKUMENTU><PO_RABACIE_WAL_CENNIKA>1.9000</PO_RABACIE_WAL_CENNIKA><PO_RABACIE_PLN>1.9000</PO_RABACIE_PLN><PO_RABACIE_WAL_DOKUMENTU>1.9000</PO_RABACIE_WAL_DOKUMENTU></CENY><WALUTA><SYMBOL>PLN</SYMBOL><KURS_L>1.00</KURS_L><KURS_M>1</KURS_M></WALUTA><RABAT>5.00</RABAT><WARTOSC_NETTO>55.61</WARTOSC_NETTO><WARTOSC_BRUTTO>68.40</WARTOSC_BRUTTO><WARTOSC_NETTO_WAL>55.61</WARTOSC_NETTO_WAL><WARTOSC_BRUTTO_WAL>68.40</WARTOSC_BRUTTO_WAL><ILOSC>36.0000</ILOSC><JM>szt.</JM><JM_CALKOWITE>0.00</JM_CALKOWITE><JM_ZLOZONA><JMZ>szt.</JMZ><JM_PRZELICZNIK_L>1.00</JM_PRZELICZNIK_L><JM_PRZELICZNIK_M>1</JM_PRZELICZNIK_M></JM_ZLOZONA></POZYCJA><POZYCJA><LP>27</LP><TOWAR><KOD>250133</KOD><NAZWA>RÓŻA WYR. - VIVALDI N/3202</NAZWA><OPIS/><EAN>5901292471583</EAN><SWW/><NUMER_KATALOGOWY/><MPP>0</MPP></TOWAR><STAWKA_VAT><STAWKA>23.00</STAWKA><FLAGA>2</FLAGA><ZRODLOWA>0.00</ZRODLOWA></STAWKA_VAT><CENY><CENAZCZTEREMAMIEJSCAMI>0</CENAZCZTEREMAMIEJSCAMI><POCZATKOWA_WAL_CENNIKA>1.7500</POCZATKOWA_WAL_CENNIKA><POCZATKOWA_WAL_DOKUMENTU>1.7500</POCZATKOWA_WAL_DOKUMENTU><PO_RABACIE_WAL_CENNIKA>1.6600</PO_RABACIE_WAL_CENNIKA><PO_RABACIE_PLN>1.6600</PO_RABACIE_PLN><PO_RABACIE_WAL_DOKUMENTU>1.6600</PO_RABACIE_WAL_DOKUMENTU></CENY><WALUTA><SYMBOL>PLN</SYMBOL><KURS_L>1.00</KURS_L><KURS_M>1</KURS_M></WALUTA><RABAT>5.00</RABAT><WARTOSC_NETTO>32.39</WARTOSC_NETTO><WARTOSC_BRUTTO>39.84</WARTOSC_BRUTTO><WARTOSC_NETTO_WAL>32.39</WARTOSC_NETTO_WAL><WARTOSC_BRUTTO_WAL>39.84</WARTOSC_BRUTTO_WAL><ILOSC>24.0000</ILOSC><JM>szt.</JM><JM_CALKOWITE>0.00</JM_CALKOWITE><JM_ZLOZONA><JMZ>szt.</JMZ><JM_PRZELICZNIK_L>1.00</JM_PRZELICZNIK_L><JM_PRZELICZNIK_M>1</JM_PRZELICZNIK_M></JM_ZLOZONA></POZYCJA><POZYCJA><LP>28</LP><TOWAR><KOD>250801</KOD><NAZWA>PEONIA WYROBOWA N006</NAZWA><OPIS/><EAN>2017475310815</EAN><SWW/><NUMER_KATALOGOWY/><MPP>0</MPP></TOWAR><STAWKA_VAT><STAWKA>23.00</STAWKA><FLAGA>2</FLAGA><ZRODLOWA>0.00</ZRODLOWA></STAWKA_VAT><CENY><CENAZCZTEREMAMIEJSCAMI>0</CENAZCZTEREMAMIEJSCAMI><POCZATKOWA_WAL_CENNIKA>1.8000</POCZATKOWA_WAL_CENNIKA><POCZATKOWA_WAL_DOKUMENTU>1.8000</POCZATKOWA_WAL_DOKUMENTU><PO_RABACIE_WAL_CENNIKA>1.7100</PO_RABACIE_WAL_CENNIKA><PO_RABACIE_PLN>1.7100</PO_RABACIE_PLN><PO_RABACIE_WAL_DOKUMENTU>1.7100</PO_RABACIE_WAL_DOKUMENTU></CENY><WALUTA><SYMBOL>PLN</SYMBOL><KURS_L>1.00</KURS_L><KURS_M>1</KURS_M></WALUTA><RABAT>5.00</RABAT><WARTOSC_NETTO>66.73</WARTOSC_NETTO><WARTOSC_BRUTTO>82.08</WARTOSC_BRUTTO><WARTOSC_NETTO_WAL>66.73</WARTOSC_NETTO_WAL><WARTOSC_BRUTTO_WAL>82.08</WARTOSC_BRUTTO_WAL><ILOSC>48.0000</ILOSC><JM>szt</JM><JM_CALKOWITE>0.00</JM_CALKOWITE><JM_ZLOZONA><JMZ>szt</JMZ><JM_PRZELICZNIK_L>1.00</JM_PRZELICZNIK_L><JM_PRZELICZNIK_M>1</JM_PRZELICZNIK_M></JM_ZLOZONA></POZYCJA><POZYCJA><LP>29</LP><TOWAR><KOD>251570</KOD><NAZWA>HORTENSJA G302</NAZWA><OPIS/><EAN/><SWW/><NUMER_KATALOGOWY/><MPP>0</MPP></TOWAR><STAWKA_VAT><STAWKA>23.00</STAWKA><FLAGA>2</FLAGA><ZRODLOWA>0.00</ZRODLOWA></STAWKA_VAT><CENY><CENAZCZTEREMAMIEJSCAMI>0</CENAZCZTEREMAMIEJSCAMI><POCZATKOWA_WAL_CENNIKA>3.2000</POCZATKOWA_WAL_CENNIKA><POCZATKOWA_WAL_DOKUMENTU>3.2000</POCZATKOWA_WAL_DOKUMENTU><PO_RABACIE_WAL_CENNIKA>3.0400</PO_RABACIE_WAL_CENNIKA><PO_RABACIE_PLN>3.0400</PO_RABACIE_PLN><PO_RABACIE_WAL_DOKUMENTU>3.0400</PO_RABACIE_WAL_DOKUMENTU></CENY><WALUTA><SYMBOL>PLN</SYMBOL><KURS_L>1.00</KURS_L><KURS_M>1</KURS_M></WALUTA><RABAT>5.00</RABAT><WARTOSC_NETTO>46.96</WARTOSC_NETTO><WARTOSC_BRUTTO>57.76</WARTOSC_BRUTTO><WARTOSC_NETTO_WAL>46.96</WARTOSC_NETTO_WAL><WARTOSC_BRUTTO_WAL>57.76</WARTOSC_BRUTTO_WAL><ILOSC>19.0000</ILOSC><JM>szt.</JM><JM_CALKOWITE>0.00</JM_CALKOWITE><JM_ZLOZONA><JMZ>szt.</JMZ><JM_PRZELICZNIK_L>1.00</JM_PRZELICZNIK_L><JM_PRZELICZNIK_M>1</JM_PRZELICZNIK_M></JM_ZLOZONA></POZYCJA><POZYCJA><LP>30</LP><TOWAR><KOD>250232</KOD><NAZWA>KWIATY SZTUCZNE K87</NAZWA><OPIS/><EAN/><SWW/><NUMER_KATALOGOWY/><MPP>0</MPP></TOWAR><STAWKA_VAT><STAWKA>23.00</STAWKA><FLAGA>2</FLAGA><ZRODLOWA>0.00</ZRODLOWA></STAWKA_VAT><CENY><CENAZCZTEREMAMIEJSCAMI>0</CENAZCZTEREMAMIEJSCAMI><POCZATKOWA_WAL_CENNIKA>0.9500</POCZATKOWA_WAL_CENNIKA><POCZATKOWA_WAL_DOKUMENTU>0.9500</POCZATKOWA_WAL_DOKUMENTU><PO_RABACIE_WAL_CENNIKA>0.9000</PO_RABACIE_WAL_CENNIKA><PO_RABACIE_PLN>0.9000</PO_RABACIE_PLN><PO_RABACIE_WAL_DOKUMENTU>0.9000</PO_RABACIE_WAL_DOKUMENTU></CENY><WALUTA><SYMBOL>PLN</SYMBOL><KURS_L>1.00</KURS_L><KURS_M>1</KURS_M></WALUTA><RABAT>5.00</RABAT><WARTOSC_NETTO>35.12</WARTOSC_NETTO><WARTOSC_BRUTTO>43.20</WARTOSC_BRUTTO><WARTOSC_NETTO_WAL>35.12</WARTOSC_NETTO_WAL><WARTOSC_BRUTTO_WAL>43.20</WARTOSC_BRUTTO_WAL><ILOSC>48.0000</ILOSC><JM>szt</JM><JM_CALKOWITE>0.00</JM_CALKOWITE><JM_ZLOZONA><JMZ>szt</JMZ><JM_PRZELICZNIK_L>1.00</JM_PRZELICZNIK_L><JM_PRZELICZNIK_M>1</JM_PRZELICZNIK_M></JM_ZLOZONA></POZYCJA><POZYCJA><LP>31</LP><TOWAR><KOD>504054</KOD><NAZWA>DRUT OZDOBNY KILOGRAMOWY (grubość 0,5 - 1,8)</NAZWA><OPIS/><EAN>504054</EAN><SWW/><NUMER_KATALOGOWY/><MPP>0</MPP></TOWAR><STAWKA_VAT><STAWKA>23.00</STAWKA><FLAGA>2</FLAGA><ZRODLOWA>0.00</ZRODLOWA></STAWKA_VAT><CENY><CENAZCZTEREMAMIEJSCAMI>0</CENAZCZTEREMAMIEJSCAMI><POCZATKOWA_WAL_CENNIKA>18.5000</POCZATKOWA_WAL_CENNIKA><POCZATKOWA_WAL_DOKUMENTU>18.5000</POCZATKOWA_WAL_DOKUMENTU><PO_RABACIE_WAL_CENNIKA>17.5800</PO_RABACIE_WAL_CENNIKA><PO_RABACIE_PLN>17.5800</PO_RABACIE_PLN><PO_RABACIE_WAL_DOKUMENTU>17.5800</PO_RABACIE_WAL_DOKUMENTU></CENY><WALUTA><SYMBOL>PLN</SYMBOL><KURS_L>1.00</KURS_L><KURS_M>1</KURS_M></WALUTA><RABAT>5.00</RABAT><WARTOSC_NETTO>42.88</WARTOSC_NETTO><WARTOSC_BRUTTO>52.74</WARTOSC_BRUTTO><WARTOSC_NETTO_WAL>42.88</WARTOSC_NETTO_WAL><WARTOSC_BRUTTO_WAL>52.74</WARTOSC_BRUTTO_WAL><ILOSC>3.0000</ILOSC><JM>kg</JM><JM_CALKOWITE>0.00</JM_CALKOWITE><JM_ZLOZONA><JMZ>kg</JMZ><JM_PRZELICZNIK_L>1.00</JM_PRZELICZNIK_L><JM_PRZELICZNIK_M>1</JM_PRZELICZNIK_M></JM_ZLOZONA></POZYCJA><POZYCJA><LP>32</LP><TOWAR><KOD>1000008</KOD><NAZWA>CLUSIA</NAZWA><OPIS/><EAN/><SWW/><NUMER_KATALOGOWY/><MPP>0</MPP></TOWAR><STAWKA_VAT><STAWKA>8.00</STAWKA><FLAGA>2</FLAGA><ZRODLOWA>0.00</ZRODLOWA></STAWKA_VAT><CENY><CENAZCZTEREMAMIEJSCAMI>0</CENAZCZTEREMAMIEJSCAMI><POCZATKOWA_WAL_CENNIKA>33.0000</POCZATKOWA_WAL_CENNIKA><POCZATKOWA_WAL_DOKUMENTU>33.0000</POCZATKOWA_WAL_DOKUMENTU><PO_RABACIE_WAL_CENNIKA>31.3500</PO_RABACIE_WAL_CENNIKA><PO_RABACIE_PLN>31.3500</PO_RABACIE_PLN><PO_RABACIE_WAL_DOKUMENTU>31.3500</PO_RABACIE_WAL_DOKUMENTU></CENY><WALUTA><SYMBOL>PLN</SYMBOL><KURS_L>1.00</KURS_L><KURS_M>1</KURS_M></WALUTA><RABAT>5.00</RABAT><WARTOSC_NETTO>58.06</WARTOSC_NETTO><WARTOSC_BRUTTO>62.70</WARTOSC_BRUTTO><WARTOSC_NETTO_WAL>58.06</WARTOSC_NETTO_WAL><WARTOSC_BRUTTO_WAL>62.70</WARTOSC_BRUTTO_WAL><ILOSC>2.0000</ILOSC><JM>szt</JM><JM_CALKOWITE>0.00</JM_CALKOWITE><JM_ZLOZONA><JMZ>szt</JMZ><JM_PRZELICZNIK_L>1.00</JM_PRZELICZNIK_L><JM_PRZELICZNIK_M>1</JM_PRZELICZNIK_M></JM_ZLOZONA></POZYCJA><POZYCJA><LP>33</LP><TOWAR><KOD>1000011</KOD><NAZWA>DRACENA</NAZWA><OPIS/><EAN/><SWW/><NUMER_KATALOGOWY/><MPP>0</MPP></TOWAR><STAWKA_VAT><STAWKA>8.00</STAWKA><FLAGA>2</FLAGA><ZRODLOWA>0.00</ZRODLOWA></STAWKA_VAT><CENY><CENAZCZTEREMAMIEJSCAMI>0</CENAZCZTEREMAMIEJSCAMI><POCZATKOWA_WAL_CENNIKA>33.0000</POCZATKOWA_WAL_CENNIKA><POCZATKOWA_WAL_DOKUMENTU>33.0000</POCZATKOWA_WAL_DOKUMENTU><PO_RABACIE_WAL_CENNIKA>31.3500</PO_RABACIE_WAL_CENNIKA><PO_RABACIE_PLN>31.3500</PO_RABACIE_PLN><PO_RABACIE_WAL_DOKUMENTU>31.3500</PO_RABACIE_WAL_DOKUMENTU></CENY><WALUTA><SYMBOL>PLN</SYMBOL><KURS_L>1.00</KURS_L><KURS_M>1</KURS_M></WALUTA><RABAT>5.00</RABAT><WARTOSC_NETTO>29.03</WARTOSC_NETTO><WARTOSC_BRUTTO>31.35</WARTOSC_BRUTTO><WARTOSC_NETTO_WAL>29.03</WARTOSC_NETTO_WAL><WARTOSC_BRUTTO_WAL>31.35</WARTOSC_BRUTTO_WAL><ILOSC>1.0000</ILOSC><JM>szt</JM><JM_CALKOWITE>0.00</JM_CALKOWITE><JM_ZLOZONA><JMZ>szt</JMZ><JM_PRZELICZNIK_L>1.00</JM_PRZELICZNIK_L><JM_PRZELICZNIK_M>1</JM_PRZELICZNIK_M></JM_ZLOZONA></POZYCJA><POZYCJA><LP>34</LP><TOWAR><KOD>1000021</KOD><NAZWA>KALANCHOE</NAZWA><OPIS/><EAN/><SWW/><NUMER_KATALOGOWY/><MPP>0</MPP></TOWAR><STAWKA_VAT><STAWKA>8.00</STAWKA><FLAGA>2</FLAGA><ZRODLOWA>0.00</ZRODLOWA></STAWKA_VAT><CENY><CENAZCZTEREMAMIEJSCAMI>0</CENAZCZTEREMAMIEJSCAMI><POCZATKOWA_WAL_CENNIKA>19.5000</POCZATKOWA_WAL_CENNIKA><POCZATKOWA_WAL_DOKUMENTU>19.5000</POCZATKOWA_WAL_DOKUMENTU><PO_RABACIE_WAL_CENNIKA>18.5300</PO_RABACIE_WAL_CENNIKA><PO_RABACIE_PLN>18.5300</PO_RABACIE_PLN><PO_RABACIE_WAL_DOKUMENTU>18.5300</PO_RABACIE_WAL_DOKUMENTU></CENY><WALUTA><SYMBOL>PLN</SYMBOL><KURS_L>1.00</KURS_L><KURS_M>1</KURS_M></WALUTA><RABAT>5.00</RABAT><WARTOSC_NETTO>17.16</WARTOSC_NETTO><WARTOSC_BRUTTO>18.53</WARTOSC_BRUTTO><WARTOSC_NETTO_WAL>17.16</WARTOSC_NETTO_WAL><WARTOSC_BRUTTO_WAL>18.53</WARTOSC_BRUTTO_WAL><ILOSC>1.0000</ILOSC><JM>szt</JM><JM_CALKOWITE>0.00</JM_CALKOWITE><JM_ZLOZONA><JMZ>szt</JMZ><JM_PRZELICZNIK_L>1.00</JM_PRZELICZNIK_L><JM_PRZELICZNIK_M>1</JM_PRZELICZNIK_M></JM_ZLOZONA></POZYCJA><POZYCJA><LP>35</LP><TOWAR><KOD>1000035</KOD><NAZWA>SPATHYFILIUM</NAZWA><OPIS/><EAN/><SWW/><NUMER_KATALOGOWY/><MPP>0</MPP></TOWAR><STAWKA_VAT><STAWKA>8.00</STAWKA><FLAGA>2</FLAGA><ZRODLOWA>0.00</ZRODLOWA></STAWKA_VAT><CENY><CENAZCZTEREMAMIEJSCAMI>0</CENAZCZTEREMAMIEJSCAMI><POCZATKOWA_WAL_CENNIKA>22.0000</POCZATKOWA_WAL_CENNIKA><POCZATKOWA_WAL_DOKUMENTU>22.0000</POCZATKOWA_WAL_DOKUMENTU><PO_RABACIE_WAL_CENNIKA>20.9000</PO_RABACIE_WAL_CENNIKA><PO_RABACIE_PLN>20.9000</PO_RABACIE_PLN><PO_RABACIE_WAL_DOKUMENTU>20.9000</PO_RABACIE_WAL_DOKUMENTU></CENY><WALUTA><SYMBOL>PLN</SYMBOL><KURS_L>1.00</KURS_L><KURS_M>1</KURS_M></WALUTA><RABAT>5.00</RABAT><WARTOSC_NETTO>38.70</WARTOSC_NETTO><WARTOSC_BRUTTO>41.80</WARTOSC_BRUTTO><WARTOSC_NETTO_WAL>38.70</WARTOSC_NETTO_WAL><WARTOSC_BRUTTO_WAL>41.80</WARTOSC_BRUTTO_WAL><ILOSC>2.0000</ILOSC><JM>szt</JM><JM_CALKOWITE>0.00</JM_CALKOWITE><JM_ZLOZONA><JMZ>szt</JMZ><JM_PRZELICZNIK_L>1.00</JM_PRZELICZNIK_L><JM_PRZELICZNIK_M>1</JM_PRZELICZNIK_M></JM_ZLOZONA></POZYCJA><POZYCJA><LP>36</LP><TOWAR><KOD>1000042</KOD><NAZWA>CYKLAMEN</NAZWA><OPIS/><EAN/><SWW/><NUMER_KATALOGOWY/><MPP>0</MPP></TOWAR><STAWKA_VAT><STAWKA>8.00</STAWKA><FLAGA>2</FLAGA><ZRODLOWA>0.00</ZRODLOWA></STAWKA_VAT><CENY><CENAZCZTEREMAMIEJSCAMI>0</CENAZCZTEREMAMIEJSCAMI><POCZATKOWA_WAL_CENNIKA>18.9000</POCZATKOWA_WAL_CENNIKA><POCZATKOWA_WAL_DOKUMENTU>18.9000</POCZATKOWA_WAL_DOKUMENTU><PO_RABACIE_WAL_CENNIKA>17.9600</PO_RABACIE_WAL_CENNIKA><PO_RABACIE_PLN>17.9600</PO_RABACIE_PLN><PO_RABACIE_WAL_DOKUMENTU>17.9600</PO_RABACIE_WAL_DOKUMENTU></CENY><WALUTA><SYMBOL>PLN</SYMBOL><KURS_L>1.00</KURS_L><KURS_M>1</KURS_M></WALUTA><RABAT>5.00</RABAT><WARTOSC_NETTO>33.26</WARTOSC_NETTO><WARTOSC_BRUTTO>35.92</WARTOSC_BRUTTO><WARTOSC_NETTO_WAL>33.26</WARTOSC_NETTO_WAL><WARTOSC_BRUTTO_WAL>35.92</WARTOSC_BRUTTO_WAL><ILOSC>2.0000</ILOSC><JM>szt</JM><JM_CALKOWITE>0.00</JM_CALKOWITE><JM_ZLOZONA><JMZ>szt</JMZ><JM_PRZELICZNIK_L>1.00</JM_PRZELICZNIK_L><JM_PRZELICZNIK_M>1</JM_PRZELICZNIK_M></JM_ZLOZONA></POZYCJA><POZYCJA><LP>37</LP><TOWAR><KOD>1000039</KOD><NAZWA>ZAMIOKULKAS</NAZWA><OPIS/><EAN/><SWW/><NUMER_KATALOGOWY/><MPP>0</MPP></TOWAR><STAWKA_VAT><STAWKA>8.00</STAWKA><FLAGA>2</FLAGA><ZRODLOWA>0.00</ZRODLOWA></STAWKA_VAT><CENY><CENAZCZTEREMAMIEJSCAMI>0</CENAZCZTEREMAMIEJSCAMI><POCZATKOWA_WAL_CENNIKA>19.9000</POCZATKOWA_WAL_CENNIKA><POCZATKOWA_WAL_DOKUMENTU>19.9000</POCZATKOWA_WAL_DOKUMENTU><PO_RABACIE_WAL_CENNIKA>18.9100</PO_RABACIE_WAL_CENNIKA><PO_RABACIE_PLN>18.9100</PO_RABACIE_PLN><PO_RABACIE_WAL_DOKUMENTU>18.9100</PO_RABACIE_WAL_DOKUMENTU></CENY><WALUTA><SYMBOL>PLN</SYMBOL><KURS_L>1.00</KURS_L><KURS_M>1</KURS_M></WALUTA><RABAT>5.00</RABAT><WARTOSC_NETTO>35.02</WARTOSC_NETTO><WARTOSC_BRUTTO>37.82</WARTOSC_BRUTTO><WARTOSC_NETTO_WAL>35.02</WARTOSC_NETTO_WAL><WARTOSC_BRUTTO_WAL>37.82</WARTOSC_BRUTTO_WAL><ILOSC>2.0000</ILOSC><JM>szt</JM><JM_CALKOWITE>0.00</JM_CALKOWITE><JM_ZLOZONA><JMZ>szt</JMZ><JM_PRZELICZNIK_L>1.00</JM_PRZELICZNIK_L><JM_PRZELICZNIK_M>1</JM_PRZELICZNIK_M></JM_ZLOZONA></POZYCJA><POZYCJA><LP>38</LP><TOWAR><KOD>1000015</KOD><NAZWA>GUZMANIA </NAZWA><OPIS/><EAN/><SWW/><NUMER_KATALOGOWY/><MPP>0</MPP></TOWAR><STAWKA_VAT><STAWKA>8.00</STAWKA><FLAGA>2</FLAGA><ZRODLOWA>0.00</ZRODLOWA></STAWKA_VAT><CENY><CENAZCZTEREMAMIEJSCAMI>0</CENAZCZTEREMAMIEJSCAMI><POCZATKOWA_WAL_CENNIKA>13.8000</POCZATKOWA_WAL_CENNIKA><POCZATKOWA_WAL_DOKUMENTU>13.8000</POCZATKOWA_WAL_DOKUMENTU><PO_RABACIE_WAL_CENNIKA>13.1100</PO_RABACIE_WAL_CENNIKA><PO_RABACIE_PLN>13.1100</PO_RABACIE_PLN><PO_RABACIE_WAL_DOKUMENTU>13.1100</PO_RABACIE_WAL_DOKUMENTU></CENY><WALUTA><SYMBOL>PLN</SYMBOL><KURS_L>1.00</KURS_L><KURS_M>1</KURS_M></WALUTA><RABAT>5.00</RABAT><WARTOSC_NETTO>24.28</WARTOSC_NETTO><WARTOSC_BRUTTO>26.22</WARTOSC_BRUTTO><WARTOSC_NETTO_WAL>24.28</WARTOSC_NETTO_WAL><WARTOSC_BRUTTO_WAL>26.22</WARTOSC_BRUTTO_WAL><ILOSC>2.0000</ILOSC><JM>szt</JM><JM_CALKOWITE>0.00</JM_CALKOWITE><JM_ZLOZONA><JMZ>szt</JMZ><JM_PRZELICZNIK_L>1.00</JM_PRZELICZNIK_L><JM_PRZELICZNIK_M>1</JM_PRZELICZNIK_M></JM_ZLOZONA></POZYCJA><POZYCJA><LP>39</LP><TOWAR><KOD>1000034</KOD><NAZWA>SPATHYFILIUM</NAZWA><OPIS/><EAN/><SWW/><NUMER_KATALOGOWY/><MPP>0</MPP></TOWAR><STAWKA_VAT><STAWKA>8.00</STAWKA><FLAGA>2</FLAGA><ZRODLOWA>0.00</ZRODLOWA></STAWKA_VAT><CENY><CENAZCZTEREMAMIEJSCAMI>0</CENAZCZTEREMAMIEJSCAMI><POCZATKOWA_WAL_CENNIKA>8.9000</POCZATKOWA_WAL_CENNIKA><POCZATKOWA_WAL_DOKUMENTU>8.9000</POCZATKOWA_WAL_DOKUMENTU><PO_RABACIE_WAL_CENNIKA>8.4600</PO_RABACIE_WAL_CENNIKA><PO_RABACIE_PLN>8.4600</PO_RABACIE_PLN><PO_RABACIE_WAL_DOKUMENTU>8.4600</PO_RABACIE_WAL_DOKUMENTU></CENY><WALUTA><SYMBOL>PLN</SYMBOL><KURS_L>1.00</KURS_L><KURS_M>1</KURS_M></WALUTA><RABAT>5.00</RABAT><WARTOSC_NETTO>23.50</WARTOSC_NETTO><WARTOSC_BRUTTO>25.38</WARTOSC_BRUTTO><WARTOSC_NETTO_WAL>23.50</WARTOSC_NETTO_WAL><WARTOSC_BRUTTO_WAL>25.38</WARTOSC_BRUTTO_WAL><ILOSC>3.0000</ILOSC><JM>szt</JM><JM_CALKOWITE>0.00</JM_CALKOWITE><JM_ZLOZONA><JMZ>szt</JMZ><JM_PRZELICZNIK_L>1.00</JM_PRZELICZNIK_L><JM_PRZELICZNIK_M>1</JM_PRZELICZNIK_M></JM_ZLOZONA></POZYCJA><POZYCJA><LP>40</LP><TOWAR><KOD>1000009</KOD><NAZWA>CURIO</NAZWA><OPIS/><EAN/><SWW/><NUMER_KATALOGOWY/><MPP>0</MPP></TOWAR><STAWKA_VAT><STAWKA>8.00</STAWKA><FLAGA>2</FLAGA><ZRODLOWA>0.00</ZRODLOWA></STAWKA_VAT><CENY><CENAZCZTEREMAMIEJSCAMI>0</CENAZCZTEREMAMIEJSCAMI><POCZATKOWA_WAL_CENNIKA>23.0000</POCZATKOWA_WAL_CENNIKA><POCZATKOWA_WAL_DOKUMENTU>23.0000</POCZATKOWA_WAL_DOKUMENTU><PO_RABACIE_WAL_CENNIKA>21.8500</PO_RABACIE_WAL_CENNIKA><PO_RABACIE_PLN>21.8500</PO_RABACIE_PLN><PO_RABACIE_WAL_DOKUMENTU>21.8500</PO_RABACIE_WAL_DOKUMENTU></CENY><WALUTA><SYMBOL>PLN</SYMBOL><KURS_L>1.00</KURS_L><KURS_M>1</KURS_M></WALUTA><RABAT>5.00</RABAT><WARTOSC_NETTO>40.46</WARTOSC_NETTO><WARTOSC_BRUTTO>43.70</WARTOSC_BRUTTO><WARTOSC_NETTO_WAL>40.46</WARTOSC_NETTO_WAL><WARTOSC_BRUTTO_WAL>43.70</WARTOSC_BRUTTO_WAL><ILOSC>2.0000</ILOSC><JM>szt</JM><JM_CALKOWITE>0.00</JM_CALKOWITE><JM_ZLOZONA><JMZ>szt</JMZ><JM_PRZELICZNIK_L>1.00</JM_PRZELICZNIK_L><JM_PRZELICZNIK_M>1</JM_PRZELICZNIK_M></JM_ZLOZONA></POZYCJA><POZYCJA><LP>41</LP><TOWAR><KOD>1000020</KOD><NAZWA>HIACYNT</NAZWA><OPIS/><EAN/><SWW/><NUMER_KATALOGOWY/><MPP>0</MPP></TOWAR><STAWKA_VAT><STAWKA>8.00</STAWKA><FLAGA>2</FLAGA><ZRODLOWA>0.00</ZRODLOWA></STAWKA_VAT><CENY><CENAZCZTEREMAMIEJSCAMI>0</CENAZCZTEREMAMIEJSCAMI><POCZATKOWA_WAL_CENNIKA>8.5000</POCZATKOWA_WAL_CENNIKA><POCZATKOWA_WAL_DOKUMENTU>8.5000</POCZATKOWA_WAL_DOKUMENTU><PO_RABACIE_WAL_CENNIKA>8.0800</PO_RABACIE_WAL_CENNIKA><PO_RABACIE_PLN>8.0800</PO_RABACIE_PLN><PO_RABACIE_WAL_DOKUMENTU>8.0800</PO_RABACIE_WAL_DOKUMENTU></CENY><WALUTA><SYMBOL>PLN</SYMBOL><KURS_L>1.00</KURS_L><KURS_M>1</KURS_M></WALUTA><RABAT>5.00</RABAT><WARTOSC_NETTO>22.44</WARTOSC_NETTO><WARTOSC_BRUTTO>24.24</WARTOSC_BRUTTO><WARTOSC_NETTO_WAL>22.44</WARTOSC_NETTO_WAL><WARTOSC_BRUTTO_WAL>24.24</WARTOSC_BRUTTO_WAL><ILOSC>3.0000</ILOSC><JM>szt</JM><JM_CALKOWITE>0.00</JM_CALKOWITE><JM_ZLOZONA><JMZ>szt</JMZ><JM_PRZELICZNIK_L>1.00</JM_PRZELICZNIK_L><JM_PRZELICZNIK_M>1</JM_PRZELICZNIK_M></JM_ZLOZONA></POZYCJA><POZYCJA><LP>42</LP><TOWAR><KOD>1000041</KOD><NAZWA>ZAMIOKULKAS</NAZWA><OPIS/><EAN/><SWW/><NUMER_KATALOGOWY/><MPP>0</MPP></TOWAR><STAWKA_VAT><STAWKA>8.00</STAWKA><FLAGA>2</FLAGA><ZRODLOWA>0.00</ZRODLOWA></STAWKA_VAT><CENY><CENAZCZTEREMAMIEJSCAMI>0</CENAZCZTEREMAMIEJSCAMI><POCZATKOWA_WAL_CENNIKA>39.0000</POCZATKOWA_WAL_CENNIKA><POCZATKOWA_WAL_DOKUMENTU>39.0000</POCZATKOWA_WAL_DOKUMENTU><PO_RABACIE_WAL_CENNIKA>37.0500</PO_RABACIE_WAL_CENNIKA><PO_RABACIE_PLN>37.0500</PO_RABACIE_PLN><PO_RABACIE_WAL_DOKUMENTU>37.0500</PO_RABACIE_WAL_DOKUMENTU></CENY><WALUTA><SYMBOL>PLN</SYMBOL><KURS_L>1.00</KURS_L><KURS_M>1</KURS_M></WALUTA><RABAT>5.00</RABAT><WARTOSC_NETTO>34.31</WARTOSC_NETTO><WARTOSC_BRUTTO>37.05</WARTOSC_BRUTTO><WARTOSC_NETTO_WAL>34.31</WARTOSC_NETTO_WAL><WARTOSC_BRUTTO_WAL>37.05</WARTOSC_BRUTTO_WAL><ILOSC>1.0000</ILOSC><JM>szt</JM><JM_CALKOWITE>0.00</JM_CALKOWITE><JM_ZLOZONA><JMZ>szt</JMZ><JM_PRZELICZNIK_L>1.00</JM_PRZELICZNIK_L><JM_PRZELICZNIK_M>1</JM_PRZELICZNIK_M></JM_ZLOZONA></POZYCJA><POZYCJA><LP>43</LP><TOWAR><KOD>1000016</KOD><NAZWA>GUZMANIA </NAZWA><OPIS/><EAN/><SWW/><NUMER_KATALOGOWY/><MPP>0</MPP></TOWAR><STAWKA_VAT><STAWKA>8.00</STAWKA><FLAGA>2</FLAGA><ZRODLOWA>0.00</ZRODLOWA></STAWKA_VAT><CENY><CENAZCZTEREMAMIEJSCAMI>0</CENAZCZTEREMAMIEJSCAMI><POCZATKOWA_WAL_CENNIKA>29.0000</POCZATKOWA_WAL_CENNIKA><POCZATKOWA_WAL_DOKUMENTU>29.0000</POCZATKOWA_WAL_DOKUMENTU><PO_RABACIE_WAL_CENNIKA>27.5500</PO_RABACIE_WAL_CENNIKA><PO_RABACIE_PLN>27.5500</PO_RABACIE_PLN><PO_RABACIE_WAL_DOKUMENTU>27.5500</PO_RABACIE_WAL_DOKUMENTU></CENY><WALUTA><SYMBOL>PLN</SYMBOL><KURS_L>1.00</KURS_L><KURS_M>1</KURS_M></WALUTA><RABAT>5.00</RABAT><WARTOSC_NETTO>25.51</WARTOSC_NETTO><WARTOSC_BRUTTO>27.55</WARTOSC_BRUTTO><WARTOSC_NETTO_WAL>25.51</WARTOSC_NETTO_WAL><WARTOSC_BRUTTO_WAL>27.55</WARTOSC_BRUTTO_WAL><ILOSC>1.0000</ILOSC><JM>szt</JM><JM_CALKOWITE>0.00</JM_CALKOWITE><JM_ZLOZONA><JMZ>szt</JMZ><JM_PRZELICZNIK_L>1.00</JM_PRZELICZNIK_L><JM_PRZELICZNIK_M>1</JM_PRZELICZNIK_M></JM_ZLOZONA></POZYCJA><POZYCJA><LP>44</LP><TOWAR><KOD>02162</KOD><NAZWA>POINSECJA</NAZWA><OPIS/><EAN>02162</EAN><SWW>01,30,10,0</SWW><NUMER_KATALOGOWY/><MPP>0</MPP></TOWAR><STAWKA_VAT><STAWKA>8.00</STAWKA><FLAGA>2</FLAGA><ZRODLOWA>0.00</ZRODLOWA></STAWKA_VAT><CENY><CENAZCZTEREMAMIEJSCAMI>0</CENAZCZTEREMAMIEJSCAMI><POCZATKOWA_WAL_CENNIKA>3.0000</POCZATKOWA_WAL_CENNIKA><POCZATKOWA_WAL_DOKUMENTU>3.0000</POCZATKOWA_WAL_DOKUMENTU><PO_RABACIE_WAL_CENNIKA>3.0000</PO_RABACIE_WAL_CENNIKA><PO_RABACIE_PLN>3.0000</PO_RABACIE_PLN><PO_RABACIE_WAL_DOKUMENTU>3.0000</PO_RABACIE_WAL_DOKUMENTU></CENY><WALUTA><SYMBOL>PLN</SYMBOL><KURS_L>1.00</KURS_L><KURS_M>1</KURS_M></WALUTA><RABAT>0.00</RABAT><WARTOSC_NETTO>11.11</WARTOSC_NETTO><WARTOSC_BRUTTO>12.00</WARTOSC_BRUTTO><WARTOSC_NETTO_WAL>11.11</WARTOSC_NETTO_WAL><WARTOSC_BRUTTO_WAL>12.00</WARTOSC_BRUTTO_WAL><ILOSC>4.0000</ILOSC><JM>szt</JM><JM_CALKOWITE>0.00</JM_CALKOWITE><JM_ZLOZONA><JMZ>szt</JMZ><JM_PRZELICZNIK_L>1.00</JM_PRZELICZNIK_L><JM_PRZELICZNIK_M>1</JM_PRZELICZNIK_M></JM_ZLOZONA></POZYCJA><POZYCJA><LP>45</LP><TOWAR><KOD>07552</KOD><NAZWA>SANSEVIERIA</NAZWA><OPIS/><EAN>07552</EAN><SWW>01.30.10.0</SWW><NUMER_KATALOGOWY/><MPP>0</MPP></TOWAR><STAWKA_VAT><STAWKA>8.00</STAWKA><FLAGA>2</FLAGA><ZRODLOWA>0.00</ZRODLOWA></STAWKA_VAT><CENY><CENAZCZTEREMAMIEJSCAMI>0</CENAZCZTEREMAMIEJSCAMI><POCZATKOWA_WAL_CENNIKA>5.0000</POCZATKOWA_WAL_CENNIKA><POCZATKOWA_WAL_DOKUMENTU>5.0000</POCZATKOWA_WAL_DOKUMENTU><PO_RABACIE_WAL_CENNIKA>5.0000</PO_RABACIE_WAL_CENNIKA><PO_RABACIE_PLN>5.0000</PO_RABACIE_PLN><PO_RABACIE_WAL_DOKUMENTU>5.0000</PO_RABACIE_WAL_DOKUMENTU></CENY><WALUTA><SYMBOL>PLN</SYMBOL><KURS_L>1.00</KURS_L><KURS_M>1</KURS_M></WALUTA><RABAT>0.00</RABAT><WARTOSC_NETTO>4.63</WARTOSC_NETTO><WARTOSC_BRUTTO>5.00</WARTOSC_BRUTTO><WARTOSC_NETTO_WAL>4.63</WARTOSC_NETTO_WAL><WARTOSC_BRUTTO_WAL>5.00</WARTOSC_BRUTTO_WAL><ILOSC>1.0000</ILOSC><JM>szt</JM><JM_CALKOWITE>0.00</JM_CALKOWITE><JM_ZLOZONA><JMZ>szt</JMZ><JM_PRZELICZNIK_L>1.00</JM_PRZELICZNIK_L><JM_PRZELICZNIK_M>1</JM_PRZELICZNIK_M></JM_ZLOZONA></POZYCJA><POZYCJA><LP>46</LP><TOWAR><KOD>01198</KOD><NAZWA>PEPEROMIA</NAZWA><OPIS/><EAN>01198</EAN><SWW>01.30.10.0</SWW><NUMER_KATALOGOWY/><MPP>0</MPP></TOWAR><STAWKA_VAT><STAWKA>8.00</STAWKA><FLAGA>2</FLAGA><ZRODLOWA>0.00</ZRODLOWA></STAWKA_VAT><CENY><CENAZCZTEREMAMIEJSCAMI>0</CENAZCZTEREMAMIEJSCAMI><POCZATKOWA_WAL_CENNIKA>5.0000</POCZATKOWA_WAL_CENNIKA><POCZATKOWA_WAL_DOKUMENTU>5.0000</POCZATKOWA_WAL_DOKUMENTU><PO_RABACIE_WAL_CENNIKA>5.0000</PO_RABACIE_WAL_CENNIKA><PO_RABACIE_PLN>5.0000</PO_RABACIE_PLN><PO_RABACIE_WAL_DOKUMENTU>5.0000</PO_RABACIE_WAL_DOKUMENTU></CENY><WALUTA><SYMBOL>PLN</SYMBOL><KURS_L>1.00</KURS_L><KURS_M>1</KURS_M></WALUTA><RABAT>0.00</RABAT><WARTOSC_NETTO>4.63</WARTOSC_NETTO><WARTOSC_BRUTTO>5.00</WARTOSC_BRUTTO><WARTOSC_NETTO_WAL>4.63</WARTOSC_NETTO_WAL><WARTOSC_BRUTTO_WAL>5.00</WARTOSC_BRUTTO_WAL><ILOSC>1.0000</ILOSC><JM>szt</JM><JM_CALKOWITE>0.00</JM_CALKOWITE><JM_ZLOZONA><JMZ>szt</JMZ><JM_PRZELICZNIK_L>1.00</JM_PRZELICZNIK_L><JM_PRZELICZNIK_M>1</JM_PRZELICZNIK_M></JM_ZLOZONA></POZYCJA></POZYCJE><KAUCJE/><PLATNOSCI><PLATNOSC><FORMA>przelew</FORMA><TERMIN>2023-01-18</TERMIN><KWOTA>1524.48</KWOTA><KWOTA_W_WAL_SYSTEMOWEJ>1524.48</KWOTA_W_WAL_SYSTEMOWEJ><WALUTA><SYMBOL/><KURS_L>1.00</KURS_L><KURS_M>1</KURS_M></WALUTA></PLATNOSC></PLATNOSCI><PLATNOSCI_KAUCJE/><TABELKA_VAT><LINIA_VAT><STAWKA_VAT><STAWKA>8.00</STAWKA><FLAGA>2</FLAGA><ZRODLOWA>0.00</ZRODLOWA></STAWKA_VAT><NETTO>402.09</NETTO><VAT>32.17</VAT><BRUTTO>434.26</BRUTTO><NETTO_WAL>402.09</NETTO_WAL><VAT_WAL>32.17</VAT_WAL><BRUTTO_WAL>434.26</BRUTTO_WAL></LINIA_VAT><LINIA_VAT><STAWKA_VAT><STAWKA>23.00</STAWKA><FLAGA>2</FLAGA><ZRODLOWA>0.00</ZRODLOWA></STAWKA_VAT><NETTO>886.36</NETTO><VAT>203.86</VAT><BRUTTO>1090.22</BRUTTO><NETTO_WAL>886.36</NETTO_WAL><VAT_WAL>203.86</VAT_WAL><BRUTTO_WAL>1090.22</BRUTTO_WAL></LINIA_VAT></TABELKA_VAT><ATRYBUTY/></DOKUMENT></ROOT>
