<?xml version="1.0" encoding="UTF-8"?>
<ROOT xmlns="http://www.cdn.com.pl/optima/dokument"><DOKUMENT><NAGLOWEK><GENERATOR>Comarch Opt!ma</GENERATOR><TYP_DOKUMENTU>302</TYP_DOKUMENTU><RODZAJ_DOKUMENTU>302004</RODZAJ_DOKUMENTU><FV_MARZA>0</FV_MARZA><FV_MARZA_RODZAJ>0</FV_MARZA_RODZAJ><NUMER_PELNY>FA/540/2023</NUMER_PELNY><DATA_DOKUMENTU>2023-01-26</DATA_DOKUMENTU><DATA_WYSTAWIENIA>2023-01-26</DATA_WYSTAWIENIA><DATA_OPERACJI>2023-01-26</DATA_OPERACJI><TERMIN_ZWROTU_KAUCJI>2023-03-27</TERMIN_ZWROTU_KAUCJI><KOREKTA>0</KOREKTA><DETAL>0</DETAL><TYP_NETTO_BRUTTO>2</TYP_NETTO_BRUTTO><RABAT>10.00</RABAT><OPIS>Dok.: FA/540/2023 (Faktura sprzedaży z wygenerowanym WZ)</OPIS><PLATNIK><KOD>PATIO</KOD><NIP_KRAJ>PL</NIP_KRAJ><NIP>5421020899</NIP><GLN/><NAZWA>,,PATIO,,KWIACIARNIA  GRZEGORZ BĄKOWSKI</NAZWA><MPP>0</MPP><ADRES><KOD_POCZTOWY>15-092</KOD_POCZTOWY><MIASTO>BIAŁYSTOK</MIASTO><ULICA>ul.SIENKIEWICZA 7</ULICA><KRAJ>Polska</KRAJ></ADRES></PLATNIK><ODBIORCA><KOD>PATIO</KOD><NIP_KRAJ>PL</NIP_KRAJ><NIP>5421020899</NIP><GLN/><NAZWA>,,PATIO,,KWIACIARNIA  GRZEGORZ BĄKOWSKI</NAZWA><ADRES><KOD_POCZTOWY>15-092</KOD_POCZTOWY><MIASTO>BIAŁYSTOK</MIASTO><ULICA>ul.SIENKIEWICZA 7</ULICA><KRAJ>Polska</KRAJ></ADRES></ODBIORCA><SPRZEDAWCA><NIP_KRAJ>PL</NIP_KRAJ><NIP>546-000-03-17</NIP><GLN>0000000000000</GLN><NAZWA>P.H.U. "KROKUS" HURTOWNIA KWIATÓW LESZEK WOŁKOWICZ</NAZWA><ADRES><KOD_POCZTOWY>15-257</KOD_POCZTOWY><MIASTO>BIAŁYSTOK</MIASTO><ULICA>ul. A. MICKIEWICZA 95</ULICA><KRAJ>Polska</KRAJ></ADRES><NUMER_KONTA_BANKOWEGO/><NAZWA_BANKU/></SPRZEDAWCA><KATEGORIA><KOD/><OPIS/></KATEGORIA><PLATNOSC><FORMA>gotówka</FORMA><TERMIN>2023-01-26</TERMIN><MPP>0</MPP></PLATNOSC><WALUTA><SYMBOL>PLN</SYMBOL><KURS_L>1.00</KURS_L><KURS_M>1</KURS_M><PLAT_WAL_OD_PLN>0</PLAT_WAL_OD_PLN><KURS_NUMER>3</KURS_NUMER><KURS_DATA>2023-01-26</KURS_DATA></WALUTA><KWOTY><RAZEM_NETTO_WAL>24.70</RAZEM_NETTO_WAL><RAZEM_NETTO>24.70</RAZEM_NETTO><RAZEM_BRUTTO>27.90</RAZEM_BRUTTO><RAZEM_VAT>3.20</RAZEM_VAT></KWOTY><MAGAZYN_ZRODLOWY>MAGAZYN</MAGAZYN_ZRODLOWY><MAGAZYN_DOCELOWY/><KAUCJE_PLATNOSCI>0</KAUCJE_PLATNOSCI><BLOKADA_PLATNOSCI>0</BLOKADA_PLATNOSCI><VAT_DLA_DOK_WAL>0</VAT_DLA_DOK_WAL><TRYB_NETTO_VAT>0</TRYB_NETTO_VAT><STATUS_PLATNIKA>0</STATUS_PLATNIKA><ROZLICZAM_PODATEK_W_OSS>0</ROZLICZAM_PODATEK_W_OSS></NAGLOWEK><POZYCJE><POZYCJA><LP>1</LP><TOWAR><KOD>1000222</KOD><NAZWA>RHODODENDRON</NAZWA><OPIS/><EAN/><SWW/><NUMER_KATALOGOWY/><MPP>0</MPP></TOWAR><STAWKA_VAT><STAWKA>8.00</STAWKA><FLAGA>2</FLAGA><ZRODLOWA>0.00</ZRODLOWA></STAWKA_VAT><CENY><CENAZCZTEREMAMIEJSCAMI>0</CENAZCZTEREMAMIEJSCAMI><POCZATKOWA_WAL_CENNIKA>19.9000</POCZATKOWA_WAL_CENNIKA><POCZATKOWA_WAL_DOKUMENTU>19.9000</POCZATKOWA_WAL_DOKUMENTU><PO_RABACIE_WAL_CENNIKA>17.9100</PO_RABACIE_WAL_CENNIKA><PO_RABACIE_PLN>17.9100</PO_RABACIE_PLN><PO_RABACIE_WAL_DOKUMENTU>17.9100</PO_RABACIE_WAL_DOKUMENTU></CENY><WALUTA><SYMBOL>PLN</SYMBOL><KURS_L>1.00</KURS_L><KURS_M>1</KURS_M></WALUTA><RABAT>10.00</RABAT><WARTOSC_NETTO>16.58</WARTOSC_NETTO><WARTOSC_BRUTTO>17.91</WARTOSC_BRUTTO><WARTOSC_NETTO_WAL>16.58</WARTOSC_NETTO_WAL><WARTOSC_BRUTTO_WAL>17.91</WARTOSC_BRUTTO_WAL><ILOSC>1.0000</ILOSC><JM>szt.</JM><JM_CALKOWITE>0.00</JM_CALKOWITE><JM_ZLOZONA><JMZ>szt.</JMZ><JM_PRZELICZNIK_L>1.00</JM_PRZELICZNIK_L><JM_PRZELICZNIK_M>1</JM_PRZELICZNIK_M></JM_ZLOZONA></POZYCJA><POZYCJA><LP>2</LP><TOWAR><KOD>401939</KOD><NAZWA>TABLE DECO MAXI</NAZWA><OPIS/><EAN>401939</EAN><SWW/><NUMER_KATALOGOWY/><MPP>0</MPP></TOWAR><STAWKA_VAT><STAWKA>23.00</STAWKA><FLAGA>2</FLAGA><ZRODLOWA>0.00</ZRODLOWA></STAWKA_VAT><CENY><CENAZCZTEREMAMIEJSCAMI>0</CENAZCZTEREMAMIEJSCAMI><POCZATKOWA_WAL_CENNIKA>11.1000</POCZATKOWA_WAL_CENNIKA><POCZATKOWA_WAL_DOKUMENTU>11.1000</POCZATKOWA_WAL_DOKUMENTU><PO_RABACIE_WAL_CENNIKA>9.9900</PO_RABACIE_WAL_CENNIKA><PO_RABACIE_PLN>9.9900</PO_RABACIE_PLN><PO_RABACIE_WAL_DOKUMENTU>9.9900</PO_RABACIE_WAL_DOKUMENTU></CENY><WALUTA><SYMBOL>PLN</SYMBOL><KURS_L>1.00</KURS_L><KURS_M>1</KURS_M></WALUTA><RABAT>10.00</RABAT><WARTOSC_NETTO>8.12</WARTOSC_NETTO><WARTOSC_BRUTTO>9.99</WARTOSC_BRUTTO><WARTOSC_NETTO_WAL>8.12</WARTOSC_NETTO_WAL><WARTOSC_BRUTTO_WAL>9.99</WARTOSC_BRUTTO_WAL><ILOSC>1.0000</ILOSC><JM>szt</JM><JM_CALKOWITE>0.00</JM_CALKOWITE><JM_ZLOZONA><JMZ>szt</JMZ><JM_PRZELICZNIK_L>1.00</JM_PRZELICZNIK_L><JM_PRZELICZNIK_M>1</JM_PRZELICZNIK_M></JM_ZLOZONA></POZYCJA></POZYCJE><KAUCJE/><PLATNOSCI><PLATNOSC><FORMA>gotówka</FORMA><TERMIN>2023-01-26</TERMIN><KWOTA>27.90</KWOTA><KWOTA_W_WAL_SYSTEMOWEJ>27.90</KWOTA_W_WAL_SYSTEMOWEJ><WALUTA><SYMBOL/><KURS_L>1.00</KURS_L><KURS_M>1</KURS_M></WALUTA></PLATNOSC></PLATNOSCI><PLATNOSCI_KAUCJE/><TABELKA_VAT><LINIA_VAT><STAWKA_VAT><STAWKA>8.00</STAWKA><FLAGA>2</FLAGA><ZRODLOWA>0.00</ZRODLOWA></STAWKA_VAT><NETTO>16.58</NETTO><VAT>1.33</VAT><BRUTTO>17.91</BRUTTO><NETTO_WAL>16.58</NETTO_WAL><VAT_WAL>1.33</VAT_WAL><BRUTTO_WAL>17.91</BRUTTO_WAL></LINIA_VAT><LINIA_VAT><STAWKA_VAT><STAWKA>23.00</STAWKA><FLAGA>2</FLAGA><ZRODLOWA>0.00</ZRODLOWA></STAWKA_VAT><NETTO>8.12</NETTO><VAT>1.87</VAT><BRUTTO>9.99</BRUTTO><NETTO_WAL>8.12</NETTO_WAL><VAT_WAL>1.87</VAT_WAL><BRUTTO_WAL>9.99</BRUTTO_WAL></LINIA_VAT></TABELKA_VAT><ATRYBUTY/></DOKUMENT></ROOT>
