<?xml version="1.0" encoding="UTF-8"?>
<ROOT xmlns="http://www.cdn.com.pl/optima/dokument"><DOKUMENT><NAGLOWEK><GENERATOR>Comarch Opt!ma</GENERATOR><TYP_DOKUMENTU>302</TYP_DOKUMENTU><RODZAJ_DOKUMENTU>302004</RODZAJ_DOKUMENTU><FV_MARZA>0</FV_MARZA><FV_MARZA_RODZAJ>0</FV_MARZA_RODZAJ><NUMER_PELNY>FA/50/2023</NUMER_PELNY><DATA_DOKUMENTU>2023-01-04</DATA_DOKUMENTU><DATA_WYSTAWIENIA>2023-01-04</DATA_WYSTAWIENIA><DATA_OPERACJI>2023-01-04</DATA_OPERACJI><TERMIN_ZWROTU_KAUCJI>2023-03-05</TERMIN_ZWROTU_KAUCJI><KOREKTA>0</KOREKTA><DETAL>0</DETAL><TYP_NETTO_BRUTTO>2</TYP_NETTO_BRUTTO><RABAT>4.99</RABAT><OPIS>Dok.: FA/50/2023 (Faktura sprzedaży z wygenerowanym WZ)</OPIS><PLATNIK><KOD>CZAS NA HERBATĘ</KOD><NIP_KRAJ/><NIP>7181066175</NIP><GLN/><NAZWA>CZAS NA HERBATĘ MIROSŁAW PIÓRKOWSKI</NAZWA><MPP>0</MPP><ADRES><KOD_POCZTOWY>18-400</KOD_POCZTOWY><MIASTO>ŁOMŻA</MIASTO><ULICA>ZAWADZKA 38</ULICA><KRAJ>POLSKA</KRAJ></ADRES></PLATNIK><ODBIORCA><KOD>CZAS NA HERBATĘ</KOD><NIP_KRAJ/><NIP>7181066175</NIP><GLN/><NAZWA>CZAS NA HERBATĘ MIROSŁAW PIÓRKOWSKI</NAZWA><ADRES><KOD_POCZTOWY>18-400</KOD_POCZTOWY><MIASTO>ŁOMŻA</MIASTO><ULICA>ZAWADZKA 38</ULICA><KRAJ>POLSKA</KRAJ></ADRES></ODBIORCA><SPRZEDAWCA><NIP_KRAJ>PL</NIP_KRAJ><NIP>546-000-03-17</NIP><GLN>0000000000000</GLN><NAZWA>P.H.U. "KROKUS" HURTOWNIA KWIATÓW LESZEK WOŁKOWICZ</NAZWA><ADRES><KOD_POCZTOWY>15-257</KOD_POCZTOWY><MIASTO>BIAŁYSTOK</MIASTO><ULICA>ul. A. MICKIEWICZA 95</ULICA><KRAJ>Polska</KRAJ></ADRES><NUMER_KONTA_BANKOWEGO>22-12405211-1111000049289196</NUMER_KONTA_BANKOWEGO><NAZWA_BANKU>BANK PEKAO SA</NAZWA_BANKU></SPRZEDAWCA><KATEGORIA><KOD/><OPIS/></KATEGORIA><PLATNOSC><FORMA>Karta</FORMA><TERMIN>2023-01-04</TERMIN><MPP>0</MPP></PLATNOSC><WALUTA><SYMBOL>PLN</SYMBOL><KURS_L>1.00</KURS_L><KURS_M>1</KURS_M><PLAT_WAL_OD_PLN>0</PLAT_WAL_OD_PLN><KURS_NUMER>3</KURS_NUMER><KURS_DATA>2023-01-04</KURS_DATA></WALUTA><KWOTY><RAZEM_NETTO_WAL>1571.53</RAZEM_NETTO_WAL><RAZEM_NETTO>1571.53</RAZEM_NETTO><RAZEM_BRUTTO>1932.98</RAZEM_BRUTTO><RAZEM_VAT>361.45</RAZEM_VAT></KWOTY><MAGAZYN_ZRODLOWY>MAGAZYN</MAGAZYN_ZRODLOWY><MAGAZYN_DOCELOWY/><KAUCJE_PLATNOSCI>0</KAUCJE_PLATNOSCI><BLOKADA_PLATNOSCI>0</BLOKADA_PLATNOSCI><VAT_DLA_DOK_WAL>0</VAT_DLA_DOK_WAL><TRYB_NETTO_VAT>0</TRYB_NETTO_VAT><STATUS_PLATNIKA>0</STATUS_PLATNIKA><ROZLICZAM_PODATEK_W_OSS>0</ROZLICZAM_PODATEK_W_OSS></NAGLOWEK><POZYCJE><POZYCJA><LP>1</LP><TOWAR><KOD>701258</KOD><NAZWA>SIATKA JUTOWA - BURA - 50cm x 5m</NAZWA><OPIS/><EAN>5907582718536</EAN><SWW/><NUMER_KATALOGOWY/><MPP>0</MPP></TOWAR><STAWKA_VAT><STAWKA>23.00</STAWKA><FLAGA>2</FLAGA><ZRODLOWA>0.00</ZRODLOWA></STAWKA_VAT><CENY><CENAZCZTEREMAMIEJSCAMI>0</CENAZCZTEREMAMIEJSCAMI><POCZATKOWA_WAL_CENNIKA>23.8000</POCZATKOWA_WAL_CENNIKA><POCZATKOWA_WAL_DOKUMENTU>23.8000</POCZATKOWA_WAL_DOKUMENTU><PO_RABACIE_WAL_CENNIKA>22.6100</PO_RABACIE_WAL_CENNIKA><PO_RABACIE_PLN>22.6100</PO_RABACIE_PLN><PO_RABACIE_WAL_DOKUMENTU>22.6100</PO_RABACIE_WAL_DOKUMENTU></CENY><WALUTA><SYMBOL>PLN</SYMBOL><KURS_L>1.00</KURS_L><KURS_M>1</KURS_M></WALUTA><RABAT>5.00</RABAT><WARTOSC_NETTO>55.15</WARTOSC_NETTO><WARTOSC_BRUTTO>67.83</WARTOSC_BRUTTO><WARTOSC_NETTO_WAL>55.15</WARTOSC_NETTO_WAL><WARTOSC_BRUTTO_WAL>67.83</WARTOSC_BRUTTO_WAL><ILOSC>3.0000</ILOSC><JM>szt</JM><JM_CALKOWITE>0.00</JM_CALKOWITE><JM_ZLOZONA><JMZ>szt</JMZ><JM_PRZELICZNIK_L>1.00</JM_PRZELICZNIK_L><JM_PRZELICZNIK_M>1</JM_PRZELICZNIK_M></JM_ZLOZONA></POZYCJA><POZYCJA><LP>2</LP><TOWAR><KOD>701150</KOD><NAZWA>SIATKA JUTOWA - KREMOWA - 50cm x 5m</NAZWA><OPIS/><EAN>5907582718529</EAN><SWW/><NUMER_KATALOGOWY/><MPP>0</MPP></TOWAR><STAWKA_VAT><STAWKA>23.00</STAWKA><FLAGA>2</FLAGA><ZRODLOWA>0.00</ZRODLOWA></STAWKA_VAT><CENY><CENAZCZTEREMAMIEJSCAMI>0</CENAZCZTEREMAMIEJSCAMI><POCZATKOWA_WAL_CENNIKA>23.8000</POCZATKOWA_WAL_CENNIKA><POCZATKOWA_WAL_DOKUMENTU>23.8000</POCZATKOWA_WAL_DOKUMENTU><PO_RABACIE_WAL_CENNIKA>22.6100</PO_RABACIE_WAL_CENNIKA><PO_RABACIE_PLN>22.6100</PO_RABACIE_PLN><PO_RABACIE_WAL_DOKUMENTU>22.6100</PO_RABACIE_WAL_DOKUMENTU></CENY><WALUTA><SYMBOL>PLN</SYMBOL><KURS_L>1.00</KURS_L><KURS_M>1</KURS_M></WALUTA><RABAT>5.00</RABAT><WARTOSC_NETTO>128.67</WARTOSC_NETTO><WARTOSC_BRUTTO>158.27</WARTOSC_BRUTTO><WARTOSC_NETTO_WAL>128.67</WARTOSC_NETTO_WAL><WARTOSC_BRUTTO_WAL>158.27</WARTOSC_BRUTTO_WAL><ILOSC>7.0000</ILOSC><JM>szt</JM><JM_CALKOWITE>0.00</JM_CALKOWITE><JM_ZLOZONA><JMZ>szt</JMZ><JM_PRZELICZNIK_L>1.00</JM_PRZELICZNIK_L><JM_PRZELICZNIK_M>1</JM_PRZELICZNIK_M></JM_ZLOZONA></POZYCJA><POZYCJA><LP>3</LP><TOWAR><KOD>101007</KOD><NAZWA>FOLIA PRZEŹROCZYSTA (CELOFAN) -  100cm x 70cm (50szt)</NAZWA><OPIS/><EAN>101007</EAN><SWW/><NUMER_KATALOGOWY/><MPP>0</MPP></TOWAR><STAWKA_VAT><STAWKA>23.00</STAWKA><FLAGA>2</FLAGA><ZRODLOWA>0.00</ZRODLOWA></STAWKA_VAT><CENY><CENAZCZTEREMAMIEJSCAMI>0</CENAZCZTEREMAMIEJSCAMI><POCZATKOWA_WAL_CENNIKA>28.2000</POCZATKOWA_WAL_CENNIKA><POCZATKOWA_WAL_DOKUMENTU>28.2000</POCZATKOWA_WAL_DOKUMENTU><PO_RABACIE_WAL_CENNIKA>26.7900</PO_RABACIE_WAL_CENNIKA><PO_RABACIE_PLN>26.7900</PO_RABACIE_PLN><PO_RABACIE_WAL_DOKUMENTU>26.7900</PO_RABACIE_WAL_DOKUMENTU></CENY><WALUTA><SYMBOL>PLN</SYMBOL><KURS_L>1.00</KURS_L><KURS_M>1</KURS_M></WALUTA><RABAT>5.00</RABAT><WARTOSC_NETTO>261.37</WARTOSC_NETTO><WARTOSC_BRUTTO>321.48</WARTOSC_BRUTTO><WARTOSC_NETTO_WAL>261.37</WARTOSC_NETTO_WAL><WARTOSC_BRUTTO_WAL>321.48</WARTOSC_BRUTTO_WAL><ILOSC>12.0000</ILOSC><JM>szt</JM><JM_CALKOWITE>0.00</JM_CALKOWITE><JM_ZLOZONA><JMZ>szt</JMZ><JM_PRZELICZNIK_L>1.00</JM_PRZELICZNIK_L><JM_PRZELICZNIK_M>1</JM_PRZELICZNIK_M></JM_ZLOZONA></POZYCJA><POZYCJA><LP>4</LP><TOWAR><KOD>715701</KOD><NAZWA>KOSZ WIKLINOWY YM-19A205503</NAZWA><OPIS/><EAN>5901138263464</EAN><SWW/><NUMER_KATALOGOWY/><MPP>0</MPP></TOWAR><STAWKA_VAT><STAWKA>23.00</STAWKA><FLAGA>2</FLAGA><ZRODLOWA>0.00</ZRODLOWA></STAWKA_VAT><CENY><CENAZCZTEREMAMIEJSCAMI>0</CENAZCZTEREMAMIEJSCAMI><POCZATKOWA_WAL_CENNIKA>114.3000</POCZATKOWA_WAL_CENNIKA><POCZATKOWA_WAL_DOKUMENTU>114.3000</POCZATKOWA_WAL_DOKUMENTU><PO_RABACIE_WAL_CENNIKA>108.5900</PO_RABACIE_WAL_CENNIKA><PO_RABACIE_PLN>108.5900</PO_RABACIE_PLN><PO_RABACIE_WAL_DOKUMENTU>108.5900</PO_RABACIE_WAL_DOKUMENTU></CENY><WALUTA><SYMBOL>PLN</SYMBOL><KURS_L>1.00</KURS_L><KURS_M>1</KURS_M></WALUTA><RABAT>5.00</RABAT><WARTOSC_NETTO>88.28</WARTOSC_NETTO><WARTOSC_BRUTTO>108.59</WARTOSC_BRUTTO><WARTOSC_NETTO_WAL>88.28</WARTOSC_NETTO_WAL><WARTOSC_BRUTTO_WAL>108.59</WARTOSC_BRUTTO_WAL><ILOSC>1.0000</ILOSC><JM>KPL</JM><JM_CALKOWITE>0.00</JM_CALKOWITE><JM_ZLOZONA><JMZ>KPL</JMZ><JM_PRZELICZNIK_L>1.00</JM_PRZELICZNIK_L><JM_PRZELICZNIK_M>1</JM_PRZELICZNIK_M></JM_ZLOZONA></POZYCJA><POZYCJA><LP>5</LP><TOWAR><KOD>712228</KOD><NAZWA>WYROBY Z WIKLINY KPL.KOSZY YM-017805</NAZWA><OPIS/><EAN>5900054697926</EAN><SWW/><NUMER_KATALOGOWY/><MPP>0</MPP></TOWAR><STAWKA_VAT><STAWKA>23.00</STAWKA><FLAGA>2</FLAGA><ZRODLOWA>0.00</ZRODLOWA></STAWKA_VAT><CENY><CENAZCZTEREMAMIEJSCAMI>0</CENAZCZTEREMAMIEJSCAMI><POCZATKOWA_WAL_CENNIKA>84.6000</POCZATKOWA_WAL_CENNIKA><POCZATKOWA_WAL_DOKUMENTU>84.6000</POCZATKOWA_WAL_DOKUMENTU><PO_RABACIE_WAL_CENNIKA>80.3700</PO_RABACIE_WAL_CENNIKA><PO_RABACIE_PLN>80.3700</PO_RABACIE_PLN><PO_RABACIE_WAL_DOKUMENTU>80.3700</PO_RABACIE_WAL_DOKUMENTU></CENY><WALUTA><SYMBOL>PLN</SYMBOL><KURS_L>1.00</KURS_L><KURS_M>1</KURS_M></WALUTA><RABAT>5.00</RABAT><WARTOSC_NETTO>261.37</WARTOSC_NETTO><WARTOSC_BRUTTO>321.48</WARTOSC_BRUTTO><WARTOSC_NETTO_WAL>261.37</WARTOSC_NETTO_WAL><WARTOSC_BRUTTO_WAL>321.48</WARTOSC_BRUTTO_WAL><ILOSC>4.0000</ILOSC><JM>KPL</JM><JM_CALKOWITE>0.00</JM_CALKOWITE><JM_ZLOZONA><JMZ>KPL</JMZ><JM_PRZELICZNIK_L>1.00</JM_PRZELICZNIK_L><JM_PRZELICZNIK_M>1</JM_PRZELICZNIK_M></JM_ZLOZONA></POZYCJA><POZYCJA><LP>6</LP><TOWAR><KOD>714135</KOD><NAZWA>KOSZ WIKLINOWY DELIKATES MAŁY</NAZWA><OPIS/><EAN>714135</EAN><SWW/><NUMER_KATALOGOWY/><MPP>0</MPP></TOWAR><STAWKA_VAT><STAWKA>23.00</STAWKA><FLAGA>2</FLAGA><ZRODLOWA>0.00</ZRODLOWA></STAWKA_VAT><CENY><CENAZCZTEREMAMIEJSCAMI>0</CENAZCZTEREMAMIEJSCAMI><POCZATKOWA_WAL_CENNIKA>21.0000</POCZATKOWA_WAL_CENNIKA><POCZATKOWA_WAL_DOKUMENTU>21.0000</POCZATKOWA_WAL_DOKUMENTU><PO_RABACIE_WAL_CENNIKA>19.9500</PO_RABACIE_WAL_CENNIKA><PO_RABACIE_PLN>19.9500</PO_RABACIE_PLN><PO_RABACIE_WAL_DOKUMENTU>19.9500</PO_RABACIE_WAL_DOKUMENTU></CENY><WALUTA><SYMBOL>PLN</SYMBOL><KURS_L>1.00</KURS_L><KURS_M>1</KURS_M></WALUTA><RABAT>5.00</RABAT><WARTOSC_NETTO>162.20</WARTOSC_NETTO><WARTOSC_BRUTTO>199.50</WARTOSC_BRUTTO><WARTOSC_NETTO_WAL>162.20</WARTOSC_NETTO_WAL><WARTOSC_BRUTTO_WAL>199.50</WARTOSC_BRUTTO_WAL><ILOSC>10.0000</ILOSC><JM>szt</JM><JM_CALKOWITE>0.00</JM_CALKOWITE><JM_ZLOZONA><JMZ>szt</JMZ><JM_PRZELICZNIK_L>1.00</JM_PRZELICZNIK_L><JM_PRZELICZNIK_M>1</JM_PRZELICZNIK_M></JM_ZLOZONA></POZYCJA><POZYCJA><LP>7</LP><TOWAR><KOD>707939</KOD><NAZWA>KOSZ WIKLINOWY DELIKATES DUŻY </NAZWA><OPIS/><EAN>707939</EAN><SWW/><NUMER_KATALOGOWY/><MPP>0</MPP></TOWAR><STAWKA_VAT><STAWKA>23.00</STAWKA><FLAGA>2</FLAGA><ZRODLOWA>0.00</ZRODLOWA></STAWKA_VAT><CENY><CENAZCZTEREMAMIEJSCAMI>0</CENAZCZTEREMAMIEJSCAMI><POCZATKOWA_WAL_CENNIKA>34.7000</POCZATKOWA_WAL_CENNIKA><POCZATKOWA_WAL_DOKUMENTU>34.7000</POCZATKOWA_WAL_DOKUMENTU><PO_RABACIE_WAL_CENNIKA>32.9700</PO_RABACIE_WAL_CENNIKA><PO_RABACIE_PLN>32.9700</PO_RABACIE_PLN><PO_RABACIE_WAL_DOKUMENTU>32.9700</PO_RABACIE_WAL_DOKUMENTU></CENY><WALUTA><SYMBOL>PLN</SYMBOL><KURS_L>1.00</KURS_L><KURS_M>1</KURS_M></WALUTA><RABAT>5.00</RABAT><WARTOSC_NETTO>268.05</WARTOSC_NETTO><WARTOSC_BRUTTO>329.70</WARTOSC_BRUTTO><WARTOSC_NETTO_WAL>268.05</WARTOSC_NETTO_WAL><WARTOSC_BRUTTO_WAL>329.70</WARTOSC_BRUTTO_WAL><ILOSC>10.0000</ILOSC><JM>szt</JM><JM_CALKOWITE>0.00</JM_CALKOWITE><JM_ZLOZONA><JMZ>szt</JMZ><JM_PRZELICZNIK_L>1.00</JM_PRZELICZNIK_L><JM_PRZELICZNIK_M>1</JM_PRZELICZNIK_M></JM_ZLOZONA></POZYCJA><POZYCJA><LP>8</LP><TOWAR><KOD>717284</KOD><NAZWA>KOSZYK BAMBUSOWY YF018134/13</NAZWA><OPIS/><EAN>5901583839818</EAN><SWW/><NUMER_KATALOGOWY/><MPP>0</MPP></TOWAR><STAWKA_VAT><STAWKA>23.00</STAWKA><FLAGA>2</FLAGA><ZRODLOWA>0.00</ZRODLOWA></STAWKA_VAT><CENY><CENAZCZTEREMAMIEJSCAMI>0</CENAZCZTEREMAMIEJSCAMI><POCZATKOWA_WAL_CENNIKA>8.8000</POCZATKOWA_WAL_CENNIKA><POCZATKOWA_WAL_DOKUMENTU>8.8000</POCZATKOWA_WAL_DOKUMENTU><PO_RABACIE_WAL_CENNIKA>8.3600</PO_RABACIE_WAL_CENNIKA><PO_RABACIE_PLN>8.3600</PO_RABACIE_PLN><PO_RABACIE_WAL_DOKUMENTU>8.3600</PO_RABACIE_WAL_DOKUMENTU></CENY><WALUTA><SYMBOL>PLN</SYMBOL><KURS_L>1.00</KURS_L><KURS_M>1</KURS_M></WALUTA><RABAT>5.00</RABAT><WARTOSC_NETTO>13.59</WARTOSC_NETTO><WARTOSC_BRUTTO>16.72</WARTOSC_BRUTTO><WARTOSC_NETTO_WAL>13.59</WARTOSC_NETTO_WAL><WARTOSC_BRUTTO_WAL>16.72</WARTOSC_BRUTTO_WAL><ILOSC>2.0000</ILOSC><JM>szt</JM><JM_CALKOWITE>0.00</JM_CALKOWITE><JM_ZLOZONA><JMZ>szt</JMZ><JM_PRZELICZNIK_L>1.00</JM_PRZELICZNIK_L><JM_PRZELICZNIK_M>1</JM_PRZELICZNIK_M></JM_ZLOZONA></POZYCJA><POZYCJA><LP>9</LP><TOWAR><KOD>709104</KOD><NAZWA>SIZAL - MIX KOLORÓW </NAZWA><OPIS/><EAN>5902360301290</EAN><SWW/><NUMER_KATALOGOWY/><MPP>0</MPP></TOWAR><STAWKA_VAT><STAWKA>23.00</STAWKA><FLAGA>2</FLAGA><ZRODLOWA>0.00</ZRODLOWA></STAWKA_VAT><CENY><CENAZCZTEREMAMIEJSCAMI>0</CENAZCZTEREMAMIEJSCAMI><POCZATKOWA_WAL_CENNIKA>2.8000</POCZATKOWA_WAL_CENNIKA><POCZATKOWA_WAL_DOKUMENTU>2.8000</POCZATKOWA_WAL_DOKUMENTU><PO_RABACIE_WAL_CENNIKA>2.6600</PO_RABACIE_WAL_CENNIKA><PO_RABACIE_PLN>2.6600</PO_RABACIE_PLN><PO_RABACIE_WAL_DOKUMENTU>2.6600</PO_RABACIE_WAL_DOKUMENTU></CENY><WALUTA><SYMBOL>PLN</SYMBOL><KURS_L>1.00</KURS_L><KURS_M>1</KURS_M></WALUTA><RABAT>5.00</RABAT><WARTOSC_NETTO>129.76</WARTOSC_NETTO><WARTOSC_BRUTTO>159.60</WARTOSC_BRUTTO><WARTOSC_NETTO_WAL>129.76</WARTOSC_NETTO_WAL><WARTOSC_BRUTTO_WAL>159.60</WARTOSC_BRUTTO_WAL><ILOSC>60.0000</ILOSC><JM>szt</JM><JM_CALKOWITE>0.00</JM_CALKOWITE><JM_ZLOZONA><JMZ>szt</JMZ><JM_PRZELICZNIK_L>1.00</JM_PRZELICZNIK_L><JM_PRZELICZNIK_M>1</JM_PRZELICZNIK_M></JM_ZLOZONA></POZYCJA><POZYCJA><LP>10</LP><TOWAR><KOD>716155</KOD><NAZWA>WSTĄŻKA VINTAGE 4CMX5Y</NAZWA><OPIS/><EAN/><SWW/><NUMER_KATALOGOWY/><MPP>0</MPP></TOWAR><STAWKA_VAT><STAWKA>23.00</STAWKA><FLAGA>2</FLAGA><ZRODLOWA>0.00</ZRODLOWA></STAWKA_VAT><CENY><CENAZCZTEREMAMIEJSCAMI>0</CENAZCZTEREMAMIEJSCAMI><POCZATKOWA_WAL_CENNIKA>6.3000</POCZATKOWA_WAL_CENNIKA><POCZATKOWA_WAL_DOKUMENTU>6.3000</POCZATKOWA_WAL_DOKUMENTU><PO_RABACIE_WAL_CENNIKA>5.9900</PO_RABACIE_WAL_CENNIKA><PO_RABACIE_PLN>5.9900</PO_RABACIE_PLN><PO_RABACIE_WAL_DOKUMENTU>5.9900</PO_RABACIE_WAL_DOKUMENTU></CENY><WALUTA><SYMBOL>PLN</SYMBOL><KURS_L>1.00</KURS_L><KURS_M>1</KURS_M></WALUTA><RABAT>5.00</RABAT><WARTOSC_NETTO>9.74</WARTOSC_NETTO><WARTOSC_BRUTTO>11.98</WARTOSC_BRUTTO><WARTOSC_NETTO_WAL>9.74</WARTOSC_NETTO_WAL><WARTOSC_BRUTTO_WAL>11.98</WARTOSC_BRUTTO_WAL><ILOSC>2.0000</ILOSC><JM>szt.</JM><JM_CALKOWITE>0.00</JM_CALKOWITE><JM_ZLOZONA><JMZ>szt.</JMZ><JM_PRZELICZNIK_L>1.00</JM_PRZELICZNIK_L><JM_PRZELICZNIK_M>1</JM_PRZELICZNIK_M></JM_ZLOZONA></POZYCJA><POZYCJA><LP>11</LP><TOWAR><KOD>704665</KOD><NAZWA>WSTĄŻKA SATYNOWA ECRU - 2,5cm x 32m</NAZWA><OPIS/><EAN>5901720206824</EAN><SWW/><NUMER_KATALOGOWY/><MPP>0</MPP></TOWAR><STAWKA_VAT><STAWKA>23.00</STAWKA><FLAGA>2</FLAGA><ZRODLOWA>0.00</ZRODLOWA></STAWKA_VAT><CENY><CENAZCZTEREMAMIEJSCAMI>0</CENAZCZTEREMAMIEJSCAMI><POCZATKOWA_WAL_CENNIKA>4.7000</POCZATKOWA_WAL_CENNIKA><POCZATKOWA_WAL_DOKUMENTU>4.7000</POCZATKOWA_WAL_DOKUMENTU><PO_RABACIE_WAL_CENNIKA>4.4700</PO_RABACIE_WAL_CENNIKA><PO_RABACIE_PLN>4.4700</PO_RABACIE_PLN><PO_RABACIE_WAL_DOKUMENTU>4.4700</PO_RABACIE_WAL_DOKUMENTU></CENY><WALUTA><SYMBOL>PLN</SYMBOL><KURS_L>1.00</KURS_L><KURS_M>1</KURS_M></WALUTA><RABAT>5.00</RABAT><WARTOSC_NETTO>21.80</WARTOSC_NETTO><WARTOSC_BRUTTO>26.82</WARTOSC_BRUTTO><WARTOSC_NETTO_WAL>21.80</WARTOSC_NETTO_WAL><WARTOSC_BRUTTO_WAL>26.82</WARTOSC_BRUTTO_WAL><ILOSC>6.0000</ILOSC><JM>szt</JM><JM_CALKOWITE>0.00</JM_CALKOWITE><JM_ZLOZONA><JMZ>szt</JMZ><JM_PRZELICZNIK_L>1.00</JM_PRZELICZNIK_L><JM_PRZELICZNIK_M>1</JM_PRZELICZNIK_M></JM_ZLOZONA></POZYCJA><POZYCJA><LP>12</LP><TOWAR><KOD>713137</KOD><NAZWA>WSTĄŻKA Z FLIZELINY TŁOCZONEJ 4cmx10y</NAZWA><OPIS/><EAN>5902581018878</EAN><SWW/><NUMER_KATALOGOWY/><MPP>0</MPP></TOWAR><STAWKA_VAT><STAWKA>23.00</STAWKA><FLAGA>2</FLAGA><ZRODLOWA>0.00</ZRODLOWA></STAWKA_VAT><CENY><CENAZCZTEREMAMIEJSCAMI>0</CENAZCZTEREMAMIEJSCAMI><POCZATKOWA_WAL_CENNIKA>5.6000</POCZATKOWA_WAL_CENNIKA><POCZATKOWA_WAL_DOKUMENTU>5.6000</POCZATKOWA_WAL_DOKUMENTU><PO_RABACIE_WAL_CENNIKA>5.3200</PO_RABACIE_WAL_CENNIKA><PO_RABACIE_PLN>5.3200</PO_RABACIE_PLN><PO_RABACIE_WAL_DOKUMENTU>5.3200</PO_RABACIE_WAL_DOKUMENTU></CENY><WALUTA><SYMBOL>PLN</SYMBOL><KURS_L>1.00</KURS_L><KURS_M>1</KURS_M></WALUTA><RABAT>5.00</RABAT><WARTOSC_NETTO>4.33</WARTOSC_NETTO><WARTOSC_BRUTTO>5.32</WARTOSC_BRUTTO><WARTOSC_NETTO_WAL>4.33</WARTOSC_NETTO_WAL><WARTOSC_BRUTTO_WAL>5.32</WARTOSC_BRUTTO_WAL><ILOSC>1.0000</ILOSC><JM>szt</JM><JM_CALKOWITE>0.00</JM_CALKOWITE><JM_ZLOZONA><JMZ>szt</JMZ><JM_PRZELICZNIK_L>1.00</JM_PRZELICZNIK_L><JM_PRZELICZNIK_M>1</JM_PRZELICZNIK_M></JM_ZLOZONA></POZYCJA><POZYCJA><LP>13</LP><TOWAR><KOD>704096</KOD><NAZWA>WSTĄŻKA SATYNOWA ECRU - 6,5mm x 32m</NAZWA><OPIS/><EAN>5901720206404</EAN><SWW/><NUMER_KATALOGOWY/><MPP>0</MPP></TOWAR><STAWKA_VAT><STAWKA>23.00</STAWKA><FLAGA>2</FLAGA><ZRODLOWA>0.00</ZRODLOWA></STAWKA_VAT><CENY><CENAZCZTEREMAMIEJSCAMI>0</CENAZCZTEREMAMIEJSCAMI><POCZATKOWA_WAL_CENNIKA>1.6000</POCZATKOWA_WAL_CENNIKA><POCZATKOWA_WAL_DOKUMENTU>1.6000</POCZATKOWA_WAL_DOKUMENTU><PO_RABACIE_WAL_CENNIKA>1.5200</PO_RABACIE_WAL_CENNIKA><PO_RABACIE_PLN>1.5200</PO_RABACIE_PLN><PO_RABACIE_WAL_DOKUMENTU>1.5200</PO_RABACIE_WAL_DOKUMENTU></CENY><WALUTA><SYMBOL>PLN</SYMBOL><KURS_L>1.00</KURS_L><KURS_M>1</KURS_M></WALUTA><RABAT>5.00</RABAT><WARTOSC_NETTO>9.89</WARTOSC_NETTO><WARTOSC_BRUTTO>12.16</WARTOSC_BRUTTO><WARTOSC_NETTO_WAL>9.89</WARTOSC_NETTO_WAL><WARTOSC_BRUTTO_WAL>12.16</WARTOSC_BRUTTO_WAL><ILOSC>8.0000</ILOSC><JM>szt</JM><JM_CALKOWITE>0.00</JM_CALKOWITE><JM_ZLOZONA><JMZ>szt</JMZ><JM_PRZELICZNIK_L>1.00</JM_PRZELICZNIK_L><JM_PRZELICZNIK_M>1</JM_PRZELICZNIK_M></JM_ZLOZONA></POZYCJA><POZYCJA><LP>14</LP><TOWAR><KOD>717457</KOD><NAZWA>WSTĄŻKA RYPS 25MMx25Y</NAZWA><OPIS/><EAN>5902581035134</EAN><SWW/><NUMER_KATALOGOWY/><MPP>0</MPP></TOWAR><STAWKA_VAT><STAWKA>23.00</STAWKA><FLAGA>2</FLAGA><ZRODLOWA>0.00</ZRODLOWA></STAWKA_VAT><CENY><CENAZCZTEREMAMIEJSCAMI>0</CENAZCZTEREMAMIEJSCAMI><POCZATKOWA_WAL_CENNIKA>7.7000</POCZATKOWA_WAL_CENNIKA><POCZATKOWA_WAL_DOKUMENTU>7.7000</POCZATKOWA_WAL_DOKUMENTU><PO_RABACIE_WAL_CENNIKA>7.3200</PO_RABACIE_WAL_CENNIKA><PO_RABACIE_PLN>7.3200</PO_RABACIE_PLN><PO_RABACIE_WAL_DOKUMENTU>7.3200</PO_RABACIE_WAL_DOKUMENTU></CENY><WALUTA><SYMBOL>PLN</SYMBOL><KURS_L>1.00</KURS_L><KURS_M>1</KURS_M></WALUTA><RABAT>5.00</RABAT><WARTOSC_NETTO>5.95</WARTOSC_NETTO><WARTOSC_BRUTTO>7.32</WARTOSC_BRUTTO><WARTOSC_NETTO_WAL>5.95</WARTOSC_NETTO_WAL><WARTOSC_BRUTTO_WAL>7.32</WARTOSC_BRUTTO_WAL><ILOSC>1.0000</ILOSC><JM>szt</JM><JM_CALKOWITE>0.00</JM_CALKOWITE><JM_ZLOZONA><JMZ>szt</JMZ><JM_PRZELICZNIK_L>1.00</JM_PRZELICZNIK_L><JM_PRZELICZNIK_M>1</JM_PRZELICZNIK_M></JM_ZLOZONA></POZYCJA><POZYCJA><LP>15</LP><TOWAR><KOD>716375</KOD><NAZWA>WSTĄŻKA RYPS 25MM X 25Y</NAZWA><OPIS/><EAN>5902581027009</EAN><SWW/><NUMER_KATALOGOWY/><MPP>0</MPP></TOWAR><STAWKA_VAT><STAWKA>23.00</STAWKA><FLAGA>2</FLAGA><ZRODLOWA>0.00</ZRODLOWA></STAWKA_VAT><CENY><CENAZCZTEREMAMIEJSCAMI>0</CENAZCZTEREMAMIEJSCAMI><POCZATKOWA_WAL_CENNIKA>7.7000</POCZATKOWA_WAL_CENNIKA><POCZATKOWA_WAL_DOKUMENTU>7.7000</POCZATKOWA_WAL_DOKUMENTU><PO_RABACIE_WAL_CENNIKA>7.3200</PO_RABACIE_WAL_CENNIKA><PO_RABACIE_PLN>7.3200</PO_RABACIE_PLN><PO_RABACIE_WAL_DOKUMENTU>7.3200</PO_RABACIE_WAL_DOKUMENTU></CENY><WALUTA><SYMBOL>PLN</SYMBOL><KURS_L>1.00</KURS_L><KURS_M>1</KURS_M></WALUTA><RABAT>5.00</RABAT><WARTOSC_NETTO>5.95</WARTOSC_NETTO><WARTOSC_BRUTTO>7.32</WARTOSC_BRUTTO><WARTOSC_NETTO_WAL>5.95</WARTOSC_NETTO_WAL><WARTOSC_BRUTTO_WAL>7.32</WARTOSC_BRUTTO_WAL><ILOSC>1.0000</ILOSC><JM>szt</JM><JM_CALKOWITE>0.00</JM_CALKOWITE><JM_ZLOZONA><JMZ>szt</JMZ><JM_PRZELICZNIK_L>1.00</JM_PRZELICZNIK_L><JM_PRZELICZNIK_M>1</JM_PRZELICZNIK_M></JM_ZLOZONA></POZYCJA><POZYCJA><LP>16</LP><TOWAR><KOD>716683</KOD><NAZWA>WSTĄŻKA ZAMSZOWA 25 MM X 5Y</NAZWA><OPIS/><EAN>5902581030238</EAN><SWW/><NUMER_KATALOGOWY/><MPP>0</MPP></TOWAR><STAWKA_VAT><STAWKA>23.00</STAWKA><FLAGA>2</FLAGA><ZRODLOWA>0.00</ZRODLOWA></STAWKA_VAT><CENY><CENAZCZTEREMAMIEJSCAMI>0</CENAZCZTEREMAMIEJSCAMI><POCZATKOWA_WAL_CENNIKA>18.2000</POCZATKOWA_WAL_CENNIKA><POCZATKOWA_WAL_DOKUMENTU>18.2000</POCZATKOWA_WAL_DOKUMENTU><PO_RABACIE_WAL_CENNIKA>17.2900</PO_RABACIE_WAL_CENNIKA><PO_RABACIE_PLN>17.2900</PO_RABACIE_PLN><PO_RABACIE_WAL_DOKUMENTU>17.2900</PO_RABACIE_WAL_DOKUMENTU></CENY><WALUTA><SYMBOL>PLN</SYMBOL><KURS_L>1.00</KURS_L><KURS_M>1</KURS_M></WALUTA><RABAT>5.00</RABAT><WARTOSC_NETTO>14.06</WARTOSC_NETTO><WARTOSC_BRUTTO>17.29</WARTOSC_BRUTTO><WARTOSC_NETTO_WAL>14.06</WARTOSC_NETTO_WAL><WARTOSC_BRUTTO_WAL>17.29</WARTOSC_BRUTTO_WAL><ILOSC>1.0000</ILOSC><JM>szt</JM><JM_CALKOWITE>0.00</JM_CALKOWITE><JM_ZLOZONA><JMZ>szt</JMZ><JM_PRZELICZNIK_L>1.00</JM_PRZELICZNIK_L><JM_PRZELICZNIK_M>1</JM_PRZELICZNIK_M></JM_ZLOZONA></POZYCJA><POZYCJA><LP>17</LP><TOWAR><KOD>715688</KOD><NAZWA>KORONKA FIRANOWA 3CM X 10Y</NAZWA><OPIS/><EAN>5902581026019</EAN><SWW/><NUMER_KATALOGOWY/><MPP>0</MPP></TOWAR><STAWKA_VAT><STAWKA>23.00</STAWKA><FLAGA>2</FLAGA><ZRODLOWA>0.00</ZRODLOWA></STAWKA_VAT><CENY><CENAZCZTEREMAMIEJSCAMI>0</CENAZCZTEREMAMIEJSCAMI><POCZATKOWA_WAL_CENNIKA>12.7000</POCZATKOWA_WAL_CENNIKA><POCZATKOWA_WAL_DOKUMENTU>12.7000</POCZATKOWA_WAL_DOKUMENTU><PO_RABACIE_WAL_CENNIKA>12.0700</PO_RABACIE_WAL_CENNIKA><PO_RABACIE_PLN>12.0700</PO_RABACIE_PLN><PO_RABACIE_WAL_DOKUMENTU>12.0700</PO_RABACIE_WAL_DOKUMENTU></CENY><WALUTA><SYMBOL>PLN</SYMBOL><KURS_L>1.00</KURS_L><KURS_M>1</KURS_M></WALUTA><RABAT>5.00</RABAT><WARTOSC_NETTO>29.44</WARTOSC_NETTO><WARTOSC_BRUTTO>36.21</WARTOSC_BRUTTO><WARTOSC_NETTO_WAL>29.44</WARTOSC_NETTO_WAL><WARTOSC_BRUTTO_WAL>36.21</WARTOSC_BRUTTO_WAL><ILOSC>3.0000</ILOSC><JM>szt.</JM><JM_CALKOWITE>0.00</JM_CALKOWITE><JM_ZLOZONA><JMZ>szt.</JMZ><JM_PRZELICZNIK_L>1.00</JM_PRZELICZNIK_L><JM_PRZELICZNIK_M>1</JM_PRZELICZNIK_M></JM_ZLOZONA></POZYCJA><POZYCJA><LP>18</LP><TOWAR><KOD>717307</KOD><NAZWA>WSTĄŻKA WELWETOWA 2,5CMX10Y FX247</NAZWA><OPIS/><EAN>5902581033758</EAN><SWW/><NUMER_KATALOGOWY/><MPP>0</MPP></TOWAR><STAWKA_VAT><STAWKA>23.00</STAWKA><FLAGA>2</FLAGA><ZRODLOWA>0.00</ZRODLOWA></STAWKA_VAT><CENY><CENAZCZTEREMAMIEJSCAMI>0</CENAZCZTEREMAMIEJSCAMI><POCZATKOWA_WAL_CENNIKA>20.9000</POCZATKOWA_WAL_CENNIKA><POCZATKOWA_WAL_DOKUMENTU>20.9000</POCZATKOWA_WAL_DOKUMENTU><PO_RABACIE_WAL_CENNIKA>19.8600</PO_RABACIE_WAL_CENNIKA><PO_RABACIE_PLN>19.8600</PO_RABACIE_PLN><PO_RABACIE_WAL_DOKUMENTU>19.8600</PO_RABACIE_WAL_DOKUMENTU></CENY><WALUTA><SYMBOL>PLN</SYMBOL><KURS_L>1.00</KURS_L><KURS_M>1</KURS_M></WALUTA><RABAT>5.00</RABAT><WARTOSC_NETTO>16.15</WARTOSC_NETTO><WARTOSC_BRUTTO>19.86</WARTOSC_BRUTTO><WARTOSC_NETTO_WAL>16.15</WARTOSC_NETTO_WAL><WARTOSC_BRUTTO_WAL>19.86</WARTOSC_BRUTTO_WAL><ILOSC>1.0000</ILOSC><JM>szt.</JM><JM_CALKOWITE>0.00</JM_CALKOWITE><JM_ZLOZONA><JMZ>szt.</JMZ><JM_PRZELICZNIK_L>1.00</JM_PRZELICZNIK_L><JM_PRZELICZNIK_M>1</JM_PRZELICZNIK_M></JM_ZLOZONA></POZYCJA><POZYCJA><LP>19</LP><TOWAR><KOD>717310</KOD><NAZWA>WSTĄŻKA WELWETOWA 2,5CMX10Y FX247</NAZWA><OPIS/><EAN>5902581033703</EAN><SWW/><NUMER_KATALOGOWY/><MPP>0</MPP></TOWAR><STAWKA_VAT><STAWKA>23.00</STAWKA><FLAGA>2</FLAGA><ZRODLOWA>0.00</ZRODLOWA></STAWKA_VAT><CENY><CENAZCZTEREMAMIEJSCAMI>0</CENAZCZTEREMAMIEJSCAMI><POCZATKOWA_WAL_CENNIKA>20.9000</POCZATKOWA_WAL_CENNIKA><POCZATKOWA_WAL_DOKUMENTU>20.9000</POCZATKOWA_WAL_DOKUMENTU><PO_RABACIE_WAL_CENNIKA>19.8600</PO_RABACIE_WAL_CENNIKA><PO_RABACIE_PLN>19.8600</PO_RABACIE_PLN><PO_RABACIE_WAL_DOKUMENTU>19.8600</PO_RABACIE_WAL_DOKUMENTU></CENY><WALUTA><SYMBOL>PLN</SYMBOL><KURS_L>1.00</KURS_L><KURS_M>1</KURS_M></WALUTA><RABAT>5.00</RABAT><WARTOSC_NETTO>16.15</WARTOSC_NETTO><WARTOSC_BRUTTO>19.86</WARTOSC_BRUTTO><WARTOSC_NETTO_WAL>16.15</WARTOSC_NETTO_WAL><WARTOSC_BRUTTO_WAL>19.86</WARTOSC_BRUTTO_WAL><ILOSC>1.0000</ILOSC><JM>szt.</JM><JM_CALKOWITE>0.00</JM_CALKOWITE><JM_ZLOZONA><JMZ>szt.</JMZ><JM_PRZELICZNIK_L>1.00</JM_PRZELICZNIK_L><JM_PRZELICZNIK_M>1</JM_PRZELICZNIK_M></JM_ZLOZONA></POZYCJA><POZYCJA><LP>20</LP><TOWAR><KOD>710720</KOD><NAZWA>WSTĄŻKA KORONKOWA ECRU 2.5/10</NAZWA><OPIS/><EAN>5907582780465</EAN><SWW/><NUMER_KATALOGOWY/><MPP>0</MPP></TOWAR><STAWKA_VAT><STAWKA>23.00</STAWKA><FLAGA>2</FLAGA><ZRODLOWA>0.00</ZRODLOWA></STAWKA_VAT><CENY><CENAZCZTEREMAMIEJSCAMI>0</CENAZCZTEREMAMIEJSCAMI><POCZATKOWA_WAL_CENNIKA>7.2000</POCZATKOWA_WAL_CENNIKA><POCZATKOWA_WAL_DOKUMENTU>7.2000</POCZATKOWA_WAL_DOKUMENTU><PO_RABACIE_WAL_CENNIKA>6.8400</PO_RABACIE_WAL_CENNIKA><PO_RABACIE_PLN>6.8400</PO_RABACIE_PLN><PO_RABACIE_WAL_DOKUMENTU>6.8400</PO_RABACIE_WAL_DOKUMENTU></CENY><WALUTA><SYMBOL>PLN</SYMBOL><KURS_L>1.00</KURS_L><KURS_M>1</KURS_M></WALUTA><RABAT>5.00</RABAT><WARTOSC_NETTO>5.56</WARTOSC_NETTO><WARTOSC_BRUTTO>6.84</WARTOSC_BRUTTO><WARTOSC_NETTO_WAL>5.56</WARTOSC_NETTO_WAL><WARTOSC_BRUTTO_WAL>6.84</WARTOSC_BRUTTO_WAL><ILOSC>1.0000</ILOSC><JM>szt.</JM><JM_CALKOWITE>0.00</JM_CALKOWITE><JM_ZLOZONA><JMZ>szt.</JMZ><JM_PRZELICZNIK_L>1.00</JM_PRZELICZNIK_L><JM_PRZELICZNIK_M>1</JM_PRZELICZNIK_M></JM_ZLOZONA></POZYCJA><POZYCJA><LP>21</LP><TOWAR><KOD>715370</KOD><NAZWA>TAŚMA OZZDOBNA 2,5/10</NAZWA><OPIS/><EAN>5907582788218</EAN><SWW/><NUMER_KATALOGOWY/><MPP>0</MPP></TOWAR><STAWKA_VAT><STAWKA>23.00</STAWKA><FLAGA>2</FLAGA><ZRODLOWA>0.00</ZRODLOWA></STAWKA_VAT><CENY><CENAZCZTEREMAMIEJSCAMI>0</CENAZCZTEREMAMIEJSCAMI><POCZATKOWA_WAL_CENNIKA>7.2000</POCZATKOWA_WAL_CENNIKA><POCZATKOWA_WAL_DOKUMENTU>7.2000</POCZATKOWA_WAL_DOKUMENTU><PO_RABACIE_WAL_CENNIKA>6.8400</PO_RABACIE_WAL_CENNIKA><PO_RABACIE_PLN>6.8400</PO_RABACIE_PLN><PO_RABACIE_WAL_DOKUMENTU>6.8400</PO_RABACIE_WAL_DOKUMENTU></CENY><WALUTA><SYMBOL>PLN</SYMBOL><KURS_L>1.00</KURS_L><KURS_M>1</KURS_M></WALUTA><RABAT>5.00</RABAT><WARTOSC_NETTO>5.56</WARTOSC_NETTO><WARTOSC_BRUTTO>6.84</WARTOSC_BRUTTO><WARTOSC_NETTO_WAL>5.56</WARTOSC_NETTO_WAL><WARTOSC_BRUTTO_WAL>6.84</WARTOSC_BRUTTO_WAL><ILOSC>1.0000</ILOSC><JM>szt</JM><JM_CALKOWITE>0.00</JM_CALKOWITE><JM_ZLOZONA><JMZ>szt</JMZ><JM_PRZELICZNIK_L>1.00</JM_PRZELICZNIK_L><JM_PRZELICZNIK_M>1</JM_PRZELICZNIK_M></JM_ZLOZONA></POZYCJA><POZYCJA><LP>22</LP><TOWAR><KOD>664739</KOD><NAZWA>SKARBONKA METALOWA B2010005</NAZWA><OPIS/><EAN>5902918698513</EAN><SWW/><NUMER_KATALOGOWY/><MPP>0</MPP></TOWAR><STAWKA_VAT><STAWKA>23.00</STAWKA><FLAGA>2</FLAGA><ZRODLOWA>0.00</ZRODLOWA></STAWKA_VAT><CENY><CENAZCZTEREMAMIEJSCAMI>0</CENAZCZTEREMAMIEJSCAMI><POCZATKOWA_WAL_CENNIKA>14.5000</POCZATKOWA_WAL_CENNIKA><POCZATKOWA_WAL_DOKUMENTU>14.5000</POCZATKOWA_WAL_DOKUMENTU><PO_RABACIE_WAL_CENNIKA>13.7800</PO_RABACIE_WAL_CENNIKA><PO_RABACIE_PLN>13.7800</PO_RABACIE_PLN><PO_RABACIE_WAL_DOKUMENTU>13.7800</PO_RABACIE_WAL_DOKUMENTU></CENY><WALUTA><SYMBOL>PLN</SYMBOL><KURS_L>1.00</KURS_L><KURS_M>1</KURS_M></WALUTA><RABAT>5.00</RABAT><WARTOSC_NETTO>11.20</WARTOSC_NETTO><WARTOSC_BRUTTO>13.78</WARTOSC_BRUTTO><WARTOSC_NETTO_WAL>11.20</WARTOSC_NETTO_WAL><WARTOSC_BRUTTO_WAL>13.78</WARTOSC_BRUTTO_WAL><ILOSC>1.0000</ILOSC><JM>szt.</JM><JM_CALKOWITE>0.00</JM_CALKOWITE><JM_ZLOZONA><JMZ>szt.</JMZ><JM_PRZELICZNIK_L>1.00</JM_PRZELICZNIK_L><JM_PRZELICZNIK_M>1</JM_PRZELICZNIK_M></JM_ZLOZONA></POZYCJA><POZYCJA><LP>23</LP><TOWAR><KOD>236446</KOD><NAZWA>KWIATY SZTUCZNE</NAZWA><OPIS/><EAN>236446</EAN><SWW/><NUMER_KATALOGOWY/><MPP>0</MPP></TOWAR><STAWKA_VAT><STAWKA>23.00</STAWKA><FLAGA>2</FLAGA><ZRODLOWA>0.00</ZRODLOWA></STAWKA_VAT><CENY><CENAZCZTEREMAMIEJSCAMI>0</CENAZCZTEREMAMIEJSCAMI><POCZATKOWA_WAL_CENNIKA>9.5000</POCZATKOWA_WAL_CENNIKA><POCZATKOWA_WAL_DOKUMENTU>9.5000</POCZATKOWA_WAL_DOKUMENTU><PO_RABACIE_WAL_CENNIKA>9.0300</PO_RABACIE_WAL_CENNIKA><PO_RABACIE_PLN>9.0300</PO_RABACIE_PLN><PO_RABACIE_WAL_DOKUMENTU>9.0300</PO_RABACIE_WAL_DOKUMENTU></CENY><WALUTA><SYMBOL>PLN</SYMBOL><KURS_L>1.00</KURS_L><KURS_M>1</KURS_M></WALUTA><RABAT>5.00</RABAT><WARTOSC_NETTO>14.68</WARTOSC_NETTO><WARTOSC_BRUTTO>18.06</WARTOSC_BRUTTO><WARTOSC_NETTO_WAL>14.68</WARTOSC_NETTO_WAL><WARTOSC_BRUTTO_WAL>18.06</WARTOSC_BRUTTO_WAL><ILOSC>2.0000</ILOSC><JM>szt</JM><JM_CALKOWITE>0.00</JM_CALKOWITE><JM_ZLOZONA><JMZ>szt</JMZ><JM_PRZELICZNIK_L>1.00</JM_PRZELICZNIK_L><JM_PRZELICZNIK_M>1</JM_PRZELICZNIK_M></JM_ZLOZONA></POZYCJA><POZYCJA><LP>24</LP><TOWAR><KOD>251336</KOD><NAZWA>LJ13L701API RYŻYK</NAZWA><OPIS/><EAN/><SWW/><NUMER_KATALOGOWY/><MPP>0</MPP></TOWAR><STAWKA_VAT><STAWKA>23.00</STAWKA><FLAGA>2</FLAGA><ZRODLOWA>0.00</ZRODLOWA></STAWKA_VAT><CENY><CENAZCZTEREMAMIEJSCAMI>0</CENAZCZTEREMAMIEJSCAMI><POCZATKOWA_WAL_CENNIKA>2.7000</POCZATKOWA_WAL_CENNIKA><POCZATKOWA_WAL_DOKUMENTU>2.7000</POCZATKOWA_WAL_DOKUMENTU><PO_RABACIE_WAL_CENNIKA>2.5700</PO_RABACIE_WAL_CENNIKA><PO_RABACIE_PLN>2.5700</PO_RABACIE_PLN><PO_RABACIE_WAL_DOKUMENTU>2.5700</PO_RABACIE_WAL_DOKUMENTU></CENY><WALUTA><SYMBOL>PLN</SYMBOL><KURS_L>1.00</KURS_L><KURS_M>1</KURS_M></WALUTA><RABAT>5.00</RABAT><WARTOSC_NETTO>25.07</WARTOSC_NETTO><WARTOSC_BRUTTO>30.84</WARTOSC_BRUTTO><WARTOSC_NETTO_WAL>25.07</WARTOSC_NETTO_WAL><WARTOSC_BRUTTO_WAL>30.84</WARTOSC_BRUTTO_WAL><ILOSC>12.0000</ILOSC><JM>szt.</JM><JM_CALKOWITE>0.00</JM_CALKOWITE><JM_ZLOZONA><JMZ>szt.</JMZ><JM_PRZELICZNIK_L>1.00</JM_PRZELICZNIK_L><JM_PRZELICZNIK_M>1</JM_PRZELICZNIK_M></JM_ZLOZONA></POZYCJA><POZYCJA><LP>25</LP><TOWAR><KOD>237218</KOD><NAZWA>KWIATY SZTUCZNE</NAZWA><OPIS/><EAN>237218</EAN><SWW/><NUMER_KATALOGOWY/><MPP>0</MPP></TOWAR><STAWKA_VAT><STAWKA>23.00</STAWKA><FLAGA>2</FLAGA><ZRODLOWA>0.00</ZRODLOWA></STAWKA_VAT><CENY><CENAZCZTEREMAMIEJSCAMI>0</CENAZCZTEREMAMIEJSCAMI><POCZATKOWA_WAL_CENNIKA>9.8000</POCZATKOWA_WAL_CENNIKA><POCZATKOWA_WAL_DOKUMENTU>9.8000</POCZATKOWA_WAL_DOKUMENTU><PO_RABACIE_WAL_CENNIKA>9.3100</PO_RABACIE_WAL_CENNIKA><PO_RABACIE_PLN>9.3100</PO_RABACIE_PLN><PO_RABACIE_WAL_DOKUMENTU>9.3100</PO_RABACIE_WAL_DOKUMENTU></CENY><WALUTA><SYMBOL>PLN</SYMBOL><KURS_L>1.00</KURS_L><KURS_M>1</KURS_M></WALUTA><RABAT>5.00</RABAT><WARTOSC_NETTO>7.57</WARTOSC_NETTO><WARTOSC_BRUTTO>9.31</WARTOSC_BRUTTO><WARTOSC_NETTO_WAL>7.57</WARTOSC_NETTO_WAL><WARTOSC_BRUTTO_WAL>9.31</WARTOSC_BRUTTO_WAL><ILOSC>1.0000</ILOSC><JM>szt</JM><JM_CALKOWITE>0.00</JM_CALKOWITE><JM_ZLOZONA><JMZ>szt</JMZ><JM_PRZELICZNIK_L>1.00</JM_PRZELICZNIK_L><JM_PRZELICZNIK_M>1</JM_PRZELICZNIK_M></JM_ZLOZONA></POZYCJA></POZYCJE><KAUCJE/><PLATNOSCI><PLATNOSC><FORMA>Karta</FORMA><TERMIN>2023-01-04</TERMIN><KWOTA>1932.98</KWOTA><KWOTA_W_WAL_SYSTEMOWEJ>1932.98</KWOTA_W_WAL_SYSTEMOWEJ><WALUTA><SYMBOL/><KURS_L>1.00</KURS_L><KURS_M>1</KURS_M></WALUTA></PLATNOSC></PLATNOSCI><PLATNOSCI_KAUCJE/><TABELKA_VAT><LINIA_VAT><STAWKA_VAT><STAWKA>23.00</STAWKA><FLAGA>2</FLAGA><ZRODLOWA>0.00</ZRODLOWA></STAWKA_VAT><NETTO>1571.53</NETTO><VAT>361.45</VAT><BRUTTO>1932.98</BRUTTO><NETTO_WAL>1571.53</NETTO_WAL><VAT_WAL>361.45</VAT_WAL><BRUTTO_WAL>1932.98</BRUTTO_WAL></LINIA_VAT></TABELKA_VAT><ATRYBUTY/></DOKUMENT></ROOT>
